Time (s),Main Avg Current (mA),Main Avg Power (mW),Main Avg Voltage (V)
0.0000,410.491,2049.1711,4.992
0.0200,410.979,2051.6072,4.992
0.0400,410.491,2049.1711,4.992
0.0600,410.369,2048.562,4.992
0.0800,410.247,2048.7734,4.994
0.1000,411.833,2055.8704,4.992
0.1200,408.905,2041.2538,4.992
0.1400,419.03,2091.7979,4.992
0.1600,409.637,2044.908,4.992
0.1800,412.687,2060.959,4.994
0.2000,409.027,2041.8629,4.992
0.2200,412.809,2062.3936,4.996
0.2400,535.53,2673.366,4.992
0.2600,533.456,2660.8784,4.988
0.2800,533.7,2665.2979,4.994
0.3000,533.578,2662.5542,4.99
0.3200,533.7,2666.3652,4.996
0.3400,430.497,2150.7629,4.996
0.3600,409.264,2043.8644,4.994
0.3800,410.24,2047.9181,4.992
0.4000,410.605,2050.5615,4.994
0.4200,409.874,2046.0911,4.992
0.4400,411.581,2054.6123,4.992
0.4600,409.752,2046.3015,4.994
0.4800,410.605,2049.7402,4.992
0.5000,408.898,2041.2189,4.992
0.5200,411.093,2052.1763,4.992
0.5400,409.874,2046.9106,4.994
0.5600,411.581,2055.4355,4.994
0.5800,410.483,2049.9521,4.994
0.6000,415.607,2073.8789,4.99
0.6200,409.63,2044.873,4.992
0.6400,413.167,2062.5298,4.992
0.6600,412.923,2061.3118,4.992
0.6800,414.509,2069.229,4.992
0.7000,409.874,2046.0911,4.992
0.7200,412.069,2057.8726,4.994
0.7400,408.654,2040.0007,4.992
0.7600,411.947,2055.6155,4.99
0.7800,409.874,2046.0911,4.992
0.8000,414.021,2067.6208,4.994
0.8200,408.654,2040.0007,4.992
0.8400,412.069,2057.8726,4.994
0.8600,409.378,2044.4337,4.994
0.8800,411.33,2053.3594,4.992
0.9000,409.622,2044.8331,4.992
0.9200,420.6,2101.3176,4.996
0.9400,409.134,2043.2152,4.994
0.9600,410.11,2048.0894,4.994
0.9800,410.354,2049.3079,4.994
1.0000,411.208,2053.5728,4.994
1.0200,411.33,2052.5366,4.99
1.0400,409.744,2045.442,4.992
1.0600,410.842,2051.7449,4.994
1.0800,409.622,2045.6523,4.994
1.1000,412.557,2060.3096,4.994
1.1200,408.776,2040.6099,4.992
1.1400,413.899,2066.1838,4.992
1.1600,410.361,2049.3428,4.994
1.1800,414.631,2069.8381,4.992
1.2000,409.874,2046.0911,4.992
1.2200,412.191,2057.6575,4.992
1.2400,411.337,2053.3943,4.992
1.2600,413.167,2063.356,4.994
1.2800,409.752,2046.3015,4.994
1.3000,413.289,2065.6184,4.998
1.3200,408.898,2042.0366,4.994
1.3400,413.289,2063.9653,4.994
1.3600,409.134,2042.397,4.992
1.3800,412.671,2060.8789,4.994
1.4000,408.89,2041.9967,4.994
1.4200,411.818,2056.6191,4.994
1.4400,409.134,2040.7604,4.988
1.4600,412.062,2057.0137,4.992
1.4800,408.158,2036.7083,4.99
1.5000,410.11,2048.0894,4.994
1.5200,409.012,2041.788,4.992
1.5400,411.086,2052.9634,4.994
1.5600,408.402,2038.7429,4.992
1.5800,546,2721.2642,4.984
1.6000,455.366,2275.0085,4.996
1.6200,410.232,2048.6985,4.994
1.6400,413.525,2065.1438,4.994
1.6600,410.232,2047.8782,4.992
1.6800,413.159,2063.3159,4.994
1.7000,411.33,2053.3594,4.992
1.7200,411.94,2056.4045,4.992
1.7400,409.5,2045.043,4.994
1.7600,411.818,2056.6191,4.994
1.7800,409.866,2045.2312,4.99
1.8000,412.671,2060.0537,4.992
1.8200,408.524,2040.1688,4.994
1.8400,412.062,2058.6616,4.996
1.8600,411.078,2051.2791,4.99
1.8800,410.468,2049.0562,4.992
1.9000,412.42,2059.6255,4.994
1.9200,413.639,2064.886,4.992
1.9400,411.444,2053.1055,4.99
1.9600,410.224,2047.0177,4.99
1.9800,411.932,2058.0122,4.996
2.0000,411.322,2053.3193,4.992
2.0200,412.42,2058.8008,4.992
2.0400,410.224,2047.8383,4.992
2.0600,412.054,2056.9736,4.992
2.0800,413.395,2063.6677,4.992
2.1000,411.932,2057.1885,4.994
2.1200,409.37,2044.3938,4.994
2.1400,412.664,2060.844,4.994
2.1600,409.37,2043.5751,4.992
2.1800,412.054,2057.7976,4.994
2.2000,409.248,2042.9659,4.992
2.2200,414.615,2070.5872,4.994
2.2400,408.638,2039.9209,4.992
2.2600,568.678,2836.5657,4.988
2.2800,410.346,2050.0886,4.996
2.3000,411.322,2054.1421,4.994
2.3200,427.057,2131.8687,4.992
2.3400,427.057,2131.8687,4.992
2.3600,410.086,2046.329,4.99
2.3800,413.258,2064.637,4.996
2.4000,409.721,2046.1467,4.994
2.4200,413.258,2063.8103,4.994
2.4400,410.696,2050.1946,4.992
2.4600,412.77,2062.1987,4.996
2.4800,409.964,2047.3601,4.994
2.5000,413.868,2066.8569,4.994
2.5200,410.452,2048.9763,4.992
2.5400,413.258,2064.637,4.996
2.5600,410.574,2050.4065,4.994
2.5800,412.648,2061.5894,4.996
2.6000,410.696,2049.373,4.99
2.6200,412.404,2059.5454,4.994
2.6400,409.355,2044.3188,4.994
2.6600,427.285,2133.0068,4.992
2.6800,424.114,2117.1772,4.992
2.7000,435.946,2177.1143,4.994
2.7200,420.211,2099.374,4.996
2.7400,420.576,2100.3564,4.994
2.7600,413.502,2065.0291,4.994
2.7800,409.233,2042.0726,4.99
2.8000,413.502,2065.0291,4.994
2.8200,409.599,2045.5374,4.994
2.8400,422.162,2107.4326,4.992
2.8600,411.42,2054.6316,4.994
2.8800,411.054,2051.9814,4.992
2.9000,415.933,2076.3376,4.992
2.9200,422.764,2111.2834,4.994
2.9400,412.152,2057.4629,4.992
2.9600,411.298,2054.0222,4.994
2.9800,415.568,2074.5154,4.992
3.0000,410.567,2050.3716,4.994
3.0200,412.274,2059.7207,4.996
3.0400,410.323,2048.3325,4.992
3.0600,412.518,2060.9399,4.996
3.0800,409.835,2045.0765,4.99
3.1000,413.982,2067.426,4.994
3.1200,409.591,2045.4974,4.994
3.1400,413.616,2064.771,4.992
3.1600,410.567,2049.5505,4.992
3.1800,412.03,2057.6777,4.994
3.2000,411.42,2052.9858,4.99
3.2200,413.006,2061.7261,4.992
3.2400,409.469,2042.4313,4.988
3.2600,412.762,2060.5078,4.992
3.2800,409.835,2045.0765,4.99
3.3000,411.908,2056.2446,4.992
3.3200,409.591,2043.859,4.99
3.3400,412.274,2058.0718,4.992
3.3600,413.242,2062.9041,4.992
3.3800,411.901,2056.21,4.992
3.4000,409.095,2043.0204,4.994
3.4200,410.071,2047.0746,4.992
3.4400,410.071,2047.0746,4.992
3.4600,411.413,2054.5964,4.994
3.4800,410.071,2046.2543,4.99
3.5000,410.925,2052.1594,4.994
3.5200,410.437,2048.0806,4.99
3.5400,413.73,2065.3403,4.992
3.5600,410.193,2049.3242,4.996
3.5800,411.169,2051.7332,4.99
3.6000,410.803,2050.7288,4.992
3.6200,411.908,2056.2446,4.992
3.6400,413.738,2066.2075,4.994
3.6600,409.835,2045.8964,4.992
3.6800,413.006,2061.7261,4.992
3.7000,410.567,2048.7292,4.99
3.7200,414.226,2067.8164,4.992
3.7400,411.542,2053.5945,4.99
3.7600,413.616,2064.771,4.992
3.7800,411.42,2053.8088,4.992
3.8000,414.104,2067.2073,4.992
3.8200,408.737,2041.2325,4.994
3.8400,413.494,2065.8159,4.996
3.8600,410.071,2046.2543,4.99
3.8800,414.218,2069.4331,4.996
3.9000,408.851,2040.9843,4.992
3.9200,412.266,2058.032,4.992
3.9400,409.583,2043.8191,4.99
3.9600,412.388,2057.8159,4.99
3.9800,409.705,2046.0667,4.994
4.0000,411.413,2055.4192,4.996
4.0200,409.583,2043,4.988
4.0400,412.144,2057.4229,4.992
4.0600,409.705,2046.886,4.996
4.0800,411.657,2054.9919,4.992
4.1000,410.925,2051.3376,4.992
4.1200,411.535,2055.2058,4.994
4.1400,411.535,2054.3828,4.992
4.1600,411.047,2052.7688,4.994
4.1800,412.388,2057.8159,4.99
4.2000,409.705,2046.0667,4.994
4.2200,412.388,2058.6409,4.992
4.2400,410.559,2049.5105,4.992
4.2600,496.305,2475.5693,4.988
4.2800,534.239,2665.8525,4.99
4.3000,534.971,2671.6453,4.994
4.3200,533.385,2661.5911,4.99
4.3400,533.995,2666.771,4.994
4.3600,534.097,2667.2803,4.994
4.3800,411.275,2054.7297,4.996
4.4000,410.909,2052.9014,4.996
4.4200,411.031,2052.6887,4.994
4.4400,411.031,2052.6887,4.994
4.4600,411.031,2052.6887,4.994
4.4800,411.641,2054.9119,4.992
4.5000,411.519,2054.303,4.992
4.5200,410.421,2048.8215,4.992
4.5400,411.031,2051.0447,4.99
4.5600,411.275,2053.9072,4.994
4.5800,411.641,2054.0884,4.99
4.6000,411.519,2055.949,4.996
4.6200,412.609,2059.7441,4.992
4.6400,427.611,2135.4893,4.994
4.6600,409.682,2045.1326,4.992
4.6800,413.585,2066.2705,4.996
4.7000,410.901,2051.2178,4.992
4.7200,412.975,2062.3972,4.994
4.7400,410.048,2047.7797,4.994
4.7600,413.951,2067.2712,4.994
4.7800,409.56,2044.5236,4.992
4.8000,413.097,2063.0063,4.994
4.8200,409.926,2045.5306,4.99
4.8400,413.829,2066.6621,4.994
4.8600,410.665,2050.8611,4.994
4.8800,412.251,2058.7815,4.994
4.9000,409.811,2045.7766,4.992
4.9200,412.983,2062.437,4.994
4.9400,409.69,2044.353,4.99
4.9600,411.275,2053.9072,4.994
4.9800,409.446,2043.9546,4.992
5.0000,412.251,2057.957,4.992
5.0200,419.935,2096.3154,4.992
5.0400,412.617,2060.6094,4.994
5.0600,416.642,2079.877,4.992
5.0800,411.519,2055.949,4.996
5.1000,409.933,2046.3856,4.992
5.1200,412.259,2058.8215,4.994
5.1400,412.381,2059.4307,4.994
5.1600,410.917,2050.4756,4.99
5.1800,411.283,2053.9473,4.994
5.2000,417.503,2084.175,4.992
5.2200,413.234,2063.6907,4.994
5.2400,411.771,2055.5608,4.992
5.2600,412.259,2059.646,4.996
5.2800,410.307,2047.4319,4.99
5.3000,412.625,2061.4744,4.996
5.3200,409.941,2046.4255,4.992
5.3400,412.747,2061.2585,4.994
5.3600,409.697,2044.3879,4.99
5.3800,413.356,2064.2998,4.994
5.4000,409.697,2044.3879,4.99
5.4200,414.21,2069.3931,4.996
5.4400,410.185,2046.823,4.99
5.4600,427.261,2132.887,4.992
5.4800,410.063,2047.0344,4.992
5.5000,413.6,2064.6912,4.992
5.5200,409.819,2046.6361,4.994
5.5400,419.821,2096.5862,4.994
5.5600,410.551,2049.4707,4.992
5.5800,413.234,2063.6907,4.994
5.6000,409.331,2042.5615,4.99
5.6200,412.381,2060.2554,4.996
5.6400,409.087,2042.1624,4.992
5.6600,412.381,2059.4307,4.994
5.6800,409.941,2045.6056,4.99
5.7000,412.868,2061.8628,4.994
5.7200,409.331,2042.5615,4.99
5.7400,412.381,2059.4307,4.994
5.7600,408.721,2041.1527,4.994
5.7800,411.405,2053.7339,4.992
5.8000,409.819,2046.6361,4.994
5.8200,412.503,2060.04,4.994
5.8400,413.722,2066.1277,4.994
5.8600,411.649,2055.7749,4.994
5.8800,412.137,2058.2122,4.994
5.9000,410.551,2050.2917,4.994
5.9200,412.868,2060.2112,4.99
5.9400,410.551,2049.4707,4.992
5.9600,412.503,2059.2151,4.992
5.9800,411.039,2053.5508,4.996
6.0000,412.625,2060.6492,4.994
6.0200,411.649,2054.9519,4.992
6.0400,412.99,2060.8201,4.99
6.0600,414.82,2070.7815,4.992
6.0800,425.797,2125.5786,4.992
6.1000,410.551,2049.4707,4.992
6.1200,413.234,2062.8643,4.992
6.1400,409.209,2044.4082,4.996
6.1600,413.356,2063.4731,4.992
6.1800,409.331,2043.3804,4.992
6.2000,413.844,2066.7368,4.994
6.2200,409.209,2041.1345,4.988
6.2400,413.356,2064.2998,4.994
6.2600,410.429,2048.0405,4.99
6.2800,534.107,2661.9893,4.984
6.3000,535.083,2670.064,4.99
6.3200,533.497,2664.2839,4.994
6.3400,534.961,2671.5952,4.994
6.3600,533.497,2665.3511,4.996
6.3800,455.192,2275.0496,4.998
6.4000,410.429,2048.8616,4.992
6.4200,413.722,2066.1277,4.994
6.4400,410.795,2050.6887,4.992
6.4600,413.6,2065.5183,4.994
6.4800,410.673,2050.9009,4.994
6.5000,413.722,2066.1277,4.994
6.5200,410.551,2049.4707,4.992
6.5400,413.478,2064.0823,4.992
6.5600,410.185,2046.823,4.99
6.5800,416.04,2076.8718,4.992
6.6000,410.429,2048.8616,4.992
6.6200,413.6,2064.6912,4.992
6.6400,410.551,2050.2917,4.994
6.6600,413.844,2066.7368,4.994
6.6800,409.697,2045.2074,4.992
6.7000,413.6,2065.5183,4.994
6.7200,410.185,2047.6436,4.992
6.7400,412.259,2058.8215,4.994
6.7600,409.575,2043.7792,4.99
6.7800,413.478,2064.9092,4.994
6.8000,409.941,2045.6056,4.99
6.8200,413.722,2066.1277,4.994
6.8400,409.697,2044.3879,4.99
6.8600,412.495,2059.175,4.992
6.8800,410.055,2047.8146,4.994
6.9000,411.641,2055.7351,4.994
6.9200,426.521,2129.1929,4.992
6.9400,411.153,2053.2981,4.994
6.9600,409.811,2045.7766,4.992
6.9800,412.129,2058.1721,4.994
7.0000,409.69,2045.9918,4.994
7.0200,411.763,2056.3445,4.994
7.0400,411.397,2053.6938,4.992
7.0600,411.031,2051.8669,4.992
7.0800,409.69,2045.1725,4.992
7.1000,412.983,2062.437,4.994
7.1200,414.08,2068.7437,4.996
7.1400,411.885,2056.9536,4.994
7.1600,414.08,2067.9155,4.994
7.1800,409.811,2046.5962,4.994
7.2000,417.252,2082.9221,4.992
7.2200,410.909,2049.614,4.988
7.2400,413.714,2066.915,4.996
7.2600,410.177,2046.7832,4.99
7.2800,413.592,2064.6514,4.992
7.3000,411.641,2055.7351,4.994
7.3200,413.227,2063.6555,4.994
7.3400,410.421,2048.0007,4.99
7.3600,412.868,2061.8628,4.994
7.3800,410.185,2048.4639,4.994
7.4000,413.234,2062.8643,4.992
7.4200,409.453,2043.1704,4.99
7.4400,412.625,2061.4744,4.996
7.4600,409.453,2042.3516,4.988
7.4800,412.503,2060.8647,4.996
7.5000,426.529,2127.5266,4.988
7.5200,412.868,2061.8628,4.994
7.5400,409.331,2042.5615,4.99
7.5600,413.234,2063.6907,4.994
7.5800,410.551,2049.4707,4.992
7.6000,412.747,2060.4331,4.992
7.6200,410.673,2050.0796,4.992
7.6400,411.649,2054.9519,4.992
7.6600,409.697,2046.0267,4.994
7.6800,411.405,2053.7339,4.992
7.7000,410.185,2047.6436,4.992
7.7200,418.723,2091.1025,4.994
7.7400,410.429,2049.6824,4.994
7.7600,417.991,2086.6111,4.992
7.7800,410.673,2050.9009,4.994
7.8000,412.015,2056.7791,4.992
7.8200,410.917,2052.1194,4.994
7.8400,416.772,2080.5259,4.992
7.8600,412.381,2060.2554,4.996
7.8800,409.941,2046.4255,4.992
7.9000,413.234,2062.8643,4.992
7.9200,412.259,2057.9971,4.992
7.9400,414.21,2068.5647,4.994
7.9600,410.795,2050.6887,4.992
7.9800,420.675,2100.8508,4.994
8.0000,410.185,2048.4639,4.994
8.0200,413.478,2064.9092,4.994
8.0400,411.039,2052.7288,4.994
8.0600,413.234,2063.6907,4.994
8.0800,410.307,2047.4319,4.99
8.1000,413.6,2065.5183,4.994
8.1200,409.331,2042.5615,4.99
8.1400,417.503,2085.01,4.994
8.1600,410.551,2049.4707,4.992
8.1800,413.356,2064.2998,4.994
8.2000,411.161,2052.5159,4.992
8.2200,412.868,2061.0371,4.992
8.2400,414.942,2070.5603,4.99
8.2600,412.747,2061.2585,4.994
8.2800,410.551,2049.4707,4.992
8.3000,535.814,2673.7119,4.99
8.3200,535.083,2670.064,4.99
8.3400,533.497,2660.0161,4.986
8.3600,534.463,2666.9702,4.99
8.3800,543,2710.656,4.992
8.4000,411.519,2056.772,4.998
8.4200,411.031,2052.6887,4.994
8.4400,411.397,2052.8708,4.99
8.4600,411.275,2053.0847,4.992
8.4800,429.814,2146.491,4.994
8.5000,547.879,2732.8206,4.988
8.5200,414.08,2069.5718,4.998
8.5400,410.665,2050.0398,4.992
8.5600,413.349,2064.2649,4.994
8.5800,411.397,2053.6938,4.992
8.6000,413.105,2062.2202,4.992
8.6200,412.503,2058.3899,4.99
8.6400,410.307,2049.0732,4.994
8.6600,412.868,2061.8628,4.994
8.6800,411.527,2054.3428,4.992
8.7000,413.722,2066.9551,4.996
8.7200,412.137,2056.5635,4.99
8.7400,413.112,2063.9075,4.996
8.7600,414.454,2068.1255,4.99
8.7800,414.454,2069.7832,4.994
8.8000,411.649,2054.9519,4.992
8.8200,413.234,2062.8643,4.992
8.8400,410.673,2050.0796,4.992
8.8600,415.308,2074.0481,4.994
8.8800,411.405,2052.9109,4.99
8.9000,413.234,2062.8643,4.992
8.9200,410.063,2046.2142,4.99
8.9400,413.722,2065.3003,4.992
8.9600,410.307,2048.2527,4.992
8.9800,412.625,2060.6492,4.994
9.0000,410.795,2049.8669,4.99
9.0200,413.112,2063.0813,4.994
9.0400,409.819,2046.6361,4.994
9.0600,412.503,2059.2151,4.992
9.0800,409.331,2044.199,4.994
9.1000,412.99,2062.4719,4.994
9.1200,411.893,2056.9937,4.994
9.1400,412.015,2055.9548,4.99
9.1600,410.063,2047.0344,4.992
9.1800,412.015,2055.9548,4.99
9.2000,411.039,2053.5508,4.996
9.2200,412.503,2059.2151,4.992
9.2400,412.015,2058.427,4.996
9.2600,411.771,2055.5608,4.992
9.2800,412.868,2062.6885,4.996
9.3000,414.942,2070.5603,4.99
9.3200,411.771,2056.3843,4.994
9.3400,411.405,2053.7339,4.992
9.3600,415.308,2073.2175,4.992
9.3800,410.551,2049.4707,4.992
9.4000,413.966,2067.3462,4.994
9.4200,414.454,2068.9543,4.992
9.4400,414.698,2071.0017,4.994
9.4600,409.819,2045.8165,4.992
9.4800,415.918,2077.0945,4.994
9.5000,412.015,2056.7791,4.992
9.5200,413.478,2064.9092,4.994
9.5400,414.698,2070.1724,4.992
9.5600,413.356,2064.2998,4.994
9.5800,410.551,2050.2917,4.994
9.6000,417.137,2083.1821,4.994
9.6200,409.697,2046.0267,4.994
9.6400,412.868,2061.0371,4.992
9.6600,409.697,2045.2074,4.992
9.6800,425.919,2126.1877,4.992
9.7000,419.577,2094.5283,4.992
9.7200,418.845,2091.7119,4.994
9.7400,420.553,2099.4006,4.992
9.7600,417.015,2081.739,4.992
9.7800,412.503,2060.04,4.994
9.8000,411.405,2053.7339,4.992
9.8200,412.99,2062.4719,4.994
9.8400,409.941,2047.2454,4.994
9.8600,411.527,2055.1658,4.994
9.8800,428.237,2137.759,4.992
9.9000,428.237,2137.759,4.992
9.9200,413.478,2064.9092,4.994
9.9400,411.283,2053.1248,4.992
9.9600,414.21,2067.7363,4.992
9.9800,411.649,2054.9519,4.992
10.0000,412.503,2060.04,4.994
10.0200,410.795,2051.5103,4.994
10.0400,412.868,2061.0371,4.992
10.0600,411.527,2053.5198,4.99
10.0800,413.478,2066.563,4.998
10.1000,411.039,2051.9067,4.992
10.1200,412.868,2062.6885,4.996
10.1400,410.795,2049.8669,4.99
10.1600,414.088,2067.1274,4.992
10.1800,410.551,2049.4707,4.992
10.2000,412.99,2063.2979,4.996
10.2200,410.307,2047.4319,4.99
10.2400,412.259,2059.646,4.996
10.2600,410.307,2047.4319,4.99
10.2800,419.943,2097.1953,4.994
10.3000,543.986,2711.2266,4.984
10.3200,419.943,2096.3555,4.992
10.3400,420.675,2100.8508,4.994
10.3600,413.844,2066.7368,4.994
10.3800,410.795,2050.6887,4.992
10.4000,412.747,2062.084,4.996
10.4200,415.308,2071.5564,4.988
10.4400,419.699,2095.9768,4.994
10.4600,409.941,2045.6056,4.99
10.4800,414.332,2070.0027,4.996
10.5000,410.917,2052.1194,4.994
10.5200,426.285,2129.7197,4.996
10.5400,410.185,2047.6436,4.992
10.5600,413.6,2064.6912,4.992
10.5800,410.429,2049.6824,4.994
10.6000,413.844,2066.7368,4.994
10.6200,409.339,2043.4203,4.992
10.6400,412.144,2059.0713,4.996
10.6600,410.315,2048.2925,4.992
10.6800,412.876,2061.9028,4.994
10.7000,409.339,2044.2389,4.994
10.7200,412.632,2059.8589,4.992
10.7400,409.705,2046.886,4.996
10.7600,411.657,2055.8152,4.994
10.7800,409.217,2042.8114,4.992
10.8000,412.266,2059.6809,4.996
10.8200,409.461,2044.0293,4.992
10.8400,412.876,2062.7285,4.996
10.8600,411.413,2054.5964,4.994
10.8800,411.657,2054.1685,4.99
10.9000,410.559,2050.3315,4.994
10.9200,411.901,2055.386,4.99
10.9400,415.926,2077.1345,4.994
10.9600,411.047,2052.7688,4.994
10.9800,411.413,2053.7737,4.992
11.0000,411.291,2052.342,4.99
11.0200,411.657,2056.6384,4.996
11.0400,412.022,2055.9897,4.99
11.0600,411.901,2056.21,4.992
11.0800,414.462,2070.6521,4.996
11.1000,413.12,2063.1213,4.994
11.1200,410.437,2050.5432,4.996
11.1400,412.754,2061.2935,4.994
11.1600,409.949,2047.2853,4.994
11.1800,413.12,2062.2952,4.992
11.2000,410.071,2047.0746,4.992
11.2200,413.242,2062.9041,4.992
11.2400,410.681,2050.1196,4.992
11.2600,413.486,2064.1221,4.992
11.2800,422.634,2109.7891,4.992
11.3000,416.048,2077.7437,4.994
11.3200,410.315,2047.4718,4.99
11.3400,413.364,2064.3398,4.994
11.3600,410.559,2048.6892,4.99
11.3800,411.779,2054.7771,4.99
11.4000,409.339,2043.4203,4.992
11.4200,412.388,2059.4656,4.994
11.4400,409.827,2045.0366,4.99
11.4600,415.682,2075.916,4.994
11.4800,409.705,2044.4277,4.99
11.5000,412.144,2058.2471,4.994
11.5200,409.461,2044.8483,4.994
11.5400,411.535,2056.0288,4.996
11.5600,408.851,2040.9843,4.992
11.5800,412.51,2059.25,4.992
11.6000,408.729,2040.3752,4.992
11.6200,411.291,2053.1646,4.992
11.6400,411.779,2055.6008,4.992
11.6600,411.657,2055.8152,4.994
11.6800,411.535,2053.5596,4.99
11.7000,411.779,2055.6008,4.992
11.7200,411.047,2051.1245,4.99
11.7400,411.779,2055.6008,4.992
11.7600,413.12,2061.4688,4.99
11.7800,411.291,2053.1646,4.992
11.8000,410.681,2051.7622,4.996
11.8200,411.291,2052.342,4.99
11.8400,411.535,2054.3828,4.992
11.8600,410.559,2049.5105,4.992
11.8800,412.876,2062.7285,4.996
11.9000,410.559,2049.5105,4.992
11.9200,413.608,2065.5583,4.994
11.9400,409.583,2044.6384,4.992
11.9600,413.486,2065.7759,4.996
11.9800,411.779,2057.2478,4.996
12.0000,413.242,2063.7305,4.994
12.0200,410.315,2048.2925,4.992
12.0400,413.73,2064.5127,4.99
12.0600,410.925,2052.1594,4.994
12.0800,413.242,2063.7305,4.994
12.1000,410.071,2047.0746,4.992
12.1200,412.137,2058.2122,4.994
12.1400,410.063,2046.2142,4.99
12.1600,414.088,2067.9556,4.994
12.1800,409.941,2045.6056,4.99
12.2000,413.844,2067.5645,4.996
12.2200,409.453,2043.9894,4.992
12.2400,413.112,2062.2551,4.992
12.2600,410.795,2050.6887,4.992
12.2800,412.625,2060.6492,4.994
12.3000,409.941,2046.4255,4.992
12.3200,533.985,2663.5171,4.988
12.3400,536.302,2677.2197,4.992
12.3600,437.628,2186.3894,4.996
12.3800,413.356,2065.1265,4.996
12.4000,410.673,2050.0796,4.992
12.4200,413.478,2065.7361,4.996
12.4400,409.697,2045.2074,4.992
12.4600,414.698,2070.1724,4.992
12.4800,409.819,2045.8165,4.992
12.5000,425.797,2124.7268,4.99
12.5200,424.456,2118.0354,4.99
12.5400,414.088,2067.9556,4.994
12.5600,410.307,2048.2527,4.992
12.5800,413.6,2065.5183,4.994
12.6000,426.773,2130.4509,4.992
12.6200,412.022,2056.814,4.992
12.6400,409.339,2044.2389,4.994
12.6600,411.047,2051.9465,4.992
12.6800,410.071,2047.0746,4.992
12.7000,412.388,2059.4656,4.994
12.7200,409.339,2042.6014,4.99
12.7400,426.049,2126.8367,4.992
12.7600,410.315,2048.2925,4.992
12.7800,411.047,2052.7688,4.994
12.8000,409.705,2045.2473,4.992
12.8200,424.342,2118.3154,4.992
12.8400,409.583,2044.6384,4.992
12.8600,410.925,2052.9812,4.996
12.8800,411.047,2051.9465,4.992
12.9000,421.78,2106.3694,4.994
12.9200,411.535,2055.2058,4.994
12.9400,411.657,2054.9919,4.992
12.9600,412.388,2059.4656,4.994
12.9800,411.291,2053.1646,4.992
13.0000,414.95,2072.2603,4.994
13.0200,411.779,2056.4243,4.994
13.0400,415.438,2074.6973,4.994
13.0600,410.925,2052.1594,4.994
13.0800,413.486,2065.7759,4.996
13.1000,410.559,2050.3315,4.994
13.1200,421.17,2102.4807,4.992
13.1400,410.315,2047.4718,4.99
13.1600,414.462,2068.1653,4.99
13.1800,410.315,2048.2925,4.992
13.2000,413.242,2063.7305,4.994
13.2200,410.437,2048.0806,4.99
13.2400,415.682,2075.0847,4.992
13.2600,410.681,2049.2981,4.99
13.2800,414.096,2067.9954,4.994
13.3000,409.827,2045.8564,4.992
13.3200,413.608,2064.7312,4.992
13.3400,409.705,2044.4277,4.99
13.3600,440.198,2197.4685,4.992
13.3800,739.397,3679.2393,4.976
13.4000,542.655,2710.0193,4.994
13.4200,426.659,2134.1482,5.002
13.4400,409.949,2047.2853,4.994
13.4600,412.022,2058.4619,4.996
13.4800,409.461,2043.2103,4.99
13.5000,413.364,2064.3398,4.994
13.5200,409.949,2045.6454,4.99
13.5400,415.56,2074.4756,4.992
13.5600,409.339,2044.2389,4.994
13.5800,412.998,2062.512,4.994
13.6000,410.559,2049.5105,4.992
13.6200,411.771,2056.3843,4.994
13.6400,416.406,2079.5315,4.994
13.6600,411.039,2051.9067,4.992
13.6800,412.381,2058.606,4.992
13.7000,410.673,2050.0796,4.992
13.7200,411.527,2054.3428,4.992
13.7400,411.283,2053.1248,4.992
13.7600,411.405,2053.7339,4.992
13.7800,410.917,2050.4756,4.99
13.8000,412.015,2056.7791,4.992
13.8200,411.649,2055.7749,4.994
13.8400,410.795,2052.3318,4.996
13.8600,411.405,2052.9109,4.99
13.8800,413.722,2065.3003,4.992
13.9000,425.797,2124.7268,4.99
13.9200,413.844,2066.7368,4.994
13.9400,409.575,2045.4176,4.994
13.9600,414.454,2068.9543,4.992
13.9800,410.551,2049.4707,4.992
14.0000,413.6,2066.3455,4.996
14.0200,411.771,2054.7371,4.99
14.0400,414.088,2067.1274,4.992
14.0600,410.429,2048.0405,4.99
14.0800,413.234,2062.8643,4.992
14.1000,410.307,2047.4319,4.99
14.1200,412.625,2059.824,4.992
14.1400,409.453,2043.1704,4.99
14.1600,416.04,2077.7039,4.994
14.1800,410.307,2049.0732,4.994
14.2000,412.747,2058.782,4.988
14.2200,410.429,2049.6824,4.994
14.2400,411.527,2054.3428,4.992
14.2600,423.602,2113.7739,4.99
14.2800,432.14,2157.2429,4.992
14.3000,646.929,3225.5881,4.986
14.3200,729.625,3639.3694,4.988
14.3400,738.895,3688.564,4.992
14.3600,738.895,3687.0859,4.99
14.3800,722.307,3604.3118,4.99
14.4000,741.334,3702.2219,4.994
14.4200,717.184,3581.6169,4.994
14.4400,738.041,3682.8245,4.99
14.4600,728.527,3636.8066,4.992
14.4800,743.773,3714.4023,4.994
14.5000,731.577,3653.4956,4.994
14.5200,1018.45,5073.918,4.982
14.5400,1016.743,5073.5474,4.99
14.5600,1014.913,5060.3564,4.986
14.5800,1017.231,5078.0176,4.992
14.6000,1010.888,5046.353,4.992
14.6200,736.685,3689.3184,5.008
14.6400,735.222,3676.1099,5
14.6600,730.831,3649.77,4.994
14.6800,742.052,3704.3237,4.992
14.7000,734.49,3668.043,4.994
14.7200,730.831,3649.77,4.994
14.7400,723.757,3612.9951,4.992
14.7600,730.953,3650.3792,4.994
14.7800,743.394,3712.5095,4.994
14.8000,742.54,3709.7295,4.996
14.8200,736.563,3675.4492,4.99
14.8400,739.856,3694.8408,4.994
14.8600,726.196,3625.1704,4.992
14.8800,738.881,3689.9717,4.994
14.9000,737.905,3683.6221,4.992
14.9200,731.807,3656.1077,4.996
14.9400,730.587,3648.5513,4.994
14.9600,726.562,3626.9976,4.992
14.9800,732.66,3657.4387,4.992
15.0000,739.856,3693.3613,4.992
15.0200,735.344,3670.8374,4.992
15.0400,719.976,3595.5601,4.994
15.0600,731.197,3650.1355,4.992
15.0800,745.101,3721.0344,4.994
15.1000,739.491,3693.0181,4.994
15.1200,760.835,3799.6101,4.994
15.1400,732.051,3654.3987,4.992
15.1600,748.15,3731.7722,4.988
15.1800,1023.432,5104.8789,4.988
15.2000,1038.922,5182.1431,4.988
15.2200,1042.825,5207.8677,4.994
15.2400,1041.1169,5197.2559,4.992
15.2600,1015.87,5073.2549,4.994
15.2800,753.883,3770.9226,5.002
15.3000,744.857,3724.2849,5
15.3200,723.757,3615.8899,4.996
15.3400,736.929,3681.6973,4.996
15.3600,722.903,3608.7319,4.992
15.3800,737.919,3683.6917,4.992
15.4000,733.406,3659.6958,4.99
15.4200,728.161,3636.436,4.994
15.4400,756.458,3776.2385,4.992
15.4600,662.663,3310.6643,4.996
15.4800,731.942,3653.8547,4.992
15.5000,745.969,3722.385,4.99
15.5200,744.261,3715.3508,4.992
15.5400,739.017,3689.1731,4.992
15.5600,736.943,3678.8196,4.992
15.5800,751.458,3752.7812,4.994
15.6000,748.774,3736.3821,4.99
15.6200,753.395,3760.948,4.992
15.6400,746.687,3725.968,4.99
15.6600,744.613,3718.5972,4.994
15.6800,747.418,3729.6157,4.99
15.7000,744.003,3717.0388,4.996
15.7200,750.59,3746.9456,4.992
15.7400,745.833,3723.1985,4.992
15.7600,747.54,3730.2244,4.99
15.7800,745.223,3718.6626,4.99
15.8000,746.809,3729.5642,4.994
15.8200,737.905,3686.5735,4.996
15.8400,740.954,3700.3242,4.994
15.8600,726.44,3629.2942,4.996
15.8800,732.538,3656.8298,4.992
15.9000,722.903,3608.7319,4.992
15.9200,734.734,3667.7922,4.992
15.9400,748.638,3738.6982,4.994
15.9600,739.247,3690.321,4.992
15.9800,747.906,3735.0425,4.994
16.0000,732.416,3656.2209,4.992
16.0200,736.929,3678.7498,4.992
16.0400,733.88,3662.061,4.99
16.0600,745.833,3724.6899,4.994
16.0800,740.71,3697.6245,4.992
16.1000,738.149,3686.3159,4.994
16.1200,715.219,3573.2339,4.996
16.1400,738.271,3685.449,4.992
16.1600,717.78,3584.5935,4.994
16.1800,724.001,3612.7646,4.99
16.2000,714.609,3567.3281,4.992
16.2200,713.877,3563.6741,4.992
16.2400,713.267,3560.6292,4.992
16.2600,719.244,3591.9045,4.994
16.2800,713.024,3560.8418,4.994
16.3000,728.27,3634.0671,4.99
16.3200,719.854,3593.5112,4.992
16.3400,716.439,3579.3293,4.996
16.3600,714.365,3567.5388,4.994
16.3800,721.548,3603.4106,4.994
16.4000,737.891,3683.552,4.992
16.4200,750.331,3745.6523,4.992
16.4400,726.06,3625.9436,4.994
16.4600,734.842,3668.3313,4.992
16.4800,729.353,3640.9304,4.992
16.5000,732.037,3654.3286,4.992
16.5200,724.963,3620.4653,4.994
16.5400,728.378,3637.5198,4.994
16.5600,736.549,3676.8528,4.992
16.5800,727.036,3630.8179,4.994
16.6000,737.769,3679.9917,4.988
16.6200,737.281,3680.5068,4.992
16.6400,732.159,3656.4021,4.994
16.6600,736.915,3678.6797,4.992
16.6800,729.841,3643.3665,4.992
16.7000,728.5,3638.1289,4.994
16.7200,732.768,3659.4434,4.994
16.7400,738.867,3689.9019,4.994
16.7600,724.719,3619.2466,4.994
16.7800,724.597,3618.6372,4.994
16.8000,727.646,3632.4089,4.992
16.8200,751.429,3749.6306,4.99
16.8400,729.475,3642.998,4.994
16.8600,721.548,3601.9675,4.992
16.8800,715.571,3573.5615,4.994
16.9000,717.157,3580.0479,4.992
16.9200,720.694,3596.2627,4.99
16.9400,727.28,3630.582,4.992
16.9600,728.378,3640.4333,4.998
16.9800,718.255,3588.4019,4.996
17.0000,724.719,3617.7974,4.992
17.0200,732.403,3654.6909,4.99
17.0400,723.011,3609.271,4.992
17.0600,716.669,3580.4783,4.996
17.0800,727.89,3635.0828,4.994
17.1000,728.378,3636.063,4.992
17.1200,722.659,3607.5137,4.992
17.1400,712.78,3556.7722,4.99
17.1600,727.416,3631.2607,4.992
17.1800,736.563,3678.3955,4.994
17.2000,721.317,3603.6997,4.996
17.2200,710.462,3549.4678,4.996
17.2400,709.608,3542.363,4.992
17.2600,710.462,3548.0471,4.994
17.2800,744.369,3714.4011,4.99
17.3000,751.321,3749.0916,4.99
17.3200,696.192,3476.783,4.994
17.3400,695.826,3474.9551,4.994
17.3600,735.344,3669.3665,4.99
17.3800,735.344,3669.3665,4.99
17.4000,655.455,3273.3423,4.994
17.4200,725.83,3621.8916,4.99
17.4400,741.32,3700.6694,4.992
17.4600,729.489,3644.5269,4.996
17.4800,664.358,3319.1323,4.996
17.5000,730.221,3645.2634,4.992
17.5200,730.099,3644.6543,4.992
17.5400,723.635,3612.386,4.992
17.5600,725.586,3623.5764,4.994
17.5800,744.369,3718.8674,4.996
17.6000,440.181,2202.6658,5.004
17.6200,553.124,2761.1951,4.992
17.6400,540.073,2698.2046,4.996
17.6600,538.366,2688.5999,4.994
17.6800,539.951,2695.4353,4.992
17.7000,441.523,2207.615,5
17.7200,410.665,2050.0398,4.992
17.7400,410.665,2050.0398,4.992
17.7600,411.885,2057.7773,4.996
17.7800,411.031,2052.6887,4.994
17.8000,435.181,2171.553,4.99
17.8200,450.427,2247.6306,4.99
17.8400,410.909,2051.2578,4.992
17.8600,412.861,2061.8279,4.994
17.8800,410.551,2048.6494,4.99
17.9000,413.478,2064.9092,4.994
17.9200,409.209,2042.7715,4.992
17.9400,413.6,2064.6912,4.992
17.9600,409.941,2046.4255,4.992
17.9800,427.139,2131.4236,4.99
18.0000,409.941,2046.4255,4.992
18.0200,413.356,2063.4731,4.992
18.0400,409.941,2046.4255,4.992
18.0600,425.309,2123.1426,4.992
18.0800,410.185,2047.6436,4.992
18.1000,415.552,2074.4355,4.992
18.1200,409.811,2045.7766,4.992
18.1400,412.739,2061.2185,4.994
18.1600,409.568,2044.5635,4.992
18.1800,411.519,2055.126,4.994
18.2000,408.958,2043.1542,4.996
18.2200,412.007,2056.739,4.992
18.2400,410.421,2049.6423,4.994
18.2600,411.519,2054.303,4.992
18.2800,409.446,2043.9546,4.992
18.3000,411.519,2054.303,4.992
18.3200,416.032,2076.8318,4.992
18.3400,411.275,2054.7297,4.996
18.3600,535.194,2669.5474,4.988
18.3800,534.33,2666.3066,4.99
18.4000,534.574,2668.5933,4.992
18.4200,533.599,2662.6589,4.99
18.4400,535.672,2673.0032,4.99
18.4600,430.904,2152.7961,4.996
18.4800,412.243,2060.3906,4.998
18.5000,409.804,2046.561,4.994
18.5200,412.365,2059.3508,4.994
18.5400,410.536,2049.3958,4.992
18.5600,413.829,2065.8345,4.992
18.5800,410.414,2047.9658,4.99
18.6000,412.243,2057.9172,4.992
18.6200,414.438,2068.0454,4.99
18.6400,412.243,2057.0925,4.99
18.6600,410.17,2048.3889,4.994
18.6800,412.243,2057.9172,4.992
18.7000,409.56,2043.7043,4.99
18.7200,412.487,2059.1353,4.992
18.7400,410.901,2052.8613,4.996
18.7600,411.999,2056.699,4.992
18.7800,409.926,2045.5306,4.99
18.8000,413.341,2065.0515,4.996
18.8200,409.438,2042.2766,4.988
18.8400,417.609,2084.7041,4.992
18.8600,409.804,2046.561,4.994
18.8800,412.243,2057.9172,4.992
18.9000,412.121,2056.4836,4.99
18.9200,411.023,2052.6489,4.994
18.9400,424.805,2121.4761,4.994
18.9600,410.292,2048.1777,4.992
18.9800,412.243,2057.9172,4.992
19.0000,412.121,2056.4836,4.99
19.0200,412.853,2060.9622,4.992
19.0400,411.023,2052.6489,4.994
19.0600,412.243,2057.9172,4.992
19.0800,411.877,2056.0901,4.992
19.1000,412.243,2058.7417,4.994
19.1200,411.031,2051.0447,4.99
19.1400,413.714,2066.0876,4.994
19.1600,409.69,2045.1725,4.992
19.1800,414.202,2067.6963,4.992
19.2000,409.933,2045.5657,4.99
19.2200,413.836,2065.8694,4.992
19.2400,410.787,2050.6487,4.992
19.2600,415.056,2073.6196,4.996
19.2800,411.275,2052.2622,4.99
19.3000,413.471,2064.0474,4.992
19.3200,409.568,2044.5635,4.992
19.3400,413.471,2064.0474,4.992
19.3600,413.105,2061.3938,4.99
19.3800,413.966,2066.5183,4.992
19.4000,410.429,2048.8616,4.992
19.4200,413.844,2066.7368,4.994
19.4400,410.795,2050.6887,4.992
19.4600,412.868,2061.0371,4.992
19.4800,410.307,2048.2527,4.992
19.5000,413.6,2064.6912,4.992
19.5200,409.697,2044.3879,4.99
19.5400,413.6,2065.5183,4.994
19.5600,410.429,2048.8616,4.992
19.5800,413.234,2063.6907,4.994
19.6000,410.185,2047.6436,4.992
19.6200,412.754,2060.468,4.992
19.6400,409.705,2044.4277,4.99
19.6600,412.144,2059.0713,4.996
19.6800,409.705,2044.4277,4.99
19.7000,412.144,2056.5986,4.99
19.7200,410.193,2046.8629,4.99
19.7400,413.364,2062.6863,4.99
19.7600,410.437,2048.9016,4.992
19.7800,411.779,2055.6008,4.992
19.8000,409.095,2042.2023,4.992
19.8200,412.876,2061.0771,4.992
19.8400,409.461,2043.2103,4.99
19.8600,412.022,2056.814,4.992
19.8800,411.901,2056.21,4.992
19.9000,424.708,2119.293,4.99
19.9200,411.169,2053.3779,4.994
19.9400,411.779,2054.7771,4.99
19.9600,411.535,2053.5596,4.99
19.9800,411.901,2057.0337,4.994
20.0000,411.291,2053.1646,4.992
20.0200,412.022,2057.6379,4.994
20.0400,411.657,2055.8152,4.994
20.0600,410.803,2050.7288,4.992
20.0800,411.779,2055.6008,4.992
20.1000,410.925,2051.3376,4.992
20.1200,413.608,2064.7312,4.992
20.1400,410.071,2047.0746,4.992
20.1600,414.462,2069.8232,4.994
20.1800,411.657,2054.9919,4.992
20.2000,413.852,2066.7769,4.994
20.2200,410.559,2049.5105,4.992
20.2400,413.12,2062.2952,4.992
20.2600,411.047,2052.7688,4.994
20.2800,417.877,2086.042,4.992
20.3000,410.193,2048.5039,4.994
20.3200,412.754,2061.2935,4.994
20.3400,410.071,2047.8947,4.994
20.3600,421.17,2103.323,4.994
20.3800,534.361,2665.3928,4.988
20.4000,411.291,2054.8096,4.996
20.4200,412.632,2060.6841,4.994
20.4400,410.681,2049.2981,4.99
20.4600,412.876,2061.9028,4.994
20.4800,409.461,2044.0293,4.992
20.5000,430.684,2150.8359,4.994
20.5200,410.071,2046.2543,4.99
20.5400,413.242,2063.7305,4.994
20.5600,410.437,2048.9016,4.992
20.5800,412.998,2061.686,4.992
20.6000,411.169,2050.9109,4.988
20.6200,411.779,2055.6008,4.992
20.6400,411.413,2052.9507,4.99
20.6600,411.901,2056.21,4.992
20.6800,410.681,2050.9409,4.994
20.7000,412.876,2061.0771,4.992
20.7200,410.559,2050.3315,4.994
20.7400,412.632,2059.8589,4.992
20.7600,410.315,2048.2925,4.992
20.7800,411.535,2056.0288,4.996
20.8000,410.681,2050.1196,4.992
20.8200,411.413,2052.9507,4.99
20.8400,410.437,2048.9016,4.992
20.8600,411.779,2056.4243,4.994
20.8800,412.632,2059.8589,4.992
20.9000,413.12,2061.4688,4.99
20.9200,417.511,2085.0498,4.994
20.9400,424.098,2117.0972,4.992
20.9600,412.51,2060.8999,4.996
20.9800,410.559,2049.5105,4.992
21.0000,412.51,2060.8999,4.996
21.0200,443.613,2214.5161,4.992
21.0400,413.608,2065.5583,4.994
21.0600,410.803,2051.5503,4.994
21.0800,413.852,2067.6045,4.996
21.1000,410.315,2048.2925,4.992
21.1200,412.99,2061.646,4.992
21.1400,410.673,2048.437,4.988
21.1600,413.844,2065.9092,4.992
21.1800,409.941,2045.6056,4.99
21.2000,413.356,2064.2998,4.994
21.2200,409.819,2044.9967,4.99
21.2400,413.722,2065.3003,4.992
21.2600,410.307,2049.0732,4.994
21.2800,413.356,2064.2998,4.994
21.3000,410.429,2048.0405,4.99
21.3200,413.478,2064.9092,4.994
21.3400,410.673,2049.2583,4.99
21.3600,412.259,2058.8215,4.994
21.3800,410.063,2047.8545,4.994
21.4000,411.405,2054.5566,4.994
21.4200,413.356,2061.8196,4.988
21.4400,411.771,2055.5608,4.992
21.4600,410.551,2050.2917,4.994
21.4800,417.625,2085.6191,4.994
21.5000,411.283,2052.302,4.99
21.5200,412.259,2058.8215,4.994
21.5400,425.065,2123.6248,4.996
21.5600,413.844,2065.9092,4.992
21.5800,411.893,2056.1699,4.992
21.6000,411.283,2052.302,4.99
21.6200,413.356,2064.2998,4.994
21.6400,410.673,2050.0796,4.992
21.6600,413.234,2064.5171,4.996
21.6800,442.019,2205.6748,4.99
21.7000,727.795,3622.9636,4.978
21.7200,547.767,2735.5486,4.994
21.7400,536.79,2679.6555,4.992
21.7600,418.113,2089.7288,4.998
21.7800,409.087,2042.1624,4.992
21.8000,412.503,2060.8647,4.996
21.8200,409.453,2043.9894,4.992
21.8400,412.259,2059.646,4.996
21.8600,409.209,2042.7715,4.992
21.8800,411.771,2054.7371,4.99
21.9000,411.527,2054.3428,4.992
21.9200,412.015,2056.7791,4.992
21.9400,411.039,2051.9067,4.992
21.9600,411.527,2053.5198,4.99
21.9800,410.551,2050.2917,4.994
22.0000,412.015,2057.603,4.994
22.0200,411.283,2052.302,4.99
22.0400,410.917,2051.2976,4.992
22.0600,412.503,2060.04,4.994
22.0800,411.405,2054.5566,4.994
22.1000,410.795,2050.6887,4.992
22.1200,410.795,2050.6887,4.992
22.1400,412.137,2057.3879,4.992
22.1600,410.307,2048.2527,4.992
22.1800,412.99,2061.646,4.992
22.2000,412.868,2061.0371,4.992
22.2200,412.625,2060.6492,4.994
22.2400,410.917,2051.2976,4.992
22.2600,411.405,2053.7339,4.992
22.2800,411.039,2051.9067,4.992
22.3000,411.527,2055.1658,4.994
22.3200,410.551,2051.1128,4.996
22.3400,412.99,2061.646,4.992
22.3600,411.405,2054.5566,4.994
22.3800,534.839,2667.7769,4.988
22.4000,532.887,2659.1062,4.99
22.4200,535.57,2672.4941,4.99
22.4400,442.385,2210.1555,4.996
22.4600,412.625,2061.4744,4.996
22.4800,410.795,2050.6887,4.992
22.5000,420.553,2100.2417,4.994
22.5200,410.307,2049.0732,4.994
22.5400,549.109,2737.8577,4.986
22.5600,463.12,2315.6001,5
22.5800,447.874,2238.4744,4.998
22.6000,535.083,2670.064,4.99
22.6200,536.79,2679.6555,4.992
22.6400,534.839,2668.8464,4.99
22.6600,538.254,2686.9641,4.992
22.6800,533.741,2664.4353,4.992
22.7000,412.868,2062.6885,4.996
22.7200,409.697,2045.2074,4.992
22.7400,412.868,2061.0371,4.992
22.7600,410.551,2049.4707,4.992
22.7800,412.747,2060.4331,4.992
22.8000,410.063,2046.2142,4.99
22.8200,412.625,2059.824,4.992
22.8400,427.139,2131.4236,4.99
22.8600,412.99,2061.646,4.992
22.8800,410.185,2048.4639,4.994
22.9000,411.771,2055.5608,4.992
22.9200,410.917,2052.1194,4.994
22.9400,411.527,2054.3428,4.992
22.9600,409.941,2047.2454,4.994
22.9800,411.039,2052.7288,4.994
23.0000,410.917,2052.9412,4.996
23.0200,411.405,2053.7339,4.992
23.0400,409.697,2044.3879,4.99
23.0600,411.893,2056.9937,4.994
23.0800,411.649,2056.5981,4.996
23.1000,411.649,2055.7749,4.994
23.1200,413.364,2062.6863,4.99
23.1400,410.925,2052.1594,4.994
23.1600,414.584,2070.4326,4.994
23.1800,411.413,2052.9507,4.99
23.2000,425.927,2127.0793,4.994
23.2200,421.78,2104.6821,4.99
23.2400,413.974,2068.2141,4.996
23.2600,410.803,2050.7288,4.992
23.2800,413.852,2067.6045,4.996
23.3000,411.169,2052.5557,4.992
23.3200,412.998,2060.8599,4.99
23.3400,410.925,2049.6938,4.988
23.3600,413.608,2065.5583,4.994
23.3800,410.315,2048.2925,4.992
23.4000,411.901,2056.21,4.992
23.4200,410.681,2050.1196,4.992
23.4400,412.998,2061.686,4.992
23.4600,413.608,2065.5583,4.994
23.4800,413.242,2062.9041,4.992
23.5000,409.949,2047.2853,4.994
23.5200,413.12,2062.2952,4.992
23.5400,409.583,2044.6384,4.992
23.5600,413.364,2064.3398,4.994
23.5800,409.827,2045.8564,4.992
23.6000,415.804,2075.6936,4.992
23.6200,409.949,2045.6454,4.99
23.6400,412.388,2059.4656,4.994
23.6600,410.559,2049.5105,4.992
23.6800,412.51,2059.25,4.992
23.7000,409.461,2044.8483,4.994
23.7200,417.999,2087.4871,4.994
23.7400,425.196,2121.728,4.99
23.7600,435.563,2174.3306,4.992
23.7800,434.221,2168.4998,4.994
23.8000,416.535,2077.6765,4.988
23.8200,424.586,2120.3826,4.994
23.8400,434.343,2169.1089,4.994
23.8600,433.612,2164.5911,4.992
23.8800,414.706,2071.8711,4.996
23.9000,410.071,2046.2543,4.99
23.9200,413.974,2067.3862,4.994
23.9400,408.607,2040.5834,4.994
23.9600,412.632,2060.6841,4.994
23.9800,410.681,2050.9409,4.994
24.0000,427.269,2132.927,4.992
24.0200,409.461,2042.3915,4.988
24.0400,412.998,2061.686,4.992
24.0600,409.705,2044.4277,4.99
24.0800,413.242,2063.7305,4.994
24.1000,410.437,2047.2598,4.988
24.1200,411.413,2053.7737,4.992
24.1400,409.217,2041.9928,4.99
24.1600,411.657,2055.8152,4.994
24.1800,409.705,2044.4277,4.99
24.2000,413.608,2065.5583,4.994
24.2200,409.461,2044.0293,4.992
24.2400,415.804,2075.6936,4.992
24.2600,409.461,2044.8483,4.994
24.2800,412.754,2060.468,4.992
24.3000,410.559,2050.3315,4.994
24.3200,412.022,2056.814,4.992
24.3400,409.827,2045.0366,4.99
24.3600,411.291,2053.9871,4.994
24.3800,411.893,2055.3459,4.99
24.4000,536.424,2675.6829,4.988
24.4200,533.863,2662.9084,4.988
24.4400,534.229,2664.7341,4.988
24.4600,534.595,2668.6982,4.992
24.4800,533.863,2665.0439,4.992
24.5000,422.504,2111.675,4.998
24.5200,408.965,2044.0071,4.998
24.5400,413.6,2064.6912,4.992
24.5600,410.063,2047.0344,4.992
24.5800,412.868,2062.6885,4.996
24.6000,409.575,2043.7792,4.99
24.6200,412.747,2060.4331,4.992
24.6400,410.429,2049.6824,4.994
24.6600,412.868,2061.0371,4.992
24.6800,410.063,2047.0344,4.992
24.7000,411.771,2056.3843,4.994
24.7200,410.307,2047.4319,4.99
24.7400,412.259,2058.8215,4.994
24.7600,411.649,2054.9519,4.992
24.7800,412.137,2057.3879,4.992
24.8000,409.575,2044.5985,4.992
24.8200,412.99,2061.646,4.992
24.8400,409.697,2045.2074,4.992
24.8600,411.893,2056.1699,4.992
24.8800,411.771,2056.3843,4.994
24.9000,411.283,2052.302,4.99
24.9200,412.747,2060.4331,4.992
24.9400,411.283,2053.9473,4.994
24.9600,412.747,2061.2585,4.994
24.9800,410.795,2050.6887,4.992
25.0000,412.381,2059.4307,4.994
25.0200,410.551,2050.2917,4.994
25.0400,412.99,2061.646,4.992
25.0600,410.551,2050.2917,4.994
25.0800,412.259,2058.8215,4.994
25.1000,411.161,2051.6934,4.99
25.1200,413.73,2065.3403,4.992
25.1400,410.071,2047.0746,4.992
25.1600,414.34,2068.3853,4.992
25.1800,409.949,2047.2853,4.994
25.2000,413.73,2066.1677,4.994
25.2200,412.144,2058.2471,4.994
25.2400,414.95,2070.6006,4.99
25.2600,409.583,2045.4575,4.994
25.2800,414.584,2071.2617,4.996
25.3000,410.193,2047.6835,4.992
25.3200,413.974,2066.5583,4.992
25.3400,410.803,2051.5503,4.994
25.3600,414.706,2070.2124,4.992
25.3800,410.315,2047.4718,4.99
25.4000,413.12,2062.2952,4.992
25.4200,410.437,2048.0806,4.99
25.4400,412.754,2060.468,4.992
25.4600,410.193,2047.6835,4.992
25.4800,413.608,2065.5583,4.994
25.5000,409.827,2045.0366,4.99
25.5200,421.78,2105.5259,4.992
25.5400,410.071,2046.2543,4.99
25.5600,412.998,2061.686,4.992
25.5800,410.803,2049.0854,4.988
25.6000,426.659,2129.8818,4.992
25.6200,411.176,2052.5906,4.992
25.6400,412.762,2059.6824,4.99
25.6600,409.103,2042.2422,4.992
25.6800,411.298,2054.0222,4.994
25.7000,410.689,2050.9807,4.994
25.7200,411.908,2055.4207,4.99
25.7400,409.835,2045.8964,4.992
25.7600,412.762,2060.5078,4.992
25.7800,410.079,2046.2942,4.99
25.8000,426.423,2128.7036,4.992
25.8200,410.567,2048.7292,4.99
25.8400,411.664,2055.0269,4.992
25.8600,409.957,2045.6853,4.99
25.8800,423.496,2113.2449,4.99
25.9000,420.812,2101.5352,4.994
25.9200,409.713,2046.9261,4.996
25.9400,412.518,2060.115,4.994
25.9600,411.054,2051.1592,4.99
25.9800,413.006,2062.552,4.994
26.0000,411.786,2055.6357,4.992
26.0200,412.762,2059.6824,4.99
26.0400,411.42,2053.8088,4.992
26.0600,418.251,2087.9092,4.992
26.0800,410.445,2048.9414,4.992
26.1000,411.664,2056.6733,4.996
26.1200,410.445,2048.9414,4.992
26.1400,413.738,2065.3801,4.992
26.1600,415.933,2077.1694,4.994
26.1800,414.958,2072.3003,4.994
26.2000,410.079,2046.2942,4.99
26.2200,414.47,2069.8633,4.994
26.2400,415.324,2074.9587,4.996
26.2600,413.372,2062.7263,4.99
26.2800,410.567,2049.5505,4.992
26.3000,413.738,2066.2075,4.994
26.3200,409.591,2043.859,4.99
26.3400,412.884,2061.1169,4.992
26.3600,410.445,2048.9414,4.992
26.3800,413.128,2063.1611,4.994
26.4000,418.495,2089.127,4.992
26.4200,438.377,2190.1316,4.996
26.4400,410.201,2046.9028,4.99
26.4600,412.274,2058.8962,4.994
26.4800,410.933,2050.5557,4.99
26.5000,412.884,2061.9426,4.994
26.5200,411.176,2053.4128,4.994
26.5400,430.083,2146.9744,4.992
26.5600,410.323,2047.5117,4.99
26.5800,413.86,2066.8167,4.994
26.6000,411.298,2053.1997,4.992
26.6200,413.494,2062.5081,4.988
26.6400,410.567,2050.3716,4.994
26.6600,413.494,2064.1621,4.992
26.6800,410.079,2047.9346,4.994
26.7000,414.104,2067.2073,4.992
26.7200,411.298,2053.1997,4.992
26.7400,414.226,2066.9878,4.99
26.7600,410.323,2049.1531,4.994
26.7800,413.982,2067.426,4.994
26.8000,413.738,2065.3801,4.992
26.8200,413.738,2067.0349,4.996
26.8400,411.542,2054.4177,4.992
26.8600,414.592,2070.4724,4.994
26.8800,420.325,2097.4216,4.99
26.9000,411.664,2055.8501,4.994
26.9200,409.591,2043.0399,4.988
26.9400,416.055,2076.9465,4.992
26.9600,410.689,2049.3379,4.99
26.9800,413.128,2062.335,4.992
27.0000,410.323,2047.5117,4.99
27.0200,413.372,2064.3799,4.994
27.0400,409.713,2044.4679,4.99
27.0600,413.006,2062.552,4.994
27.0800,410.323,2048.3325,4.992
27.1000,413.616,2065.5984,4.994
27.1200,409.477,2044.1091,4.992
27.1400,412.648,2059.1135,4.99
27.1600,409.599,2045.5374,4.994
27.1800,413.502,2064.2021,4.992
27.2000,410.574,2050.4065,4.994
27.2200,412.892,2061.157,4.992
27.2400,409.843,2044.2968,4.988
27.2600,412.892,2061.9827,4.994
27.2800,409.964,2047.3601,4.994
27.3000,413.014,2062.592,4.994
27.3200,408.867,2040.2462,4.99
27.3400,412.404,2057.071,4.988
27.3600,410.086,2046.329,4.99
27.3800,412.526,2059.3298,4.992
27.4000,413.258,2063.8103,4.994
27.4200,411.794,2055.6758,4.992
27.4400,411.794,2055.6758,4.992
27.4600,412.526,2058.5046,4.99
27.4800,411.306,2053.2395,4.992
27.5000,411.55,2054.4575,4.992
27.5200,410.33,2048.3674,4.992
27.5400,411.428,2053.0256,4.99
27.5600,410.94,2051.4126,4.992
27.5800,411.672,2055.8899,4.994
27.6000,410.94,2052.2344,4.994
27.6200,412.282,2058.1118,4.992
27.6400,412.282,2057.2871,4.99
27.6600,411.062,2051.1995,4.99
27.6800,412.038,2056.0696,4.99
27.7000,426.797,2131.4241,4.994
27.7200,822.247,4091.501,4.976
27.7400,729.544,3640.4243,4.99
27.7600,740.156,3693.3784,4.99
27.7800,730.276,3645.5378,4.992
27.8000,731.374,3653.9446,4.996
27.8200,748.207,3733.5525,4.99
27.8400,732.838,3658.3274,4.992
27.8600,735.277,3670.5027,4.992
27.8800,756.989,3778.8892,4.992
27.9000,718.323,3585.8684,4.992
27.9200,819.442,4085.738,4.986
27.9400,1017.044,5066.9131,4.982
27.9600,1015.947,5067.5435,4.988
27.9800,1018.386,5083.7827,4.992
28.0000,1015.215,5069.9839,4.994
28.0200,1012.531,5052.5293,4.99
28.0400,725.641,3631.1077,5.004
28.0600,731.984,3656.9919,4.996
28.0800,730.52,3646.7561,4.992
28.1000,733.692,3666.9929,4.998
28.1200,737.107,3678.1638,4.99
28.1400,749.656,3742.283,4.992
28.1600,800.398,3992.3853,4.988
28.1800,742.582,3708.4543,4.994
28.2000,735.873,3673.478,4.992
28.2200,746.729,3727.6711,4.992
28.2400,764.781,3814.7275,4.988
28.2600,739.898,3692.0908,4.99
28.2800,745.265,3720.363,4.992
28.3000,739.045,3689.3127,4.992
28.3200,733.678,3663.9878,4.994
28.3400,742.948,3705.8245,4.988
28.3600,737.459,3681.3953,4.992
28.3800,730.628,3650.2173,4.996
28.4000,732.702,3659.1138,4.994
28.4200,779.296,3888.687,4.99
28.4400,740.142,3694.7891,4.992
28.4600,752.096,3755.9675,4.994
28.4800,742.216,3706.6267,4.994
28.5000,738.679,3686.0081,4.99
28.5200,736.483,3677.9958,4.994
28.5400,745.997,3725.509,4.994
28.5600,748.315,3734.0918,4.99
28.5800,1018.489,5072.0752,4.98
28.6000,1010.439,5038.0488,4.986
28.6200,1039.9561,5187.3008,4.988
28.6400,1044.9771,5214.4351,4.99
28.6600,1025.705,5118.2676,4.99
28.6800,1031.682,5150.1567,4.992
28.7000,747.353,3739.7546,5.004
28.7200,740.522,3698.1667,4.994
28.7400,731.74,3654.3096,4.994
28.7600,734.546,3668.3228,4.994
28.7800,733.814,3661.7319,4.99
28.8000,733.57,3661.9814,4.992
28.8200,730.886,3651.5063,4.996
28.8400,703.685,3514.2029,4.994
28.8600,743.45,3711.3025,4.992
28.8800,724.055,3613.0342,4.99
28.9000,744.304,3715.5657,4.992
28.9200,746.987,3728.9592,4.992
28.9400,738.815,3688.1646,4.992
28.9600,746.377,3725.9141,4.992
28.9800,744.67,3717.3926,4.992
29.0000,735.643,3670.8584,4.99
29.0200,743.206,3710.0845,4.992
29.0400,740.522,3698.1667,4.994
29.0600,760.649,3797.1599,4.992
29.0800,738.693,3687.5554,4.992
29.1000,743.206,3711.5708,4.994
29.1200,757.721,3784.0586,4.994
29.1400,738.449,3687.8142,4.994
29.1600,742.962,3708.8662,4.992
29.1800,734.546,3668.3228,4.994
29.2000,739.669,3690.9482,4.99
29.2200,741.864,3703.3853,4.992
29.2400,742.352,3705.8213,4.992
29.2600,743.816,3711.6416,4.99
29.2800,731.374,3651.0193,4.992
29.3000,735.887,3673.5481,4.992
29.3200,733.936,3662.3403,4.99
29.3400,745.889,3723.4778,4.992
29.3600,743.938,3713.7385,4.992
29.3800,728.935,3637.3855,4.99
29.4000,735.765,3672.939,4.992
29.4200,731.13,3652.7253,4.996
29.4400,814.562,4063.0352,4.988
29.4600,749.305,3742.0291,4.994
29.4800,748.695,3738.9829,4.994
29.5000,742.84,3706.7715,4.99
29.5200,737.351,3679.3813,4.99
29.5400,729.544,3640.4243,4.99
29.5600,730.886,3651.5063,4.996
29.5800,725.397,3622.6326,4.994
29.6000,720.152,3596.439,4.994
29.6200,721.738,3604.3594,4.994
29.6400,719.407,3591.2798,4.992
29.6600,714.284,3565.7058,4.992
29.6800,713.796,3564.6973,4.994
29.7000,730.384,3647.5376,4.994
29.7200,721.968,3604.0645,4.992
29.7400,720.261,3596.9834,4.994
29.7600,714.894,3567.3208,4.99
29.7800,723.066,3610.9915,4.994
29.8000,735.507,3673.1221,4.994
29.8200,735.873,3672.0061,4.99
29.8400,727.091,3629.6384,4.992
29.8600,732.824,3658.2573,4.992
29.8800,731.97,3653.9941,4.992
29.9000,732.946,3660.3323,4.994
29.9200,721.968,3605.5083,4.994
29.9400,727.335,3630.8564,4.992
29.9600,737.215,3681.6519,4.994
29.9800,726.237,3625.3752,4.992
30.0000,725.505,3620.2698,4.99
30.0200,732.702,3659.1138,4.994
30.0400,738.923,3688.7036,4.992
30.0600,720.139,3593.4934,4.99
30.0800,729.653,3643.8872,4.994
30.1000,727.335,3630.8564,4.992
30.1200,729.653,3642.428,4.992
30.1400,731.848,3651.9214,4.99
30.1600,737.703,3682.6135,4.992
30.1800,721.602,3603.6804,4.994
30.2000,717.943,3583.9714,4.992
30.2200,730.019,3647.1748,4.996
30.2400,729.531,3641.8188,4.992
30.2600,717.943,3583.9714,4.992
30.2800,723.798,3613.1995,4.992
30.3000,723.066,3608.0991,4.99
30.3200,719.529,3593.3276,4.994
30.3400,729.409,3641.2097,4.992
30.3600,731.238,3651.8025,4.994
30.3800,714.663,3567.5979,4.992
30.4000,726.861,3628.4902,4.992
30.4200,730.764,3647.9739,4.992
30.4400,723.08,3611.0615,4.994
30.4600,727.349,3632.3809,4.994
30.4800,736.741,3677.8113,4.992
30.5000,721.738,3601.4724,4.99
30.5200,721.25,3603.3647,4.996
30.5400,731.374,3651.0193,4.992
30.5600,726.129,3624.8362,4.992
30.5800,720.518,3598.2668,4.994
30.6000,726.983,3627.6448,4.99
30.6200,711.248,3550.55,4.992
30.6400,720.152,3596.439,4.994
30.6600,715.151,3571.4641,4.994
30.6800,746.499,3726.5232,4.992
30.7000,742.596,3705.554,4.99
30.7200,683.559,3415.0608,4.996
30.7400,741.498,3701.5581,4.992
30.7600,705.637,3521.1287,4.99
30.7800,775.896,3870.1692,4.988
30.8000,689.048,3441.1055,4.994
30.8200,756.867,3776.7661,4.99
30.8400,711.004,3552.176,4.996
30.8600,746.133,3723.2034,4.99
30.8800,676.972,3380.7981,4.994
30.9000,712.834,3558.4673,4.992
30.9200,738.449,3684.8601,4.99
30.9400,727.349,3632.3809,4.994
30.9600,738.693,3684.6006,4.988
30.9800,619.521,3097.605,5
31.0000,557.557,2785.5547,4.996
31.0200,413.624,2068.1199,5
31.0400,410.818,2052.4465,4.996
31.0600,413.99,2067.4661,4.994
31.0800,448.631,2238.6687,4.99
31.1000,433.994,2168.2339,4.996
31.1200,410.33,2048.3674,4.992
31.1400,413.014,2063.418,4.996
31.1600,408.989,2040.8551,4.99
31.1800,414.356,2069.2937,4.994
31.2000,415.941,2076.3774,4.992
31.2200,413.624,2064.811,4.992
31.2400,410.452,2048.9763,4.992
31.2600,414.6,2070.5125,4.994
31.2800,416.917,2080.4158,4.99
31.3000,422.04,2106.8237,4.992
31.3200,418.381,2087.7212,4.99
31.3400,418.747,2091.2227,4.994
31.3600,417.161,2083.302,4.994
31.3800,417.771,2085.5129,4.992
31.4000,413.38,2064.4197,4.994
31.4200,409.355,2043.5002,4.992
31.4400,413.38,2064.4197,4.994
31.4600,411.062,2052.0215,4.992
31.4800,417.283,2083.9111,4.994
31.5000,410.818,2049.1602,4.988
31.5200,413.624,2065.6382,4.994
31.5400,411.306,2053.2395,4.992
31.5600,413.014,2061.7659,4.992
31.5800,409.964,2047.3601,4.994
31.6000,416.063,2077.8186,4.994
31.6200,411.55,2055.2805,4.994
31.6400,416.315,2077.4119,4.99
31.6600,409.972,2045.7601,4.99
31.6800,412.778,2059.7622,4.99
31.7000,410.094,2046.3689,4.99
31.7200,419.731,2095.2971,4.992
31.7400,410.582,2049.6255,4.992
31.7600,413.51,2063.4148,4.99
31.7800,410.338,2047.5865,4.99
31.8000,413.51,2064.2419,4.992
31.8200,411.192,2052.6704,4.992
31.8400,413.876,2067.7244,4.996
31.8600,410.216,2047.7983,4.992
31.8800,412.534,2059.3699,4.992
31.9000,409.24,2042.926,4.992
31.9200,414.973,2071.5452,4.992
31.9400,410.216,2047.7983,4.992
31.9600,412.778,2061.4133,4.994
31.9800,409.24,2042.1074,4.99
32.0000,413.51,2063.4148,4.99
32.0200,409.85,2045.9713,4.992
32.0400,412.046,2057.7576,4.994
32.0600,410.582,2049.6255,4.992
32.0800,413.266,2063.0239,4.992
32.1000,409.362,2042.7163,4.99
32.1200,412.168,2056.7183,4.99
32.1400,411.184,2052.6306,4.992
32.1600,411.672,2055.8899,4.994
32.1800,409.477,2044.1091,4.992
32.2000,411.672,2054.2432,4.99
32.2200,410.574,2047.9431,4.988
32.2400,414.356,2069.2937,4.994
32.2600,410.452,2049.7974,4.994
32.2800,412.16,2057.5027,4.992
32.3000,411.062,2052.0215,4.992
32.3200,411.672,2054.2432,4.99
32.3400,409.111,2043.1002,4.994
32.3600,411.794,2054.8521,4.99
32.3800,413.99,2066.6382,4.992
32.4000,412.404,2059.5454,4.994
32.4200,412.16,2059.1514,4.996
32.4400,461.073,2299.832,4.988
32.4600,535.113,2671.2839,4.992
32.4800,534.381,2667.6299,4.992
32.5000,411.55,2056.927,4.998
32.5200,410.452,2050.6182,4.996
32.5400,412.404,2058.7207,4.992
32.5600,411.184,2051.8081,4.99
32.5800,413.38,2062.7661,4.99
32.6000,410.574,2050.4065,4.994
32.6200,411.794,2054.8521,4.99
32.6400,412.282,2058.1118,4.992
32.6600,411.55,2054.4575,4.992
32.6800,413.258,2063.8103,4.994
32.7000,411.428,2053.0256,4.99
32.7200,411.672,2055.0667,4.992
32.7400,411.062,2052.0215,4.992
32.7600,412.77,2060.5479,4.992
32.7800,411.062,2052.0215,4.992
32.8000,413.502,2065.0291,4.994
32.8200,411.184,2051.8081,4.99
32.8400,413.136,2062.375,4.992
32.8600,411.55,2055.2805,4.994
32.8800,427.407,2133.616,4.992
32.9000,410.818,2049.9817,4.99
32.9200,413.624,2066.4653,4.996
32.9400,410.208,2048.5789,4.994
32.9600,414.356,2069.2937,4.994
32.9800,411.672,2055.0667,4.992
33.0000,413.624,2064.811,4.992
33.0200,410.33,2048.3674,4.992
33.0400,413.99,2066.6382,4.992
33.0600,410.574,2048.7642,4.99
33.0800,413.38,2062.7661,4.99
33.1000,409.843,2046.7559,4.994
33.1200,413.38,2062.7661,4.99
33.1400,409.85,2044.3318,4.988
33.1600,413.632,2064.8508,4.992
33.1800,410.46,2048.1953,4.99
33.2000,414.242,2067.8962,4.992
33.2200,409.362,2043.5352,4.992
33.2400,412.656,2059.9788,4.992
33.2600,409.972,2045.7601,4.99
33.2800,604.773,3011.7695,4.98
33.3000,575.132,2871.0591,4.992
33.3200,420.341,2100.8645,4.998
33.3400,419.731,2096.1365,4.994
33.3600,417.047,2082.7327,4.994
33.3800,438.271,2188.7253,4.994
33.4000,430.831,2150.7083,4.992
33.4200,412.046,2057.7576,4.994
33.4400,409.972,2046.5802,4.992
33.4600,412.168,2056.7183,4.99
33.4800,409.972,2046.5802,4.992
33.5000,411.924,2055.5007,4.99
33.5200,409.606,2045.5723,4.994
33.5400,411.68,2055.1064,4.992
33.5600,410.094,2047.1892,4.992
33.5800,430.221,2147.6633,4.992
33.6000,411.07,2051.2393,4.99
33.6200,412.412,2059.5854,4.994
33.6400,412.404,2058.7207,4.992
33.6600,410.696,2050.1946,4.992
33.6800,412.404,2060.3704,4.996
33.7000,411.428,2053.8486,4.992
33.7200,412.282,2058.9363,4.994
33.7400,411.916,2056.2847,4.992
33.7600,412.526,2059.3298,4.992
33.7800,411.062,2052.0215,4.992
33.8000,411.916,2057.9321,4.996
33.8200,410.696,2051.0159,4.994
33.8400,412.526,2059.3298,4.992
33.8600,411.916,2057.1084,4.994
33.8800,414.226,2068.6448,4.994
33.9000,417.031,2080.9846,4.99
33.9200,413.738,2066.2075,4.994
33.9400,411.786,2055.6357,4.992
33.9600,414.226,2068.6448,4.994
33.9800,410.445,2049.7625,4.994
34.0000,414.47,2070.6921,4.996
34.0200,410.811,2049.9468,4.99
34.0400,414.592,2070.4724,4.994
34.0600,409.957,2045.6853,4.99
34.0800,413.738,2065.3801,4.992
34.1000,410.445,2048.1206,4.99
34.1200,415.69,2075.9558,4.994
34.1400,410.437,2048.0806,4.99
34.1600,413.486,2064.1221,4.992
34.1800,409.339,2043.4203,4.992
34.2000,412.876,2061.9028,4.994
34.2200,414.95,2069.7705,4.988
34.2400,413.608,2064.7312,4.992
34.2600,409.705,2043.6084,4.988
34.2800,412.632,2060.6841,4.994
34.3000,410.681,2050.1196,4.992
34.3200,413.73,2064.5127,4.99
34.3400,409.583,2044.6384,4.992
34.3600,413.364,2064.3398,4.994
34.3800,409.583,2044.6384,4.992
34.4000,412.022,2056.814,4.992
34.4200,420.073,2096.1641,4.99
34.4400,411.901,2057.0337,4.994
34.4600,537.776,2680.2756,4.984
34.4800,533.507,2663.2671,4.992
34.5000,536.8,2678.6318,4.99
34.5200,534.483,2668.1392,4.992
34.5400,412.266,2060.5054,4.998
34.5600,409.827,2046.676,4.994
34.5800,412.388,2058.6409,4.992
34.6000,410.071,2046.2543,4.99
34.6200,412.144,2058.2471,4.994
34.6400,411.291,2053.1646,4.992
34.6600,411.291,2053.9871,4.994
34.6800,411.657,2054.1685,4.99
34.7000,411.657,2054.9919,4.992
34.7200,411.291,2053.1646,4.992
34.7400,410.803,2050.7288,4.992
34.7600,411.169,2053.3779,4.994
34.7800,411.169,2053.3779,4.994
34.8000,411.535,2054.3828,4.992
34.8200,412.266,2057.2073,4.99
34.8400,412.266,2057.2073,4.99
34.8600,413.12,2061.4688,4.99
34.8800,414.462,2069.8232,4.994
34.9000,410.803,2051.5503,4.994
34.9200,413.486,2063.2949,4.99
34.9400,415.56,2074.4756,4.992
34.9600,425.561,2123.5493,4.99
34.9800,409.949,2045.6454,4.99
35.0000,412.51,2060.075,4.994
35.0200,410.803,2050.7288,4.992
35.0400,413.974,2066.5583,4.992
35.0600,410.315,2047.4718,4.99
35.0800,415.194,2073.4788,4.994
35.1000,410.925,2050.5156,4.99
35.1200,413.364,2064.3398,4.994
35.1400,410.079,2045.4741,4.988
35.1600,413.494,2064.1621,4.992
35.1800,410.689,2050.9807,4.994
35.2000,413.372,2062.7263,4.99
35.2200,409.957,2046.5054,4.992
35.2400,413.616,2064.771,4.992
35.2600,410.689,2050.1594,4.992
35.2800,414.104,2067.2073,4.992
35.3000,410.079,2047.1145,4.992
35.3200,414.348,2070.0825,4.996
35.3400,410.811,2050.7686,4.992
35.3600,413.372,2064.3799,4.994
35.3800,409.835,2045.8964,4.992
35.4000,413.128,2061.5085,4.99
35.4200,409.103,2042.2422,4.992
35.4400,412.518,2059.29,4.992
35.4600,442.402,2208.4709,4.992
35.4800,557.18,2781.4426,4.992
35.5000,722.212,3602.3933,4.988
35.5200,729.409,3639.7507,4.99
35.5400,737.703,3682.6135,4.992
35.5600,738.191,3685.0496,4.992
35.5800,740.996,3699.052,4.992
35.6000,725.993,3624.157,4.992
35.6200,745.265,3720.363,4.992
35.6400,753.316,3759.0466,4.99
35.6600,721.968,3605.5083,4.994
35.6800,739.289,3693.4878,4.996
35.7000,1028.491,5128.0562,4.986
35.7200,1012.39,5049.8013,4.988
35.7400,1014.708,5063.3926,4.99
35.7600,1020.928,5096.4727,4.992
35.7800,1022.026,5101.9541,4.992
35.8000,724.164,3623.7168,5.004
35.8200,732.214,3659.6057,4.998
35.8400,737.703,3684.0889,4.994
35.8600,735.507,3673.1221,4.994
35.8800,745.143,3721.2441,4.994
35.9000,735.02,3672.1599,4.996
35.9200,750.51,3745.0447,4.99
35.9400,720.505,3598.2019,4.994
35.9600,750.266,3743.8271,4.99
35.9800,737.825,3681.7466,4.99
36.0000,749.413,3742.5686,4.994
36.0200,730.872,3648.5132,4.992
36.0400,767.831,3831.4766,4.99
36.0600,739.045,3690.7905,4.994
36.0800,772.71,3854.2776,4.988
36.1000,746.119,3723.1338,4.99
36.1200,744.899,3718.5359,4.992
36.1400,731.712,3655.6328,4.996
36.1600,741.104,3699.5913,4.992
36.1800,772.207,3853.3125,4.99
36.2000,740.128,3694.719,4.992
36.2200,732.81,3661.1187,4.996
36.2400,747.691,3730.9778,4.99
36.2600,742.568,3705.4141,4.99
36.2800,736.347,3675.8442,4.992
36.3000,752.448,3757.7253,4.994
36.3200,723.784,3610.2346,4.988
36.3400,997.246,4966.2852,4.98
36.3600,1032.618,5146.5684,4.984
36.3800,1040.912,5192.0688,4.988
36.4000,1019.323,5086.4214,4.99
36.4200,1017.372,5074.6514,4.988
36.4400,1028.715,5135.3452,4.992
36.4600,745.007,3725.0352,5
36.4800,729.639,3646.7356,4.998
36.5000,751.228,3750.1304,4.992
36.5200,724.76,3618.002,4.992
36.5400,720.979,3600.5691,4.994
36.5600,756.229,3773.5825,4.99
36.5800,735.737,3671.3274,4.99
36.6000,734.396,3667.5735,4.994
36.6200,756.595,3775.4087,4.99
36.6400,726.711,3629.1946,4.994
36.6600,750.74,3747.6941,4.992
36.6800,738.787,3688.0247,4.992
36.7000,744.885,3721.4453,4.996
36.7200,743.666,3712.3809,4.992
36.7400,739.275,3690.4609,4.992
36.7600,742.08,3702.979,4.99
36.7800,757.57,3781.7896,4.992
36.8000,749.52,3741.604,4.992
36.8200,750.252,3745.2581,4.992
36.8400,780.379,3895.6521,4.992
36.8600,749.764,3742.8218,4.992
36.8800,758.18,3786.3508,4.994
36.9000,747.447,3729.7605,4.99
36.9200,739.763,3694.3765,4.994
36.9400,747.081,3729.4285,4.992
36.9600,741.226,3701.6826,4.994
36.9800,742.568,3703.9292,4.988
37.0000,744.641,3717.2478,4.992
37.0200,751.594,3751.9573,4.992
37.0400,731.712,3652.7063,4.992
37.0600,741.47,3701.4182,4.992
37.0800,720.491,3596.6914,4.992
37.1000,734.762,3667.9321,4.992
37.1200,745.739,3724.2207,4.994
37.1400,752.584,3755.3938,4.99
37.1600,729.287,3642.0591,4.994
37.1800,737.215,3678.7029,4.99
37.2000,736.971,3677.4851,4.99
37.2200,734.776,3668.002,4.992
37.2400,744.168,3713.3982,4.99
37.2600,740.508,3695.1348,4.99
37.2800,737.581,3683.4795,4.994
37.3000,716.479,3576.6633,4.992
37.3200,735.02,3667.7498,4.99
37.3400,727.457,3630.01,4.99
37.3600,732.58,3655.5742,4.99
37.3800,725.627,3622.3301,4.992
37.4000,716.845,3579.9238,4.994
37.4200,716.357,3576.0542,4.992
37.4400,704.16,3515.1667,4.992
37.4600,710.869,3550.0798,4.994
37.4800,735.507,3674.593,4.996
37.5000,718.675,3587.6257,4.992
37.5200,716.113,3576.2681,4.994
37.5400,719.529,3590.4495,4.99
37.5600,725.871,3623.5479,4.992
37.5800,738.557,3689.8306,4.996
37.6000,733.434,3661.3027,4.992
37.6200,723.31,3612.2102,4.994
37.6400,732.078,3654.5334,4.992
37.6600,742.324,3705.6814,4.992
37.6800,723.784,3613.1299,4.992
37.7000,736.103,3673.1541,4.99
37.7200,733.054,3662.3376,4.996
37.7400,732.444,3654.8953,4.99
37.7600,713.782,3563.1997,4.992
37.7800,725.126,3619.8289,4.992
37.8000,733.298,3659.1567,4.99
37.8200,728.785,3641.0095,4.996
37.8400,733.42,3661.2327,4.992
37.8600,732.81,3655.2561,4.988
37.8800,730.249,3648.324,4.996
37.9000,740.128,3693.2385,4.99
37.9200,723.052,3610.9216,4.994
37.9400,717.685,3584.1189,4.994
37.9600,719.149,3589.9917,4.992
37.9800,729.151,3639.9219,4.992
38.0000,727.687,3632.6135,4.992
38.0200,719.027,3589.3828,4.992
38.0400,724.272,3615.5657,4.992
38.0600,731.956,3652.4602,4.99
38.0800,731.712,3652.7063,4.992
38.1000,718.295,3587.165,4.994
38.1200,730.005,3645.645,4.994
38.1400,730.127,3644.7942,4.992
38.1600,716.466,3573.7324,4.988
38.1800,727.809,3631.7668,4.99
38.2000,735.006,3673.5601,4.998
38.2200,721.467,3601.5632,4.992
38.2400,730.127,3643.3337,4.99
38.2600,735.737,3672.7991,4.992
38.2800,717.929,3582.4656,4.99
38.3000,725.858,3624.9346,4.994
38.3200,737.079,3680.9724,4.994
38.3400,725.126,3618.3784,4.99
38.3600,717.076,3579.6433,4.992
38.3800,729.029,3636.3965,4.988
38.4000,713.416,3562.7996,4.994
38.4200,714.514,3569.7117,4.996
38.4400,695.365,3471.2622,4.992
38.4600,737.933,3682.2854,4.99
38.4800,738.543,3683.8525,4.988
38.5000,660.358,3296.5071,4.992
38.5200,737.933,3683.7615,4.992
38.5400,732.444,3657.8252,4.994
38.5600,695.486,3476.0393,4.998
38.5800,727.077,3628.1143,4.99
38.6000,732.81,3658.1875,4.992
38.6200,740.982,3698.9822,4.992
38.6400,675.483,3373.3618,4.994
38.6600,735.859,3671.9363,4.99
38.6800,757.692,3779.3677,4.988
38.7000,745.739,3718.2549,4.986
38.7200,725.98,3626.9958,4.996
38.7400,785.746,3920.8723,4.99
38.7600,441.54,2209.4663,5.004
38.7800,429.465,2147.325,5
38.8000,545.582,2721.3628,4.988
38.8200,538.02,2685.7959,4.992
38.8400,411.535,2057.675,5
38.8600,410.193,2048.5039,4.994
38.8800,410.803,2049.907,4.99
38.9000,413.364,2063.5132,4.992
38.9200,411.169,2052.5557,4.992
38.9400,413.12,2062.2952,4.992
38.9600,411.657,2054.1685,4.99
38.9800,413.242,2063.7305,4.994
39.0000,411.535,2053.5596,4.99
39.0200,413.364,2065.1665,4.996
39.0400,412.632,2059.0334,4.99
39.0600,413.73,2065.3403,4.992
39.0800,418.975,2090.6853,4.99
39.1000,413.73,2066.1677,4.994
39.1200,411.047,2050.3025,4.988
39.1400,414.104,2067.2073,4.992
39.1600,410.079,2046.2942,4.99
39.1800,413.982,2067.426,4.994
39.2000,418.007,2085.8547,4.99
39.2200,414.348,2068.4253,4.992
39.2400,410.933,2050.5557,4.99
39.2600,413.494,2063.335,4.99
39.2800,410.323,2047.5117,4.99
39.3000,412.762,2060.5078,4.992
39.3200,410.323,2048.3325,4.992
39.3400,413.982,2067.426,4.994
39.3600,411.542,2053.5945,4.99
39.3800,412.648,2059.1135,4.99
39.4000,409.964,2044.9004,4.988
39.4200,411.916,2057.1084,4.994
39.4400,408.867,2041.0641,4.992
39.4600,411.916,2054.637,4.988
39.4800,409.477,2044.1091,4.992
39.5000,411.916,2056.2847,4.992
39.5200,409.721,2044.5077,4.99
39.5400,414.112,2066.4187,4.99
39.5600,410.818,2050.8035,4.992
39.5800,412.77,2059.7222,4.99
39.6000,410.33,2048.3674,4.992
39.6200,413.136,2062.375,4.992
39.6400,412.648,2059.939,4.992
39.6600,411.916,2055.4607,4.99
39.6800,412.77,2060.5479,4.992
39.7000,411.428,2053.8486,4.992
39.7200,420.089,2097.0842,4.992
39.7400,411.794,2056.4993,4.994
39.7600,410.94,2051.4126,4.992
39.7800,411.916,2056.2847,4.992
39.8000,411.55,2053.6343,4.99
39.8200,413.746,2065.4202,4.992
39.8400,411.672,2055.0667,4.992
39.8600,420.455,2098.9114,4.992
39.8800,417.283,2083.9111,4.994
39.9000,411.184,2051.8081,4.99
39.9200,413.38,2064.4197,4.994
39.9400,417.527,2085.1299,4.994
39.9600,419.235,2093.6594,4.994
39.9800,415.331,2072.5015,4.99
40.0000,417.893,2086.9578,4.994
40.0200,413.38,2063.593,4.992
40.0400,412.77,2061.3733,4.994
40.0600,410.452,2048.9763,4.992
40.0800,412.404,2058.7207,4.992
40.1000,409.477,2044.1091,4.992
40.1200,413.136,2061.5486,4.99
40.1400,410.811,2049.9468,4.99
40.1600,411.42,2053.8088,4.992
40.1800,411.054,2052.8035,4.994
40.2000,411.542,2054.4177,4.992
40.2200,410.323,2049.1531,4.994
40.2400,413.616,2063.9438,4.99
40.2600,410.201,2047.7234,4.992
40.2800,412.03,2056.8538,4.992
40.3000,411.298,2053.1997,4.992
40.3200,411.908,2056.2446,4.992
40.3400,411.054,2051.9814,4.992
40.3600,413.372,2064.3799,4.994
40.3800,411.054,2051.1592,4.99
40.4000,411.298,2052.377,4.99
40.4200,412.884,2060.291,4.99
40.4400,411.664,2055.0269,4.992
40.4600,410.933,2051.3777,4.992
40.4800,411.664,2055.0269,4.992
40.5000,536.445,2674.7148,4.986
40.5200,534.127,2664.2256,4.988
40.5400,536.932,2680.3647,4.992
40.5600,534.127,2665.2937,4.99
40.5800,536.201,2676.7153,4.992
40.6000,444.963,2222.1453,4.994
40.6200,412.152,2059.1113,4.996
40.6400,410.818,2052.4465,4.996
40.6600,412.038,2057.7178,4.994
40.6800,410.33,2048.3674,4.992
40.7000,411.916,2054.637,4.988
40.7200,413.014,2060.9397,4.99
40.7400,412.648,2060.7642,4.994
40.7600,411.428,2053.8486,4.992
40.7800,412.892,2061.157,4.992
40.8000,409.843,2045.1165,4.99
40.8200,412.892,2061.157,4.992
40.8400,409.355,2041.8628,4.988
40.8600,417.893,2086.1218,4.992
40.8800,411.428,2053.8486,4.992
40.9000,410.818,2049.9817,4.99
40.9200,411.794,2057.3228,4.996
40.9400,411.916,2055.4607,4.99
40.9600,412.404,2058.7207,4.992
40.9800,411.306,2052.4167,4.99
41.0000,414.722,2069.4626,4.99
41.0200,411.062,2052.8438,4.994
41.0400,411.672,2055.0667,4.992
41.0600,425.943,2126.3074,4.992
41.0800,417.893,2086.9578,4.994
41.1000,418.381,2089.3948,4.994
41.1200,419.479,2093.2002,4.99
41.1400,414.851,2070.1064,4.99
41.1600,417.657,2084.1084,4.99
41.1800,410.094,2047.1892,4.992
41.2000,412.046,2056.9336,4.992
41.2200,409.728,2045.3622,4.992
41.2400,412.656,2060.804,4.994
41.2600,410.948,2050.6304,4.99
41.2800,414.12,2066.4587,4.99
41.3000,409.24,2042.1074,4.99
41.3200,412.778,2060.5879,4.992
41.3400,410.338,2047.5865,4.99
41.3600,412.29,2058.1519,4.992
41.3800,429.123,2141.3235,4.99
41.4000,411.192,2053.4927,4.994
41.4200,409.85,2045.1515,4.99
41.4400,411.802,2055.7156,4.992
41.4600,409.85,2044.3318,4.988
41.4800,411.558,2055.3208,4.994
41.5000,410.338,2047.5865,4.99
41.5200,412.412,2059.5854,4.994
41.5400,409.85,2045.9713,4.992
41.5600,412.412,2057.9358,4.99
41.5800,420.097,2097.1243,4.992
41.6000,412.168,2057.5427,4.992
41.6200,409.728,2045.3622,4.992
41.6400,412.412,2057.9358,4.99
41.6600,411.07,2051.2393,4.99
41.6800,411.924,2057.1484,4.994
41.7000,411.68,2054.283,4.99
41.7200,412.9,2061.1968,4.992
41.7400,411.314,2054.1021,4.994
41.7600,411.558,2053.6743,4.99
41.7800,410.948,2051.4524,4.992
41.8000,412.412,2058.7607,4.992
41.8200,409.362,2042.7163,4.99
41.8400,412.412,2059.5854,4.994
41.8600,419.609,2093.8489,4.99
41.8800,411.802,2055.7156,4.992
41.9000,417.169,2082.5078,4.992
41.9200,411.07,2052.0615,4.992
41.9400,411.924,2056.3247,4.992
41.9600,411.924,2056.3247,4.992
41.9800,412.046,2056.9336,4.992
42.0000,411.07,2052.8835,4.994
42.0200,414.729,2071.1567,4.994
42.0400,412.534,2059.3699,4.992
42.0600,412.412,2058.7607,4.992
42.0800,412.046,2056.1094,4.99
42.1000,411.07,2052.8835,4.994
42.1200,416.071,2077.0266,4.992
42.1400,413.136,2062.375,4.992
42.1600,410.696,2050.1946,4.992
42.1800,413.258,2063.8103,4.994
42.2000,411.062,2051.1995,4.99
42.2200,412.526,2059.3298,4.992
42.2400,410.94,2049.7688,4.988
42.2600,412.526,2059.3298,4.992
42.2800,411.062,2052.8438,4.994
42.3000,411.916,2056.2847,4.992
42.3200,411.794,2055.6758,4.992
42.3400,412.404,2057.8958,4.99
42.3600,411.55,2055.2805,4.994
42.3800,411.794,2054.8521,4.99
42.4000,410.94,2050.5906,4.99
42.4200,415.819,2077.4316,4.996
42.4400,410.818,2050.8035,4.992
42.4600,412.892,2060.3311,4.99
42.4800,580.854,2893.8145,4.982
42.5000,436.068,2177.7236,4.994
42.5200,540.602,2696.5227,4.988
42.5400,413.258,2064.637,4.996
42.5600,413.624,2064.811,4.992
42.5800,412.77,2060.5479,4.992
42.6000,413.38,2063.593,4.992
42.6200,411.428,2053.0256,4.99
42.6400,413.266,2063.0239,4.992
42.6600,413.022,2061.8059,4.992
42.6800,413.388,2063.6331,4.992
42.7000,410.826,2050.8433,4.992
42.7200,412.9,2062.0225,4.994
42.7400,411.924,2056.3247,4.992
42.7600,412.534,2059.3699,4.992
42.7800,411.924,2056.3247,4.992
42.8000,412.168,2057.5427,4.992
42.8200,410.948,2051.4524,4.992
42.8400,412.29,2058.1519,4.992
42.8600,412.168,2056.7183,4.99
42.8800,411.436,2053.8887,4.992
42.9000,411.192,2051.0256,4.988
42.9200,412.778,2060.5879,4.992
42.9400,412.046,2056.1094,4.99
42.9600,413.632,2065.6782,4.994
42.9800,410.704,2049.4128,4.99
43.0000,414.242,2067.8962,4.992
43.0200,410.948,2049.8086,4.988
43.0400,417.413,2084.5605,4.994
43.0600,410.948,2052.2742,4.994
43.0800,414.242,2067.8962,4.992
43.1000,411.192,2052.6704,4.992
43.1200,413.632,2065.6782,4.994
43.1400,409.362,2042.7163,4.99
43.1600,412.656,2059.9788,4.992
43.1800,411.07,2051.2393,4.99
43.2000,413.51,2065.0691,4.994
43.2200,409.606,2044.7532,4.992
43.2400,413.632,2065.6782,4.994
43.2600,409.972,2045.7601,4.99
43.2800,414.364,2068.5051,4.992
43.3000,411.07,2051.2393,4.99
43.3200,413.998,2067.5059,4.994
43.3400,409.24,2042.926,4.992
43.3600,414.851,2071.7659,4.994
43.3800,410.948,2052.2742,4.994
43.4000,413.388,2063.6331,4.992
43.4200,410.094,2046.3689,4.99
43.4400,412.29,2058.9763,4.994
43.4600,410.582,2050.4465,4.994
43.4800,413.388,2062.8059,4.99
43.5000,410.582,2048.8042,4.99
43.5200,413.632,2064.0234,4.99
43.5400,409.728,2043.7233,4.988
43.5600,413.51,2064.2419,4.992
43.5800,410.46,2049.0164,4.992
43.6000,412.9,2061.1968,4.992
43.6200,409.85,2045.9713,4.992
43.6400,412.412,2058.7607,4.992
43.6600,410.46,2049.0164,4.992
43.6800,417.169,2081.6733,4.99
43.7000,409.85,2045.1515,4.99
43.7200,412.29,2058.1519,4.992
43.7400,411.314,2052.4568,4.99
43.7600,412.656,2059.9788,4.992
43.7800,409.728,2045.3622,4.992
43.8000,413.632,2065.6782,4.994
43.8200,410.338,2047.5865,4.99
43.8400,413.266,2063.0239,4.992
43.8600,446.2,2226.5378,4.99
43.8800,433.88,2165.061,4.99
43.9000,435.832,2175.6733,4.992
43.9200,417.535,2083.4995,4.99
43.9400,418.633,2089.8159,4.992
43.9600,411.558,2054.4976,4.992
43.9800,427.293,2133.9011,4.994
44.0000,411.558,2055.3208,4.994
44.0200,412.168,2056.7183,4.99
44.0400,411.924,2056.3247,4.992
44.0600,412.9,2060.3708,4.99
44.0800,410.948,2052.2742,4.994
44.1000,411.802,2056.5391,4.994
44.1200,410.582,2049.6255,4.992
44.1400,411.07,2052.0615,4.992
44.1600,413.144,2063.2412,4.994
44.1800,411.802,2055.7156,4.992
44.2000,411.924,2056.3247,4.992
44.2200,410.948,2052.2742,4.994
44.2400,413.022,2061.8059,4.992
44.2600,412.168,2056.7183,4.99
44.2800,424.366,2118.4351,4.992
44.3000,420.462,2097.2644,4.988
44.3200,426.927,2131.2197,4.992
44.3400,416.559,2078.6292,4.99
44.3600,420.462,2099.7874,4.994
44.3800,410.338,2048.4075,4.992
44.4000,413.632,2064.0234,4.99
44.4200,410.216,2047.7983,4.992
44.4400,412.9,2062.0225,4.994
44.4600,410.582,2049.6255,4.992
44.4800,411.924,2056.3247,4.992
44.5000,415.827,2075.8083,4.992
44.5200,527.804,2631.6309,4.986
44.5400,533.415,2660.6738,4.988
44.5600,451.079,2255.395,5
44.5800,410.094,2048.0093,4.994
44.6000,412.412,2058.7607,4.992
44.6200,409.728,2044.5426,4.99
44.6400,413.274,2063.0637,4.992
44.6600,409.98,2046.6202,4.992
44.6800,413.03,2061.0195,4.99
44.7000,410.224,2047.8383,4.992
44.7200,412.176,2056.7581,4.99
44.7400,410.346,2048.4473,4.992
44.7600,412.054,2056.9736,4.992
44.7800,409.98,2046.6202,4.992
44.8000,413.03,2061.8457,4.992
44.8200,410.346,2048.4473,4.992
44.8400,412.42,2057.9758,4.99
44.8600,409.736,2045.4021,4.992
44.8800,413.03,2061.8457,4.992
44.9000,410.712,2050.2744,4.992
44.9200,411.688,2054.323,4.99
44.9400,412.42,2057.9758,4.99
44.9600,414.371,2068.54,4.992
44.9800,412.542,2059.4097,4.992
45.0000,412.664,2060.0188,4.992
45.0200,415.469,2074.8521,4.994
45.0400,412.176,2056.7581,4.99
45.0600,411.322,2053.3193,4.992
45.0800,414.127,2066.4937,4.99
45.1000,411.566,2055.3606,4.994
45.1200,411.688,2053.4998,4.988
45.1400,413.03,2062.6719,4.994
45.1600,410.956,2051.4924,4.992
45.1800,413.639,2064.886,4.992
45.2000,411.688,2055.1465,4.992
45.2200,412.664,2060.844,4.994
45.2400,410.346,2047.6265,4.99
45.2600,411.932,2057.1885,4.994
45.2800,410.834,2049.24,4.988
45.3000,412.908,2060.4109,4.99
45.3200,411.688,2055.1465,4.992
45.3400,411.932,2057.1885,4.994
45.3600,412.054,2055.3252,4.988
45.3800,411.566,2054.5376,4.992
45.4000,410.712,2049.4529,4.99
45.4200,413.639,2064.886,4.992
45.4400,409.98,2045.8002,4.99
45.4600,418.397,2087.801,4.99
45.4800,410.834,2050.0615,4.99
45.5000,413.883,2066.9316,4.994
45.5200,410.834,2050.8835,4.992
45.5400,419.495,2094.958,4.994
45.5600,410.834,2050.8835,4.992
45.5800,412.786,2059.802,4.99
45.6000,412.298,2058.1917,4.992
45.6200,412.054,2057.7976,4.994
45.6400,410.346,2048.4473,4.992
45.6600,413.395,2063.6677,4.992
45.6800,410.956,2049.8484,4.988
45.7000,413.761,2065.4949,4.992
45.7200,410.59,2048.844,4.99
45.7400,414.005,2067.541,4.994
45.7600,411.2,2051.8879,4.99
45.7800,412.908,2061.2368,4.992
45.8000,411.2,2051.8879,4.99
45.8200,412.908,2062.0625,4.994
45.8400,411.322,2052.4966,4.99
45.8600,413.152,2062.4548,4.992
45.8800,410.468,2048.2351,4.99
45.9000,413.754,2065.46,4.992
45.9200,426.439,2127.0776,4.988
45.9400,415.217,2073.5938,4.994
45.9600,419.365,2092.6311,4.99
45.9800,414.242,2068.7246,4.994
46.0000,410.704,2050.2344,4.992
46.0200,435.71,2175.0642,4.992
46.0400,904.233,4492.2295,4.968
46.0600,533.171,2664.7888,4.998
46.0800,416.925,2083.7913,4.998
46.1000,415.217,2073.5938,4.994
46.1200,410.216,2049.439,4.996
46.1400,409.728,2045.3622,4.992
46.1600,416.681,2080.9048,4.994
46.1800,411.192,2052.6704,4.992
46.2000,419.731,2095.2971,4.992
46.2200,410.582,2048.8042,4.99
46.2400,413.754,2066.2874,4.994
46.2600,425.83,2124.04,4.988
46.2800,414.607,2069.7183,4.992
46.3000,409.972,2046.5802,4.992
46.3200,427.659,2134.8738,4.992
46.3400,411.07,2052.0615,4.992
46.3600,414.485,2068.28,4.99
46.3800,425.464,2123.0652,4.99
46.4000,413.144,2062.415,4.992
46.4200,410.46,2049.0164,4.992
46.4400,413.998,2066.678,4.992
46.4600,410.338,2047.5865,4.99
46.4800,413.51,2065.896,4.996
46.5000,410.948,2050.6304,4.99
46.5200,414.242,2068.7246,4.994
46.5400,537.319,2680.147,4.988
46.5600,554.396,2764.2185,4.986
46.5800,439.613,2197.1858,4.998
46.6000,411.68,2055.9299,4.994
46.6200,429.611,2144.6182,4.992
46.6400,410.956,2052.3142,4.994
46.6600,414.005,2065.8848,4.99
46.6800,421.568,2102.781,4.988
46.7000,413.274,2063.8904,4.994
46.7200,411.444,2053.1055,4.99
46.7400,413.517,2064.2769,4.992
46.7600,411.078,2051.2791,4.99
46.7800,413.883,2066.104,4.992
46.8000,410.468,2047.4143,4.988
46.8200,414.005,2067.541,4.994
46.8400,410.834,2050.8835,4.992
46.8600,416.445,2079.7263,4.994
46.8800,411.444,2053.9285,4.992
46.9000,414.615,2068.9287,4.99
46.9200,411.078,2050.457,4.988
46.9400,414.249,2067.1023,4.99
46.9600,411.932,2055.5405,4.99
46.9800,416.445,2079.7263,4.994
47.0000,411.078,2051.2791,4.99
47.0200,414.371,2068.54,4.992
47.0400,410.346,2047.6265,4.99
47.0600,414.493,2069.978,4.994
47.0800,410.712,2048.6313,4.988
47.1000,414.615,2069.7581,4.992
47.1200,411.078,2052.1013,4.992
47.1400,413.761,2065.4949,4.992
47.1600,410.468,2049.0562,4.992
47.1800,413.639,2064.0586,4.99
47.2000,416.567,2078.6692,4.99
47.2200,414.249,2068.7595,4.994
47.2400,410.224,2047.0177,4.99
47.2600,418.031,2085.9746,4.99
47.2800,411.322,2051.6741,4.988
47.3000,413.517,2065.1038,4.994
47.3200,411.2,2051.8879,4.99
47.3400,420.348,2098.3772,4.992
47.3600,411.444,2052.2827,4.988
47.3800,414.127,2068.1504,4.994
47.4000,410.468,2048.2351,4.99
47.4200,413.883,2065.2761,4.99
47.4400,410.59,2048.844,4.99
47.4600,413.639,2065.7131,4.994
47.4800,409.858,2046.0112,4.992
47.5000,414.005,2066.7131,4.992
47.5200,422.91,2110.3208,4.99
47.5400,414.371,2068.54,4.992
47.5600,410.468,2049.0562,4.992
47.5800,414.127,2068.1504,4.994
47.6000,409.858,2045.1913,4.99
47.6200,414.371,2067.7112,4.99
47.6400,409.98,2046.6202,4.992
47.6600,413.03,2061.0195,4.99
47.6800,411.2,2051.0657,4.988
47.7000,413.883,2066.104,4.992
47.7200,414.005,2065.8848,4.99
47.7400,414.127,2067.322,4.992
47.7600,409.98,2045.8002,4.99
47.7800,412.176,2057.5825,4.992
47.8000,410.956,2051.4924,4.992
47.8200,414.127,2068.9785,4.996
47.8400,409.858,2045.1913,4.99
47.8600,414.249,2067.9309,4.992
47.8800,410.468,2049.0562,4.992
47.9000,414.005,2066.7131,4.992
47.9200,410.102,2046.4088,4.99
47.9400,412.176,2057.5825,4.992
47.9600,409.858,2044.3717,4.988
47.9800,413.03,2061.0195,4.99
48.0000,411.2,2051.8879,4.99
48.0200,413.03,2061.8457,4.992
48.0400,410.346,2048.4473,4.992
48.0600,412.542,2058.5845,4.99
48.0800,410.346,2046.8059,4.988
48.1000,413.639,2065.7131,4.994
48.1200,410.956,2051.4924,4.992
48.1400,413.152,2062.4548,4.992
48.1600,410.956,2051.4924,4.992
48.1800,411.81,2054.9319,4.99
48.2000,410.102,2048.0493,4.994
48.2200,411.81,2055.7556,4.992
48.2400,412.054,2056.9736,4.992
48.2600,412.664,2060.844,4.994
48.2800,409.98,2045.8002,4.99
48.3000,413.274,2063.8904,4.994
48.3200,409.858,2046.0112,4.992
48.3400,413.274,2062.2371,4.99
48.3600,409.98,2047.4402,4.994
48.3800,412.786,2060.6279,4.992
48.4000,409.98,2045.8002,4.99
48.4200,412.664,2060.844,4.994
48.4400,410.102,2046.4088,4.99
48.4600,427.057,2131.8687,4.992
48.4800,410.346,2049.2681,4.994
48.5000,413.03,2061.8457,4.992
48.5200,410.346,2048.4473,4.992
48.5400,413.274,2062.2371,4.99
48.5600,420.47,2099.8271,4.994
48.5800,416.933,2081.3296,4.992
48.6000,415.713,2075.2395,4.992
48.6200,588.805,2934.6042,4.984
48.6400,417.665,2088.325,5
48.6600,413.395,2063.6677,4.992
48.6800,415.469,2074.8521,4.994
48.7000,413.517,2063.4497,4.99
48.7200,415.347,2074.2429,4.994
48.7400,413.03,2062.6719,4.994
48.7600,414.615,2070.5872,4.994
48.7800,410.59,2049.6653,4.992
48.8000,414.005,2066.7131,4.992
48.8200,411.566,2054.5376,4.992
48.8400,413.639,2064.886,4.992
48.8600,410.346,2049.2681,4.994
48.8800,414.005,2065.8848,4.99
48.9000,410.468,2048.2351,4.99
48.9200,421.812,2105.6855,4.992
48.9400,410.834,2050.0615,4.99
48.9600,414.371,2068.54,4.992
48.9800,411.688,2054.323,4.99
49.0000,414.737,2070.3672,4.992
49.0200,423.52,2113.3647,4.99
49.0400,413.517,2065.1038,4.994
49.0600,410.224,2047.0177,4.99
49.0800,413.761,2066.3223,4.994
49.1000,411.444,2053.9285,4.992
49.1200,414.005,2065.8848,4.99
49.1400,410.346,2046.8059,4.988
49.1600,414.127,2067.322,4.992
49.1800,411.322,2053.3193,4.992
49.2000,414.981,2071.5852,4.992
49.2200,410.224,2048.6587,4.994
49.2400,414.493,2069.1492,4.992
49.2600,411.444,2053.1055,4.99
49.2800,415.347,2073.4121,4.992
49.3000,411.566,2053.7144,4.99
49.3200,414.005,2067.541,4.994
49.3400,410.712,2049.4529,4.99
49.3600,414.493,2069.1492,4.992
49.3800,537.573,2678.1887,4.982
49.4000,553.187,2758.1904,4.986
49.4200,415.469,2074.8521,4.994
49.4400,412.054,2057.7976,4.994
49.4600,416.445,2079.7263,4.994
49.4800,412.542,2059.4097,4.992
49.5000,415.225,2073.6335,4.994
49.5200,410.59,2048.844,4.99
49.5400,414.127,2068.1504,4.994
49.5600,417.421,2082.0959,4.988
49.5800,583.438,2906.688,4.982
49.6000,746.284,3717.9868,4.982
49.6200,559.164,2792.4651,4.994
49.6400,424,2119.1521,4.998
49.6600,411.07,2052.8835,4.994
49.6800,414.242,2070.3816,4.998
49.7000,411.192,2051.0256,4.988
49.7200,415.095,2072.1543,4.992
49.7400,409.972,2047.4,4.994
49.7600,423.024,2111.7358,4.992
49.7800,410.948,2050.6304,4.99
49.8000,415.339,2074.2029,4.994
49.8200,411.436,2053.8887,4.992
49.8400,414.973,2072.375,4.994
49.8600,410.704,2050.2344,4.992
49.8800,414.729,2070.3271,4.992
49.9000,416.803,2079.8469,4.99
49.9200,412.778,2060.5879,4.992
49.9400,410.338,2047.5865,4.99
49.9600,414.729,2071.1567,4.994
49.9800,410.216,2046.1573,4.988
50.0000,412.9,2060.3708,4.99
50.0200,414.607,2070.5474,4.994
50.0400,414.607,2068.0596,4.988
50.0600,410.704,2050.2344,4.992
50.0800,412.778,2060.5879,4.992
50.1000,409.728,2043.7233,4.988
50.1200,413.51,2064.2419,4.992
50.1400,411.314,2052.4568,4.99
50.1600,411.802,2056.5391,4.994
50.1800,410.582,2050.4465,4.994
50.2000,415.461,2073.1504,4.99
50.2200,410.704,2049.4128,4.99
50.2400,412.9,2060.3708,4.99
50.2600,409.85,2045.1515,4.99
50.2800,412.778,2061.4133,4.994
50.3000,410.216,2046.9778,4.99
50.3200,413.754,2064.6323,4.99
50.3400,409.972,2046.5802,4.992
50.3600,413.632,2065.6782,4.994
50.3800,409.362,2041.8976,4.988
50.4000,412.778,2059.7622,4.99
50.4200,415.583,2073.759,4.99
50.4400,412.534,2060.1948,4.994
50.4600,410.704,2049.4128,4.99
50.4800,412.9,2062.0225,4.994
50.5000,410.338,2047.5865,4.99
50.5200,412.9,2061.1968,4.992
50.5400,410.338,2046.766,4.988
50.5600,540.978,2697.3164,4.986
50.5800,535.001,2671.7949,4.994
50.6000,535.367,2670.4106,4.988
50.6200,532.805,2659.7627,4.992
50.6400,534.381,2666.561,4.99
50.6600,533.771,2665.6523,4.994
50.6800,411.062,2052.8438,4.994
50.7000,413.624,2065.6382,4.994
50.7200,411.55,2053.6343,4.99
50.7400,413.502,2065.0291,4.994
50.7600,410.452,2047.3345,4.988
50.7800,415.209,2071.8928,4.99
50.8000,412.282,2057.2871,4.99
50.8200,412.892,2061.157,4.992
50.8400,411.794,2055.6758,4.992
50.8600,413.624,2065.6382,4.994
50.8800,411.306,2053.2395,4.992
50.9000,423.504,2114.1321,4.992
50.9200,422.772,2110.4778,4.992
50.9400,420.333,2097.4617,4.99
50.9600,419.845,2095.8662,4.992
50.9800,430.335,2147.3716,4.99
51.0000,413.868,2066.8569,4.994
51.0200,410.574,2048.7642,4.99
51.0400,414.112,2068.0752,4.994
51.0600,410.33,2046.726,4.988
51.0800,413.868,2066.0291,4.992
51.1000,410.452,2048.1553,4.99
51.1200,413.746,2065.4202,4.992
51.1400,409.103,2042.2422,4.992
51.1600,420.203,2097.6533,4.992
51.1800,591.211,2946.5957,4.984
51.2000,752.95,3751.1968,4.982
51.2200,743.924,3709.2051,4.986
51.2400,736.483,3672.1042,4.986
51.2600,723.432,3614.2661,4.996
51.2800,753.316,3760.5535,4.992
51.3000,761.366,3799.2163,4.99
51.3200,750.632,3748.6562,4.994
51.3400,755.267,3770.293,4.992
51.3600,751.12,3751.0933,4.994
51.3800,745.509,3723.0718,4.994
51.4000,986.55,4911.0459,4.978
51.4200,1014.971,5056.5854,4.982
51.4400,1016.435,5072.0103,4.99
51.4600,1019.118,5087.437,4.992
51.4800,1021.558,5097.5742,4.99
51.5000,1012.409,5053.9458,4.992
51.5200,741.01,3708.0142,5.004
51.5400,741.01,3700.604,4.994
51.5600,733.814,3663.1997,4.992
51.5800,738.449,3687.8142,4.994
51.6000,734.546,3666.8538,4.992
51.6200,747.353,3729.2915,4.99
51.6400,741.62,3702.167,4.992
51.6600,763.454,3811.1624,4.992
51.6800,741.01,3700.604,4.994
51.7000,747.109,3728.0737,4.99
51.7200,742.108,3703.1187,4.99
51.7400,757.111,3781.0125,4.994
51.7600,738.571,3686.9465,4.992
51.7800,738.327,3684.2517,4.99
51.8000,737.473,3682.9402,4.994
51.8200,757.599,3781.9343,4.992
51.8400,729.422,3639.8157,4.99
51.8600,750.159,3741.793,4.988
51.8800,759.673,3790.7681,4.99
51.9000,801.877,3998.1589,4.986
51.9200,751.744,3749.6992,4.988
51.9400,744.548,3716.7834,4.992
51.9600,748.085,3732.9441,4.99
51.9800,745.279,3718.9419,4.99
52.0000,754.794,3766.4219,4.99
52.0200,739.059,3690.8608,4.994
52.0400,743.328,3709.2065,4.99
52.0600,1011.068,5037.1406,4.982
52.0800,1004.603,5004.9321,4.982
52.1000,1023.021,5100.7827,4.986
52.1200,1047.295,5226.002,4.99
52.1400,1020.582,5094.7451,4.992
52.1600,799.681,4001.604,5.004
52.1800,747.353,3733.7756,4.996
52.2000,736.375,3677.4568,4.994
52.2200,733.082,3662.4773,4.996
52.2400,735.765,3674.4104,4.994
52.2600,739.913,3692.1658,4.99
52.2800,740.278,3692.5066,4.988
52.3000,734.667,3668.927,4.994
52.3200,739.059,3690.8608,4.994
52.3400,751.622,3752.0972,4.992
52.3600,726.983,3626.1909,4.988
52.3800,745.279,3718.9419,4.99
52.4000,761.502,3801.4182,4.992
52.4200,743.45,3711.3025,4.992
52.4400,748.207,3736.5457,4.994
52.4600,743.938,3715.2263,4.994
52.4800,746.865,3728.3501,4.992
52.5000,740.888,3697.031,4.99
52.5200,751.744,3749.6992,4.988
52.5400,741.498,3700.0747,4.99
52.5600,740.034,3692.7695,4.99
52.5800,753.818,3763.0596,4.992
52.6000,740.156,3694.8589,4.992
52.6200,743.816,3714.6169,4.994
52.6400,745.767,3721.3772,4.99
52.6600,740.888,3698.5129,4.992
52.6800,736.131,3677.7102,4.996
52.7000,749.793,3742.9668,4.992
52.7200,739.425,3691.2097,4.992
52.7400,748.573,3733.8821,4.988
52.7600,731.13,3651.2632,4.994
52.7800,743.816,3713.1294,4.992
52.8000,736.985,3676.0811,4.988
52.8200,735.399,3672.5825,4.994
52.8400,781.751,3899.3738,4.988
52.8600,747.353,3730.7864,4.992
52.8800,761.624,3800.5037,4.99
52.9000,738.083,3685.9866,4.994
52.9200,744.67,3714.4138,4.988
52.9400,751.256,3750.27,4.992
52.9600,746.743,3726.2473,4.99
52.9800,734.424,3666.2446,4.992
53.0000,730.886,3647.1208,4.99
53.0200,735.643,3672.3301,4.992
53.0400,732.838,3658.3274,4.992
53.0600,726.251,3626.8975,4.994
53.0800,721.372,3602.5317,4.994
53.1000,720.396,3597.6575,4.994
53.1200,715.761,3573.0789,4.992
53.1400,717.225,3578.9524,4.99
53.1600,728.569,3638.4734,4.994
53.1800,733.204,3660.1543,4.992
53.2000,740.766,3697.9038,4.992
53.2200,722.104,3604.7432,4.992
53.2400,718.323,3585.8684,4.992
53.2600,729.91,3645.1704,4.994
53.2800,752.598,3753.959,4.988
53.3000,740.278,3693.9871,4.99
53.3200,729.91,3640.7908,4.988
53.3400,732.106,3656.1375,4.994
53.3600,740.522,3695.2046,4.99
53.3800,741.498,3700.0747,4.99
53.4000,726.007,3624.2271,4.992
53.4200,739.059,3690.8608,4.994
53.4400,732.472,3656.5002,4.992
53.4600,738.937,3687.2954,4.99
53.4800,731.618,3652.2371,4.992
53.5000,733.082,3658.0789,4.99
53.5200,741.986,3703.9944,4.992
53.5400,739.547,3691.8186,4.992
53.5600,730.764,3646.512,4.99
53.5800,731.374,3651.0193,4.992
53.6000,602.444,3009.8101,4.996
53.6200,732.35,3655.8911,4.992
53.6400,737.107,3678.1638,4.99
53.6600,744.777,3716.437,4.99
53.6800,652.199,3258.386,4.996
53.7000,743.558,3710.3542,4.99
53.7200,737.093,3681.0425,4.994
53.7400,695.134,3471.499,4.994
53.7600,728.433,3636.3376,4.992
53.7800,739.289,3690.5308,4.992
53.8000,731.238,3648.8774,4.99
53.8200,656.59,3277.6975,4.992
53.8400,740.264,3692.4368,4.988
53.8600,726.725,3627.811,4.992
53.8800,736.605,3677.1321,4.992
53.9000,732.078,3653.0691,4.99
53.9200,761.108,3796.4065,4.988
53.9400,441.174,2208.5171,5.006
53.9600,537.166,2681.5327,4.992
53.9800,538.142,2687.4812,4.994
54.0000,535.581,2672.5491,4.99
54.0200,538.752,2689.4502,4.992
54.0400,534.605,2668.748,4.992
54.0600,414.462,2069.8232,4.994
54.0800,411.901,2057.0337,4.994
54.1000,413.974,2067.3862,4.994
54.1200,413.12,2061.4688,4.99
54.1400,414.462,2069.8232,4.994
54.1600,413.852,2065.9492,4.992
54.1800,412.754,2060.468,4.992
54.2000,413.974,2066.5583,4.992
54.2200,413.12,2061.4688,4.99
54.2400,413.608,2065.5583,4.994
54.2600,413.608,2063.9038,4.99
54.2800,415.194,2071.8179,4.99
54.3000,412.876,2061.0771,4.992
54.3200,414.584,2070.4326,4.994
54.3400,413.242,2062.9041,4.992
54.3600,415.072,2072.0393,4.992
54.3800,412.754,2059.6423,4.99
54.4000,415.682,2074.2532,4.99
54.4200,427.025,2130.8547,4.99
54.4400,416.292,2077.2969,4.99
54.4600,412.022,2055.9897,4.99
54.4800,416.17,2076.6882,4.99
54.5000,412.144,2056.5986,4.99
54.5200,415.56,2075.3066,4.994
54.5400,412.022,2055.9897,4.99
54.5600,415.438,2075.5281,4.996
54.5800,425.805,2123.9153,4.988
54.6000,538.264,2684.8606,4.988
54.6200,536.19,2674.5156,4.988
54.6400,538.142,2685.3286,4.99
54.6600,535.337,2671.3313,4.99
54.6800,449.224,2244.323,4.996
54.7000,413.242,2063.7305,4.994
54.7200,415.682,2075.916,4.994
54.7400,412.998,2061.686,4.992
54.7600,415.438,2073.8665,4.992
54.7800,412.632,2059.0334,4.99
54.8000,415.438,2075.5281,4.996
54.8200,412.876,2060.2512,4.99
54.8400,417.511,2084.2148,4.992
54.8600,412.266,2057.2073,4.99
54.8800,414.95,2072.2603,4.994
54.9000,411.779,2055.6008,4.992
54.9200,414.95,2071.4304,4.992
54.9400,411.169,2051.7332,4.99
54.9600,415.072,2072.8694,4.994
54.9800,411.779,2055.6008,4.992
55.0000,415.072,2072.0393,4.992
55.0200,411.657,2054.1685,4.99
55.0400,415.194,2072.6484,4.992
55.0600,412.022,2056.814,4.992
55.0800,414.218,2067.7761,4.992
55.1000,418.365,2087.6411,4.99
55.1200,415.072,2071.2092,4.99
55.1400,411.901,2057.0337,4.994
55.1600,414.096,2066.3389,4.99
55.1800,412.998,2062.512,4.994
55.2000,413.73,2065.3403,4.992
55.2200,413.852,2066.7769,4.994
55.2400,413.73,2065.3403,4.992
55.2600,413.852,2065.9492,4.992
55.2800,412.632,2059.8589,4.992
55.3000,414.218,2066.9478,4.99
55.3200,416.048,2076.0793,4.99
55.3400,414.706,2069.3828,4.99
55.3600,413.364,2062.6863,4.99
55.3800,414.462,2069.8232,4.994
55.4000,411.786,2053.9885,4.988
55.4200,415.446,2073.9065,4.992
55.4400,412.762,2059.6824,4.99
55.4600,416.055,2076.1143,4.99
55.4800,412.03,2056.0295,4.99
55.5000,415.202,2072.6885,4.992
55.5200,602.799,3003.1445,4.982
55.5400,435.205,2174.2839,4.996
55.5600,416.543,2080.2158,4.994
55.5800,413.86,2065.989,4.992
55.6000,416.299,2078.9973,4.994
55.6200,418.129,2086.4636,4.99
55.6400,417.641,2084.8638,4.992
55.6600,411.916,2055.4607,4.99
55.6800,414.844,2070.9014,4.992
55.7000,412.038,2056.8938,4.992
55.7200,414.966,2070.6802,4.99
55.7400,411.794,2054.0286,4.988
55.7600,414.722,2070.2922,4.992
55.7800,411.062,2051.1995,4.99
55.8000,414.722,2069.4626,4.99
55.8200,411.916,2056.2847,4.992
55.8400,414.844,2071.731,4.994
55.8600,411.306,2053.2395,4.992
55.8800,414.6,2069.6833,4.992
55.9000,413.38,2064.4197,4.994
55.9200,413.136,2061.5486,4.99
55.9400,413.746,2064.5925,4.99
55.9600,414.112,2067.2471,4.992
55.9800,413.99,2066.6382,4.992
56.0000,413.258,2062.1572,4.99
56.0200,416.795,2079.8071,4.99
56.0400,414.966,2071.5103,4.992
56.0600,415.819,2075.7686,4.992
56.0800,412.648,2059.1135,4.99
56.1000,415.088,2072.1194,4.992
56.1200,412.282,2057.2871,4.99
56.1400,417.405,2084.5205,4.994
56.1600,410.811,2049.9468,4.99
56.1800,414.592,2068.814,4.99
56.2000,411.42,2052.1631,4.988
56.2200,414.836,2071.6909,4.994
56.2400,412.03,2056.8538,4.992
56.2600,414.592,2067.9849,4.988
56.2800,411.542,2054.4177,4.992
56.3000,413.616,2065.5984,4.994
56.3200,411.176,2053.4128,4.994
56.3400,413.616,2065.5984,4.994
56.3600,411.298,2053.1997,4.992
56.3800,414.348,2069.2539,4.994
56.4000,414.462,2069.8232,4.994
56.4200,413.12,2060.6426,4.988
56.4400,413.608,2065.5583,4.994
56.4600,412.998,2062.512,4.994
56.4800,413.73,2065.3403,4.992
56.5000,413.608,2063.9038,4.99
56.5200,414.584,2070.4326,4.994
56.5400,417.877,2086.042,4.992
56.5600,414.584,2069.6035,4.992
56.5800,412.266,2056.3828,4.988
56.6000,539.606,2689.3965,4.984
56.6200,534.849,2667.8267,4.988
56.6400,538.142,2686.405,4.992
56.6600,415.08,2074.5698,4.998
56.6800,413.25,2062.9441,4.992
56.7000,413.25,2063.7705,4.994
56.7200,413.372,2063.5532,4.992
56.7400,412.884,2061.1169,4.992
56.7600,416.909,2081.2097,4.992
56.7800,413.25,2062.9441,4.992
56.8000,414.47,2068.2053,4.99
56.8200,413.128,2061.5085,4.99
56.8400,414.836,2072.5205,4.996
56.8600,413.86,2065.989,4.992
56.8800,427.399,2131.8662,4.988
56.9000,412.518,2058.4648,4.99
56.9200,414.592,2069.6433,4.992
56.9400,411.664,2054.2034,4.99
56.9600,414.836,2070.8613,4.992
56.9800,430.205,2145.8625,4.988
57.0000,414.47,2068.2053,4.99
57.0200,423.252,2111.1809,4.988
57.0400,414.226,2067.8164,4.992
57.0600,411.176,2051.7681,4.99
57.0800,414.226,2066.9878,4.99
57.1000,411.542,2053.5945,4.99
57.1200,414.836,2070.0315,4.99
57.1400,410.201,2046.0825,4.988
57.1600,413.73,2066.1677,4.994
57.1800,413.12,2062.2952,4.992
57.2000,419.219,2092.7412,4.992
57.2200,413.364,2064.3398,4.994
57.2400,414.096,2067.9954,4.994
57.2600,413.364,2063.5132,4.992
57.2800,416.901,2080.3359,4.99
57.3000,419.585,2092.8899,4.988
57.3200,413.852,2065.1213,4.99
57.3400,412.022,2056.814,4.992
57.3600,413.486,2063.2949,4.99
57.3800,412.876,2061.9028,4.994
57.4000,412.51,2057.5999,4.988
57.4200,414.462,2069.8232,4.994
57.4400,413.242,2062.9041,4.992
57.4600,416.657,2079.9519,4.992
57.4800,413.608,2063.9038,4.99
57.5000,415.316,2074.0881,4.994
57.5200,412.876,2058.5999,4.986
57.5400,415.682,2075.0847,4.992
57.5600,412.754,2060.468,4.992
57.5800,415.926,2076.3025,4.992
57.6000,412.632,2059.0334,4.99
57.6200,420.439,2097.1497,4.988
57.6400,453.127,2261.1038,4.99
57.6600,784.892,3908.7622,4.98
57.6800,738.543,3680.8987,4.984
57.7000,746.715,3727.6016,4.992
57.7200,732.2,3655.1426,4.992
57.7400,736.469,3674.9802,4.99
57.7600,744.519,3713.6606,4.988
57.7800,741.836,3704.729,4.994
57.8000,750.008,3741.0398,4.988
57.8200,746.227,3725.1653,4.992
57.8400,720.125,3593.4236,4.99
57.8600,958.947,4773.6387,4.978
57.8800,1028.4709,5125.8994,4.984
57.9000,1012.634,5055.0688,4.992
57.9200,1016.781,5077.8042,4.994
57.9400,1028.125,5130.3438,4.99
57.9600,1026.5389,5122.4292,4.99
57.9800,738.191,3690.9548,5
58.0000,735.507,3674.593,4.996
58.0200,730.14,3646.3191,4.994
58.0400,738.435,3687.7444,4.994
58.0600,739.167,3688.4431,4.99
58.0800,736.605,3675.6587,4.99
58.1000,730.14,3644.8591,4.992
58.1200,735.263,3670.4329,4.992
58.1400,737.093,3678.094,4.99
58.1600,722.7,3607.7185,4.992
58.1800,731.848,3653.3855,4.992
58.2000,732.092,3654.6033,4.992
58.2200,743.314,3709.1367,4.99
58.2400,741.972,3702.4399,4.99
58.2600,749.047,3739.2427,4.992
58.2800,754.901,3765.446,4.988
58.3000,752.462,3753.2803,4.988
58.3200,728.921,3637.3157,4.99
58.3400,743.558,3713.3286,4.994
58.3600,757.463,3781.2554,4.992
58.3800,743.924,3713.6687,4.992
58.4000,729.897,3646.5652,4.996
58.4200,729.897,3642.1858,4.99
58.4400,742.338,3704.2666,4.99
58.4600,733.8,3666.0647,4.996
58.4800,743.436,3708.2585,4.988
58.5000,733.068,3659.4756,4.992
58.5200,999.217,4974.1021,4.978
58.5400,1020.318,5087.3057,4.986
58.5600,1035.687,5163.9355,4.986
58.5800,1035.809,5168.6865,4.99
58.6000,1021.538,5097.4746,4.99
58.6200,1040.444,5193.8965,4.992
58.6400,730.019,3651.5549,5.002
58.6600,723.69,3617.0027,4.998
58.6800,724.909,3620.1956,4.994
58.7000,721.738,3602.916,4.992
58.7200,724.299,3615.7007,4.992
58.7400,734.789,3669.5361,4.994
58.7600,733.57,3660.5142,4.99
58.7800,744.548,3716.7834,4.992
58.8000,742.718,3706.1628,4.99
58.8200,655.016,3272.4597,4.996
58.8400,769.065,3840.7107,4.994
58.8600,743.084,3709.4753,4.992
58.8800,745.523,3723.1418,4.994
58.9000,742.596,3707.0393,4.992
58.9200,746.499,3723.5371,4.988
58.9400,742.352,3704.3362,4.99
58.9600,742.352,3707.3059,4.994
58.9800,743.45,3711.3025,4.992
59.0000,739.547,3693.2976,4.994
59.0200,744.182,3714.9565,4.992
59.0400,740.034,3694.2498,4.992
59.0600,744.304,3715.5657,4.992
59.0800,741.986,3702.51,4.99
59.1000,746.255,3722.3198,4.988
59.1200,743.328,3709.2065,4.99
59.1400,747.475,3729.8999,4.99
59.1600,744.304,3715.5657,4.992
59.1800,741.376,3699.4661,4.99
59.2000,743.694,3712.5203,4.992
59.2200,737.351,3680.8564,4.992
59.2400,729.544,3641.8838,4.992
59.2600,725.031,3620.8049,4.994
59.2800,738.083,3684.5105,4.992
59.3000,747.475,3729.8999,4.99
59.3200,748.085,3731.448,4.988
59.3400,730.032,3645.7798,4.994
59.3600,738.693,3687.5554,4.992
59.3800,737.229,3678.7725,4.99
59.4000,739.547,3690.3394,4.99
59.4200,762.966,3811.7781,4.996
59.4400,744.304,3714.0769,4.99
59.4600,744.304,3715.5657,4.992
59.4800,728.203,3635.1895,4.992
59.5000,732.594,3657.1094,4.992
59.5200,733.448,3658.4385,4.988
59.5400,738.449,3686.3374,4.992
59.5600,731.13,3651.2632,4.994
59.5800,722.836,3606.9514,4.99
59.6000,727.349,3629.4714,4.99
59.6200,724.787,3616.687,4.99
59.6400,721.616,3600.8638,4.99
59.6600,730.642,3644.4424,4.988
59.6800,738.815,3688.1646,4.992
59.7000,723.934,3612.4307,4.99
59.7200,729.788,3643.1018,4.992
59.7400,730.642,3645.9036,4.99
59.7600,746.499,3725.03,4.99
59.7800,767.601,3831.8643,4.992
59.8000,728.081,3634.5803,4.992
59.8200,743.328,3710.6934,4.992
59.8400,740.4,3697.5576,4.994
59.8600,737.839,3686.2434,4.996
59.8800,737.473,3681.4653,4.992
59.9000,722.958,3607.5603,4.99
59.9200,737.351,3680.8564,4.992
59.9400,730.032,3644.3198,4.992
59.9600,733.082,3658.0789,4.99
59.9800,740.766,3697.9038,4.992
60.0000,745.401,3722.5325,4.994
60.0200,734.18,3666.4949,4.994
60.0400,737.473,3681.4653,4.992
60.0600,736.375,3677.4568,4.994
60.0800,717.591,3579.3438,4.988
60.1000,740.766,3699.3853,4.994
60.1200,738.571,3686.9465,4.992
60.1400,655.382,3274.2883,4.996
60.1600,740.766,3694.9407,4.988
60.1800,743.938,3709.2749,4.986
60.2000,695.635,3474.0012,4.994
60.2200,726.739,3624.9741,4.988
60.2400,746.743,3729.2344,4.994
60.2600,738.205,3685.1196,4.992
60.2800,665.506,3324.8677,4.996
60.3000,754.55,3763.6953,4.988
60.3200,724.909,3618.7458,4.992
60.3400,730.154,3643.4683,4.99
60.3600,735.643,3672.3301,4.992
60.3800,782.97,3908.5862,4.992
60.4000,552.678,2763.3899,5
60.4200,543.163,2714.7288,4.998
60.4400,494.861,2472.3254,4.996
60.4600,410.452,2050.6182,4.996
60.4800,414.234,2068.6846,4.994
60.5000,539.626,2690.5752,4.986
60.5200,414.722,2071.9509,4.996
60.5400,412.038,2057.7178,4.994
60.5600,414.6,2068.854,4.99
60.5800,411.794,2055.6758,4.992
60.6000,413.868,2065.2012,4.99
60.6200,421.43,2104.6213,4.994
60.6400,537.553,2680.2393,4.986
60.6600,536.465,2676.9604,4.99
60.6800,537.563,2682.4392,4.99
60.7000,413.388,2065.2864,4.996
60.7200,415.095,2073.8145,4.996
60.7400,412.168,2056.7183,4.99
60.7600,416.071,2077.0266,4.992
60.7800,412.29,2057.3271,4.99
60.8000,415.217,2073.5938,4.994
60.8200,420.462,2098.1052,4.99
60.8400,416.803,2080.6807,4.992
60.8600,412.046,2056.1094,4.99
60.8800,415.339,2074.2029,4.994
60.9000,411.314,2052.4568,4.99
60.9200,414.364,2068.5051,4.992
60.9400,412.9,2059.5452,4.988
60.9600,412.9,2062.0225,4.994
60.9800,412.29,2058.1519,4.992
61.0000,413.998,2065.8499,4.99
61.0200,414.12,2068.1152,4.994
61.0400,420.706,2098.4814,4.988
61.0600,414.607,2070.5474,4.994
61.0800,414.485,2069.1091,4.992
61.1000,417.291,2083.1167,4.992
61.1200,412.656,2059.9788,4.992
61.1400,415.217,2072.7634,4.992
61.1600,411.428,2053.8486,4.992
61.1800,414.722,2069.4626,4.99
61.2000,410.94,2051.4126,4.992
61.2200,414.356,2068.4651,4.992
61.2400,412.648,2060.7642,4.994
61.2600,413.624,2064.811,4.992
61.2800,412.648,2059.939,4.992
61.3000,413.38,2062.7661,4.99
61.3200,413.136,2062.375,4.992
61.3400,415.819,2074.9368,4.99
61.3600,414.844,2070.9014,4.992
61.3800,413.38,2063.593,4.992
61.4000,416.551,2078.5894,4.99
61.4200,412.892,2060.3311,4.99
61.4400,415.575,2075.3816,4.994
61.4600,413.99,2065.8101,4.99
61.4800,415.697,2075.1594,4.992
61.5000,412.526,2058.5046,4.99
61.5200,414.6,2069.6833,4.992
61.5400,412.526,2059.3298,4.992
61.5600,414.356,2067.6362,4.99
61.5800,411.428,2053.8486,4.992
61.6000,413.502,2063.375,4.99
61.6200,412.404,2059.5454,4.994
61.6400,414.234,2066.1992,4.988
61.6600,415.209,2072.7234,4.992
61.6800,413.258,2063.8103,4.994
61.7000,415.575,2074.5505,4.992
61.7200,412.648,2058.2883,4.988
61.7400,415.331,2074.1631,4.994
61.7600,412.526,2059.3298,4.992
61.7800,416.307,2078.2046,4.992
61.8000,412.404,2058.7207,4.992
61.8200,414.844,2070.0715,4.99
61.8400,412.648,2058.2883,4.988
61.8600,416.307,2078.2046,4.992
61.8800,412.648,2059.1135,4.99
61.9000,413.502,2063.375,4.99
61.9200,412.892,2061.9827,4.994
61.9400,419.113,2091.3738,4.99
61.9600,418.747,2091.2227,4.994
61.9800,413.014,2061.7659,4.992
62.0000,414.6,2068.854,4.99
62.0200,412.404,2058.7207,4.992
62.0400,416.185,2077.5955,4.992
62.0600,412.404,2058.7207,4.992
62.0800,415.575,2074.5505,4.992
62.1000,412.892,2060.3311,4.99
62.1200,415.331,2072.5015,4.99
62.1400,412.404,2059.5454,4.994
62.1600,414.112,2067.2471,4.992
62.1800,411.672,2054.2432,4.99
62.2000,413.99,2066.6382,4.992
62.2200,413.38,2062.7661,4.99
62.2400,414.234,2067.0276,4.99
62.2600,413.99,2065.8101,4.99
62.2800,413.136,2063.2012,4.994
62.3000,414.478,2069.0742,4.992
62.3200,412.77,2060.5479,4.992
62.3400,415.331,2074.9937,4.996
62.3600,413.136,2062.375,4.992
62.3800,416.185,2076.7629,4.99
62.4000,412.282,2057.2871,4.99
62.4200,415.575,2073.7192,4.99
62.4400,429.359,2142.5015,4.99
62.4600,414.112,2067.2471,4.992
62.4800,428.139,2136.4136,4.99
62.5000,414.112,2067.2471,4.992
62.5200,412.282,2058.1118,4.992
62.5400,414.112,2066.4187,4.99
62.5600,413.136,2061.5486,4.99
62.5800,413.258,2063.8103,4.994
62.6000,413.746,2065.4202,4.992
62.6200,412.892,2061.9827,4.994
62.6400,539.138,2688.1421,4.986
62.6600,536.221,2674.6704,4.988
62.6800,536.465,2675.8875,4.988
62.7000,413.388,2066.1133,4.998
62.7200,411.68,2055.1064,4.992
62.7400,414.364,2068.5051,4.992
62.7600,413.51,2064.2419,4.992
62.7800,420.706,2099.3228,4.99
62.8000,415.339,2074.2029,4.994
62.8200,413.144,2061.5886,4.99
62.8400,415.461,2074.8123,4.994
62.8600,413.51,2063.4148,4.99
62.8800,415.827,2075.8083,4.992
62.9000,414.485,2069.1091,4.992
62.9200,414.607,2068.0596,4.988
62.9400,411.558,2053.6743,4.99
62.9600,413.998,2066.678,4.992
62.9800,411.802,2056.5391,4.994
63.0000,419.243,2092.8611,4.992
63.0200,413.388,2064.4597,4.994
63.0400,413.266,2063.8503,4.994
63.0600,413.876,2065.2412,4.99
63.0800,413.51,2064.2419,4.992
63.1000,415.217,2071.9329,4.99
63.1200,416.193,2075.9707,4.988
63.1400,415.217,2073.5938,4.994
63.1600,412.526,2059.3298,4.992
63.1800,415.453,2074.7722,4.994
63.2000,412.282,2057.2871,4.99
63.2200,415.088,2072.1194,4.992
63.2400,412.282,2056.4626,4.988
63.2600,414.112,2067.2471,4.992
63.2800,411.794,2054.8521,4.99
63.3000,414.234,2067.0276,4.99
63.3200,411.916,2056.2847,4.992
63.3400,415.331,2074.1631,4.994
63.3600,412.282,2058.1118,4.992
63.3800,413.136,2061.5486,4.99
63.4000,415.08,2072.0793,4.992
63.4200,413.006,2060.8999,4.99
63.4400,526.931,2627.2781,4.986
63.4600,551.325,2750.009,4.988
63.4800,418.251,2090.4187,4.998
63.5000,418.983,2092.4011,4.994
63.5200,417.519,2084.2549,4.992
63.5400,415.202,2071.8579,4.99
63.5600,415.69,2075.9558,4.994
63.5800,413.25,2062.9441,4.992
63.6000,415.933,2075.5056,4.99
63.6200,413.006,2060.074,4.988
63.6400,417.153,2082.428,4.992
63.6600,411.786,2053.9885,4.988
63.6800,414.47,2069.0342,4.992
63.7000,411.298,2051.5544,4.988
63.7200,414.592,2068.814,4.99
63.7400,412.03,2056.0295,4.99
63.7600,415.324,2071.636,4.988
63.7800,412.396,2058.6809,4.992
63.8000,413.86,2065.989,4.992
63.8200,413.738,2065.3801,4.992
63.8400,413.25,2063.7705,4.994
63.8600,414.958,2072.3003,4.994
63.8800,413.128,2061.5085,4.99
63.9000,415.088,2072.9495,4.994
63.9200,411.306,2052.4167,4.99
63.9400,415.941,2075.5457,4.99
63.9600,411.794,2055.6758,4.992
63.9800,414.6,2070.5125,4.994
64.0000,413.258,2061.3308,4.988
64.0200,414.6,2070.5125,4.994
64.0400,413.258,2062.1572,4.99
64.0600,416.917,2080.4158,4.99
64.0800,412.282,2058.9363,4.994
64.1000,413.502,2063.375,4.99
64.1200,412.038,2056.0696,4.99
64.1400,413.624,2063.9836,4.99
64.1600,415.568,2074.5154,4.992
64.1800,413.982,2064.9421,4.988
64.2000,415.812,2075.7336,4.992
64.2200,413.128,2062.335,4.992
64.2400,415.446,2074.7373,4.994
64.2600,412.152,2056.6384,4.99
64.2800,414.958,2070.6404,4.99
64.3000,411.42,2052.9858,4.99
64.3200,415.568,2075.3464,4.994
64.3400,412.518,2059.29,4.992
64.3600,415.69,2075.1245,4.992
64.3800,411.542,2052.7715,4.988
64.4000,415.194,2072.6484,4.992
64.4200,413.242,2062.0774,4.99
64.4400,412.876,2060.2512,4.99
64.4600,413.242,2062.9041,4.992
64.4800,413.852,2066.7769,4.994
64.5000,414.706,2070.2124,4.992
64.5200,412.998,2060.8599,4.99
64.5400,414.706,2071.0417,4.994
64.5600,414.096,2066.3389,4.99
64.5800,416.048,2076.9116,4.992
64.6000,413.12,2062.2952,4.992
64.6200,415.194,2073.4788,4.994
64.6400,412.266,2057.2073,4.99
64.6600,431.302,2153.0596,4.992
64.6800,415.812,2074.9019,4.99
64.7000,411.176,2051.7681,4.99
64.7200,415.202,2072.6885,4.992
64.7400,430.326,2148.1875,4.992
64.7600,415.08,2071.249,4.99
64.7800,430.326,2147.3267,4.99
64.8000,414.348,2068.4253,4.992
64.8200,427.643,2133.0833,4.988
64.8400,413.25,2062.1174,4.99
64.8600,412.152,2057.4629,4.992
64.8800,413.494,2063.335,4.99
64.9000,414.714,2071.0815,4.994
64.9200,413.006,2061.7261,4.992
64.9400,415.446,2074.7373,4.994
64.9600,419.349,2092.5515,4.99
64.9800,456.307,2276.9719,4.99
65.0000,454.112,2266.9272,4.992
65.0200,420.569,2098.6392,4.99
65.0400,422.764,2110.438,4.992
65.0600,411.664,2054.2034,4.99
65.0800,413.616,2064.771,4.992
65.1000,417.641,2084.0286,4.99
65.1200,413.86,2065.1611,4.99
65.1400,413.982,2065.77,4.99
65.1600,412.762,2058.8567,4.988
65.1800,422.032,2105.9397,4.99
65.2000,412.152,2056.6384,4.99
65.2200,415.568,2073.6841,4.99
65.2400,411.908,2055.4207,4.99
65.2600,422.52,2108.3748,4.99
65.2800,418.007,2086.6909,4.992
65.3000,420.812,2100.6936,4.992
65.3200,439.475,2193.8594,4.992
65.3400,413.006,2060.8999,4.99
65.3600,415.812,2075.7336,4.992
65.3800,416.543,2078.5496,4.99
65.4000,417.641,2084.0286,4.99
65.4200,416.909,2080.3757,4.99
65.4400,413.86,2065.989,4.992
65.4600,411.908,2054.5969,4.988
65.4800,413.494,2064.989,4.994
65.5000,416.787,2079.7671,4.99
65.5200,413.738,2064.5525,4.99
65.5400,412.762,2061.3335,4.994
65.5600,413.86,2065.1611,4.99
65.5800,413.86,2065.1611,4.99
65.6000,413.738,2065.3801,4.992
65.6200,413.494,2064.1621,4.992
65.6400,412.152,2057.4629,4.992
65.6600,415.69,2075.1245,4.992
65.6800,496.681,2478.438,4.99
65.7000,758.805,3778.8489,4.98
65.7200,747.705,3728.0574,4.986
65.7400,743.558,3710.3542,4.99
65.7600,719.773,3590.2278,4.988
65.7800,737.703,3684.0889,4.994
65.8000,738.191,3685.0496,4.992
65.8200,770.514,3843.3237,4.988
65.8400,737.947,3682.3555,4.99
65.8600,744.046,3714.2778,4.992
65.8800,740.386,3694.5259,4.99
65.9000,943.108,4700.4502,4.984
65.9200,1020.704,5089.23,4.986
65.9400,1014.239,5059.0239,4.988
65.9600,1017.654,5078.0933,4.99
65.9800,1020.704,5097.3955,4.994
66.0000,1021.68,5098.1831,4.99
66.0200,734.789,3675.4146,5.002
66.0400,743.572,3713.3987,4.994
66.0600,736.741,3679.2847,4.994
66.0800,737.595,3683.5493,4.994
66.1000,732.96,3657.4705,4.99
66.1200,734.911,3667.2058,4.99
66.1400,741.742,3699.8091,4.988
66.1600,740.536,3695.2744,4.99
66.1800,738.585,3687.0166,4.992
66.2000,736.633,3677.272,4.992
66.2200,750.417,3743.0798,4.988
66.2400,743.586,3710.4939,4.99
66.2600,737.121,3681.1821,4.994
66.2800,740.536,3696.7559,4.992
66.3000,722.849,3608.4622,4.992
66.3200,743.952,3713.8086,4.992
66.3400,729.192,3640.1267,4.992
66.3600,741.512,3701.6282,4.992
66.3800,728.704,3637.6904,4.992
66.4000,757.37,3779.2761,4.99
66.4200,737.609,3680.6687,4.99
66.4400,733.95,3662.4104,4.99
66.4600,742.488,3703.53,4.988
66.4800,746.147,3723.2732,4.99
66.5000,745.294,3719.0168,4.99
66.5200,733.584,3663.5183,4.994
66.5400,734.437,3664.8406,4.99
66.5600,995.229,4956.2402,4.98
66.5800,1006.208,5016.9531,4.986
66.6000,1039.874,5191.0513,4.992
66.6200,1015.6,5067.8438,4.99
66.6400,1042.801,5201.4912,4.988
66.6600,774.554,3878.9666,5.008
66.6800,740.156,3697.8193,4.996
66.7000,726.495,3628.116,4.994
66.7200,733.448,3664.3062,4.996
66.7400,733.57,3663.4485,4.994
66.7600,740.034,3694.2498,4.992
66.7800,733.326,3660.7634,4.992
66.8000,728.447,3637.8645,4.994
66.8200,723.446,3611.4424,4.992
66.8400,759.429,3789.5505,4.99
66.8600,741.01,3697.6399,4.99
66.8800,731.252,3648.9473,4.99
66.9000,745.889,3721.9858,4.99
66.9200,743.938,3713.7385,4.992
66.9400,748.573,3735.3792,4.99
66.9600,743.328,3710.6934,4.992
66.9800,747.353,3729.2915,4.99
67.0000,742.108,3704.603,4.992
67.0200,751.256,3750.27,4.992
67.0400,741.986,3706.9619,4.996
67.0600,744.792,3716.512,4.99
67.0800,747.719,3732.6133,4.992
67.1000,744.67,3717.3926,4.992
67.1200,739.669,3690.9482,4.99
67.1400,741.986,3705.4783,4.994
67.1600,748.085,3731.448,4.988
67.1800,751.256,3751.7725,4.994
67.2000,748.207,3735.0493,4.992
67.2200,750.646,3745.7234,4.99
67.2400,735.643,3672.3301,4.992
67.2600,755.648,3772.1948,4.992
67.2800,741.254,3698.8574,4.99
67.3000,746.255,3723.8123,4.99
67.3200,739.547,3690.3394,4.99
67.3400,761.258,3798.6772,4.99
67.3600,768.333,3832.4451,4.988
67.3800,757.355,3777.6865,4.988
67.4000,745.036,3719.2197,4.992
67.4200,741.864,3701.9014,4.99
67.4400,747.475,3729.8999,4.99
67.4600,750.281,3746.9033,4.994
67.4800,735.277,3671.9731,4.994
67.5000,738.205,3686.5957,4.994
67.5200,721.006,3599.262,4.992
67.5400,741.376,3700.949,4.992
67.5600,735.155,3666.9531,4.988
67.5800,732.35,3654.4263,4.99
67.6000,726.983,3626.1909,4.988
67.6200,727.715,3632.7534,4.992
67.6400,727.105,3629.7083,4.992
67.6600,725.885,3622.166,4.99
67.6800,745.036,3717.7295,4.99
67.7000,731.374,3649.5562,4.99
67.7200,728.081,3636.0364,4.994
67.7400,730.398,3646.147,4.992
67.7600,739.059,3689.3828,4.992
67.7800,738.449,3686.3374,4.992
67.8000,747.841,3733.2224,4.992
67.8200,747.963,3732.3352,4.99
67.8400,765.04,3819.0796,4.992
67.8600,727.959,3633.9714,4.992
67.8800,777.725,3879.292,4.988
67.9000,743.206,3710.0845,4.992
67.9200,731.862,3651.9912,4.99
67.9400,731.74,3655.7729,4.996
67.9600,729.3,3639.2068,4.99
67.9800,732.35,3655.8911,4.992
68.0000,735.887,3672.0762,4.99
68.0200,743.206,3710.0845,4.992
68.0400,733.936,3663.8083,4.992
68.0600,731.496,3651.6279,4.992
68.0800,741.986,3703.9944,4.992
68.1000,729.3,3640.6655,4.992
68.1200,748.695,3734.4907,4.988
68.1400,750.403,3743.0103,4.988
68.1600,698.196,3485.3945,4.992
68.1800,692.707,3456.6077,4.99
68.2000,753.574,3760.334,4.99
68.2200,735.521,3670.2495,4.99
68.2400,661.115,3301.6082,4.994
68.2600,740.766,3697.9038,4.992
68.2800,696.489,3476.8733,4.992
68.3000,692.585,3458.7695,4.994
68.3200,680.754,3395.6011,4.988
68.3400,687.584,3432.4194,4.992
68.3600,730.154,3644.9287,4.992
68.3800,731.13,3649.801,4.992
68.4000,748.695,3735.988,4.99
68.4200,570.497,2855.908,5.006
68.4400,547.565,2734.5396,4.994
68.4600,538.539,2688.3867,4.992
68.4800,412.29,2059.8008,4.996
68.5000,414.607,2070.5474,4.994
68.5200,510.361,2544.6599,4.986
68.5400,418.145,2087.3799,4.992
68.5600,413.632,2064.0234,4.99
68.5800,413.144,2061.5886,4.99
68.6000,414.485,2069.938,4.994
68.6200,413.266,2063.0239,4.992
68.6400,414.485,2069.938,4.994
68.6600,412.908,2060.4109,4.99
68.6800,541.72,2701.0159,4.986
68.7000,413.639,2066.5403,4.996
68.7200,412.542,2058.5845,4.99
68.7400,412.542,2058.5845,4.99
68.7600,414.615,2070.5872,4.994
68.7800,412.908,2060.4109,4.99
68.8000,414.127,2067.322,4.992
68.8200,412.42,2059.6255,4.994
68.8400,415.103,2072.1941,4.992
68.8600,412.908,2062.0625,4.994
68.8800,418.031,2085.9746,4.99
68.9000,412.054,2056.9736,4.992
68.9200,416.925,2081.2896,4.992
68.9400,411.314,2052.4568,4.99
68.9600,415.217,2072.7634,4.992
68.9800,411.558,2053.6743,4.99
69.0000,414.364,2068.5051,4.992
69.0200,411.07,2052.0615,4.992
69.0400,414.12,2067.2871,4.992
69.0600,428.757,2139.4973,4.99
69.0800,558.787,2788.3469,4.99
69.1000,414.12,2068.9434,4.996
69.1200,417.779,2087.2239,4.996
69.1400,413.144,2061.5886,4.99
69.1600,415.591,2074.6304,4.992
69.1800,413.152,2061.6284,4.99
69.2000,413.274,2062.2371,4.99
69.2200,413.395,2064.4946,4.994
69.2400,414.249,2067.9309,4.992
69.2600,414.493,2069.1492,4.992
69.2800,412.664,2058.3679,4.988
69.3000,414.859,2070.9763,4.992
69.3200,412.908,2061.2368,4.992
69.3400,414.981,2071.5852,4.992
69.3600,413.517,2064.2769,4.992
69.3800,416.323,2078.2844,4.992
69.4000,411.688,2053.4998,4.988
69.4200,414.615,2069.7581,4.992
69.4400,412.786,2059.802,4.99
69.4600,415.225,2071.9727,4.99
69.4800,412.542,2059.4097,4.992
69.5000,414.127,2067.322,4.992
69.5200,412.664,2060.0188,4.992
69.5400,413.395,2062.8408,4.99
69.5600,412.542,2059.4097,4.992
69.5800,413.03,2061.8457,4.992
69.6000,413.274,2063.0637,4.992
69.6200,413.152,2062.4548,4.992
69.6400,414.371,2068.54,4.992
69.6600,412.656,2059.1533,4.99
69.6800,415.339,2074.2029,4.994
69.7000,411.802,2054.8918,4.99
69.7200,416.071,2077.0266,4.992
69.7400,412.534,2058.5444,4.99
69.7600,414.851,2070.1064,4.99
69.7800,412.412,2057.9358,4.99
69.8000,414.364,2069.334,4.994
69.8200,411.68,2054.283,4.99
69.8400,413.876,2067.7244,4.996
69.8600,411.802,2054.0684,4.988
69.8800,413.998,2066.678,4.992
69.9000,420.219,2097.7332,4.992
69.9200,413.388,2063.6331,4.992
69.9400,414.973,2070.7151,4.99
69.9600,413.51,2065.0691,4.994
69.9800,415.949,2077.2493,4.994
70.0000,413.51,2062.5879,4.988
70.0200,416.559,2078.6292,4.99
70.0400,412.534,2058.5444,4.99
70.0600,433.148,2160.5422,4.988
70.0800,412.046,2056.1094,4.99
70.1000,415.583,2075.4216,4.994
70.1200,411.436,2053.8887,4.992
70.1400,414.485,2069.1091,4.992
70.1600,411.802,2056.5391,4.994
70.1800,413.876,2066.0691,4.992
70.2000,413.144,2061.5886,4.99
70.2200,414.851,2070.9363,4.992
70.2400,413.266,2063.8503,4.994
70.2600,413.388,2063.6331,4.992
70.2800,413.998,2068.3337,4.996
70.3000,413.022,2060.9797,4.99
70.3200,415.095,2073.8145,4.996
70.3400,508.166,2533.7156,4.986
70.3600,560.861,2798.6963,4.99
70.3800,419.731,2096.9758,4.996
70.4000,414.729,2071.1567,4.994
70.4200,417.169,2083.342,4.994
70.4400,414.485,2069.1091,4.992
70.4600,417.901,2086.1619,4.992
70.4800,411.07,2051.2393,4.99
70.5000,414.729,2069.4976,4.99
70.5200,412.29,2058.1519,4.992
70.5400,421.194,2103.4429,4.994
70.5600,412.534,2058.5444,4.99
70.5800,420.706,2100.1643,4.992
70.6000,411.314,2053.2795,4.992
70.6200,414.485,2069.1091,4.992
70.6400,411.436,2053.8887,4.992
70.6600,412.778,2061.4133,4.994
70.6800,413.632,2065.6782,4.994
70.7000,537.563,2681.3643,4.988
70.7200,535.489,2671.019,4.988
70.7400,538.904,2690.2087,4.992
70.7600,536.343,2676.3516,4.99
70.7800,548.785,2739.5347,4.992
70.8000,413.998,2067.5059,4.994
70.8200,412.168,2058.3669,4.994
70.8400,414.485,2069.1091,4.992
70.8600,412.168,2056.7183,4.99
70.8800,414.607,2068.0596,4.988
70.9000,410.338,2046.766,4.988
70.9200,414.851,2070.9363,4.992
70.9400,413.266,2062.1973,4.99
70.9600,413.51,2064.2419,4.992
70.9800,414.12,2067.2871,4.992
71.0000,414.12,2067.2871,4.992
71.0200,414.12,2065.6306,4.988
71.0400,414.12,2067.2871,4.992
71.0600,413.632,2064.0234,4.99
71.0800,412.534,2059.3699,4.992
71.1000,419.609,2095.5273,4.994
71.1200,412.412,2057.9358,4.99
71.1400,415.705,2076.0308,4.994
71.1600,412.412,2057.9358,4.99
71.1800,417.779,2086.3882,4.994
71.2000,414.729,2069.4976,4.99
71.2200,414.364,2068.5051,4.992
71.2400,412.778,2059.7622,4.99
71.2600,413.266,2062.1973,4.99
71.2800,413.51,2065.0691,4.994
71.3000,412.656,2059.1533,4.99
71.3200,413.998,2065.8499,4.99
71.3400,413.022,2062.6318,4.994
71.3600,414.607,2069.7183,4.992
71.3800,412.29,2057.3271,4.99
71.4000,414.12,2066.4587,4.99
71.4200,413.022,2060.9797,4.99
71.4400,415.827,2075.8083,4.992
71.4600,412.046,2056.1094,4.99
71.4800,415.339,2074.2029,4.994
71.5000,411.924,2055.5007,4.99
71.5200,415.705,2076.0308,4.994
71.5400,412.046,2056.1094,4.99
71.5600,415.705,2075.1992,4.992
71.5800,411.68,2055.1064,4.992
71.6000,414.729,2069.4976,4.99
71.6200,417.535,2083.4995,4.99
71.6400,415.095,2072.1543,4.992
71.6600,412.908,2062.0625,4.994
71.6800,412.664,2059.1934,4.99
71.7000,415.713,2074.408,4.99
71.7200,413.395,2064.4946,4.994
71.7400,415.591,2076.2925,4.996
71.7600,413.03,2061.8457,4.992
71.7800,416.201,2077.6753,4.992
71.8000,412.298,2058.1917,4.992
71.8200,417.543,2085.2097,4.994
71.8400,412.908,2060.4109,4.99
71.8600,416.201,2078.5078,4.994
71.8800,411.932,2054.7168,4.988
71.9000,416.445,2078.0605,4.99
71.9200,411.688,2054.323,4.99
71.9400,414.615,2069.7581,4.992
71.9600,412.176,2057.5825,4.992
71.9800,413.761,2065.4949,4.992
72.0000,412.542,2059.4097,4.992
72.0200,422.056,2106.9036,4.992
72.0400,427.423,2133.6958,4.992
72.0600,420.714,2100.2043,4.992
72.0800,419.251,2093.7395,4.994
72.1000,419.251,2092.9011,4.992
72.1200,413.03,2061.0195,4.99
72.1400,418.885,2091.074,4.992
72.1600,410.834,2049.24,4.988
72.1800,414.981,2072.415,4.994
72.2000,411.2,2052.7104,4.992
72.2200,414.371,2068.54,4.992
72.2400,411.444,2053.1055,4.99
72.2600,420.348,2098.3772,4.992
72.2800,421.568,2103.6243,4.99
72.3000,419.617,2094.728,4.992
72.3200,423.276,2112.9939,4.992
72.3400,412.054,2056.1494,4.99
72.3600,415.225,2073.6335,4.994
72.3800,413.03,2061.0195,4.99
72.4000,414.981,2072.415,4.994
72.4200,411.558,2056.1438,4.996
72.4400,413.632,2064.8508,4.992
72.4600,414.242,2067.8962,4.992
72.4800,413.388,2063.6331,4.992
72.5000,414.12,2068.1152,4.994
72.5200,415.095,2071.324,4.99
72.5400,430.343,2148.2722,4.992
72.5600,412.534,2059.3699,4.992
72.5800,415.461,2073.9814,4.992
72.6000,411.924,2055.5007,4.99
72.6200,417.291,2083.1167,4.992
72.6400,412.656,2058.3281,4.988
72.6600,414.607,2069.7183,4.992
72.6800,488.771,2437.9897,4.988
72.7000,644.173,3210.5583,4.984
72.7200,578.548,2888.1116,4.992
72.7400,460.594,2301.1274,4.996
72.7600,426.439,2128.7834,4.992
72.7800,415.705,2076.0308,4.994
72.8000,414.485,2069.938,4.994
72.8200,424.854,2120.0215,4.99
72.8400,426.196,2128.4229,4.994
72.8600,412.778,2058.9368,4.988
72.8800,415.705,2076.0308,4.994
72.9000,418.755,2089.5874,4.99
72.9200,418.145,2087.3799,4.992
72.9400,411.802,2054.0684,4.988
72.9600,414.12,2068.1152,4.994
72.9800,412.412,2059.5854,4.994
73.0000,413.998,2067.5059,4.994
73.0200,411.558,2053.6743,4.99
73.0400,413.876,2065.2412,4.99
73.0600,412.9,2062.0225,4.994
73.0800,414.485,2068.28,4.99
73.1000,414.12,2067.2871,4.992
73.1200,413.266,2063.0239,4.992
73.1400,415.095,2071.324,4.99
73.1600,413.144,2060.7622,4.988
73.1800,416.559,2080.2957,4.994
73.2000,412.29,2057.3271,4.99
73.2200,416.681,2079.238,4.99
73.2400,412.046,2056.1094,4.99
73.2600,415.949,2076.4175,4.992
73.2800,418.877,2090.1963,4.99
73.3000,415.583,2074.5903,4.992
73.3200,411.802,2054.0684,4.988
73.3400,415.095,2070.4939,4.988
73.3600,411.802,2054.8918,4.99
73.3800,414.242,2066.239,4.988
73.4000,412.046,2055.2854,4.988
73.4200,413.754,2063.8049,4.988
73.4400,414.485,2069.1091,4.992
73.4600,413.266,2062.1973,4.99
73.4800,417.901,2085.3259,4.99
73.5000,413.51,2063.4148,4.99
73.5200,415.583,2074.5903,4.992
73.5400,412.534,2059.3699,4.992
73.5600,419.365,2091.7925,4.988
73.5800,413.022,2061.8059,4.992
73.6000,415.827,2076.6399,4.994
73.6200,427.171,2130.7288,4.988
73.6400,414.973,2071.5452,4.992
73.6600,412.648,2060.7642,4.994
73.6800,413.746,2065.4202,4.992
73.7000,413.014,2060.1138,4.988
73.7200,413.99,2066.6382,4.992
73.7400,413.746,2065.4202,4.992
73.7600,413.868,2066.0291,4.992
73.7800,414.112,2067.2471,4.992
73.8000,416.673,2080.0317,4.992
73.8200,416.185,2078.428,4.994
73.8400,413.258,2062.9839,4.992
73.8600,416.795,2080.6409,4.992
73.8800,412.282,2058.1118,4.992
73.9000,415.453,2074.7722,4.994
73.9200,412.038,2056.0696,4.99
73.9400,414.6,2069.6833,4.992
73.9600,411.672,2054.2432,4.99
73.9800,414.844,2071.731,4.994
74.0000,411.916,2055.4607,4.99
74.0200,414.478,2069.0742,4.992
74.0400,412.038,2056.0696,4.99
74.0600,414.112,2068.0752,4.994
74.0800,413.38,2064.4197,4.994
74.1000,412.77,2059.7222,4.99
74.1200,416.307,2079.0371,4.994
74.1400,412.892,2061.157,4.992
74.1600,416.177,2078.3879,4.994
74.1800,412.396,2057.856,4.99
74.2000,415.446,2073.9065,4.992
74.2200,412.884,2060.291,4.99
74.2400,415.202,2071.8579,4.99
74.2600,412.274,2057.2471,4.99
74.2800,415.812,2076.5652,4.994
74.3000,413.616,2064.771,4.992
74.3200,416.665,2079.1582,4.99
74.3400,411.908,2055.4207,4.99
74.3600,415.202,2071.0276,4.988
74.3800,411.908,2055.4207,4.99
74.4000,413.738,2065.3801,4.992
74.4200,415.69,2075.1245,4.992
74.4400,413.372,2061.8997,4.988
74.4600,414.714,2071.0815,4.994
74.4800,413.006,2060.8999,4.99
74.5000,415.812,2075.7336,4.992
74.5200,413.006,2061.7261,4.992
74.5400,415.324,2073.2974,4.992
74.5600,420.203,2096.813,4.99
74.5800,414.836,2070.0315,4.99
74.6000,412.64,2059.0735,4.99
74.6200,415.202,2071.8579,4.99
74.6400,412.884,2060.291,4.99
74.6600,414.722,2071.1216,4.994
74.6800,413.014,2062.592,4.994
74.7000,414.234,2067.0276,4.99
74.7200,538.406,2683.4155,4.984
74.7400,416.307,2079.8696,4.996
74.7600,416.307,2079.0371,4.994
74.7800,413.258,2062.1572,4.99
74.8000,414.966,2071.5103,4.992
74.8200,412.038,2057.7178,4.994
74.8400,416.307,2078.2046,4.992
74.8600,412.648,2058.2883,4.988
74.8800,415.697,2075.9907,4.994
74.9000,412.648,2059.1135,4.99
74.9200,413.99,2065.8101,4.99
74.9400,413.38,2062.7661,4.99
74.9600,414.112,2068.0752,4.994
74.9800,413.624,2065.6382,4.994
75.0000,414.112,2066.4187,4.99
75.0200,414.356,2067.6362,4.99
75.0400,411.794,2054.8521,4.99
75.0600,416.551,2078.5894,4.99
75.0800,412.892,2059.5054,4.988
75.1000,416.307,2077.3718,4.99
75.1200,412.038,2056.8938,4.992
75.1400,426.553,2128.4995,4.99
75.1600,411.794,2054.8521,4.99
75.1800,414.966,2071.5103,4.992
75.2000,411.916,2055.4607,4.99
75.2200,414.966,2070.6802,4.99
75.2400,411.672,2053.4199,4.988
75.2600,414.234,2066.1992,4.988
75.2800,412.404,2057.8958,4.99
75.3000,413.746,2063.7651,4.988
75.3200,430.701,2148.3364,4.988
75.3400,413.624,2063.9836,4.99
75.3600,414.356,2068.4651,4.992
75.3800,412.892,2060.3311,4.99
75.4000,414.722,2069.4626,4.99
75.4200,412.038,2056.0696,4.99
75.4400,418.381,2087.7212,4.99
75.4600,420.455,2098.9114,4.992
75.4800,415.697,2075.1594,4.992
75.5000,412.16,2056.6782,4.99
75.5200,414.966,2072.3401,4.994
75.5400,411.916,2054.637,4.988
75.5600,414.234,2067.0276,4.99
75.5800,411.184,2052.6306,4.992
75.6000,413.746,2064.5925,4.99
75.6200,412.648,2059.1135,4.99
75.6400,414.6,2068.0249,4.988
75.6600,414.47,2069.8633,4.994
75.6800,412.274,2058.0718,4.992
75.7000,415.08,2071.249,4.99
75.7200,413.25,2062.1174,4.99
75.7400,415.202,2073.5188,4.994
75.7600,412.03,2056.8538,4.992
75.7800,422.398,2109.4556,4.994
75.8000,412.152,2057.4629,4.992
75.8200,414.836,2070.8613,4.992
75.8400,411.664,2054.2034,4.99
75.8600,415.324,2072.4668,4.99
75.8800,415.568,2073.6841,4.99
75.9000,414.714,2070.2522,4.992
75.9200,412.64,2059.0735,4.99
75.9400,412.64,2059.0735,4.99
75.9600,413.372,2065.2065,4.996
75.9800,426.789,2130.5308,4.992
76.0000,415.933,2077.1694,4.994
76.0200,413.86,2065.1611,4.99
76.0400,416.177,2078.3879,4.994
76.0600,412.762,2059.6824,4.99
76.0800,415.933,2074.6738,4.988
76.1000,413.128,2061.5085,4.99
76.1200,415.568,2074.5154,4.992
76.1400,412.274,2058.0718,4.992
76.1600,414.714,2070.2522,4.992
76.1800,411.42,2053.8088,4.992
76.2000,413.982,2067.426,4.994
76.2200,412.396,2058.6809,4.992
76.2400,414.104,2067.2073,4.992
76.2600,413.494,2064.1621,4.992
76.2800,413.86,2064.3335,4.988
76.3000,414.226,2067.8164,4.992
76.3200,413.128,2060.6824,4.988
76.3400,417.153,2083.2622,4.994
76.3600,412.884,2060.291,4.99
76.3800,416.543,2079.3828,4.992
76.4000,412.03,2056.0295,4.99
76.4200,416.543,2079.3828,4.992
76.4400,412.518,2060.115,4.994
76.4600,414.104,2065.5508,4.988
76.4800,413.006,2061.7261,4.992
76.5000,416.421,2077.1079,4.988
76.5200,411.42,2052.9858,4.99
76.5400,413.372,2063.5532,4.992
76.5600,413.738,2066.2075,4.994
76.5800,413.25,2062.9441,4.992
76.6000,414.836,2070.8613,4.992
76.6200,413.494,2063.335,4.99
76.6400,415.69,2074.293,4.99
76.6600,412.518,2057.6399,4.988
76.6800,415.08,2072.9094,4.994
76.7000,412.762,2060.5078,4.992
76.7200,413.982,2067.426,4.994
76.7400,415.812,2075.7336,4.992
76.7600,411.786,2054.812,4.99
76.7800,414.958,2069.8105,4.988
76.8000,411.664,2053.3799,4.988
76.8200,415.812,2074.0703,4.988
76.8400,412.884,2061.1169,4.992
76.8600,414.226,2067.8164,4.992
76.8800,412.762,2061.3335,4.994
76.9000,414.348,2068.4253,4.992
76.9200,416.299,2078.9973,4.994
76.9400,413.128,2062.335,4.992
76.9600,416.299,2078.9973,4.994
76.9800,412.64,2059.8989,4.992
77.0000,415.933,2076.3376,4.992
77.0200,413.494,2064.1621,4.992
77.0400,416.055,2076.1143,4.99
77.0600,413.128,2062.335,4.992
77.0800,414.836,2070.8613,4.992
77.1000,413.616,2063.9438,4.99
77.1200,415.812,2075.7336,4.992
77.1400,412.518,2060.115,4.994
77.1600,413.494,2064.1621,4.992
77.1800,414.714,2070.2522,4.992
77.2000,414.104,2066.3789,4.99
77.2200,414.226,2068.6448,4.994
77.2400,413.006,2060.8999,4.99
77.2600,415.202,2074.3491,4.996
77.2800,413.25,2062.1174,4.99
77.3000,415.69,2075.9558,4.994
77.3200,412.274,2057.2471,4.99
77.3400,415.446,2073.9065,4.992
77.3600,412.884,2060.291,4.99
77.3800,416.055,2076.1143,4.99
77.4000,412.762,2058.8567,4.988
77.4200,416.909,2080.3757,4.99
77.4400,412.762,2059.6824,4.99
77.4600,413.25,2063.7705,4.994
77.4800,412.762,2061.3335,4.994
77.5000,604.141,3008.6221,4.98
77.5200,452.892,2262.6484,4.996
77.5400,414.104,2067.2073,4.992
77.5600,415.812,2075.7336,4.992
77.5800,413.738,2064.5525,4.99
77.6000,415.08,2072.0793,4.992
77.6200,415.324,2073.2974,4.992
77.6400,414.104,2067.2073,4.992
77.6600,413.738,2066.2075,4.994
77.6800,411.901,2055.386,4.99
77.7000,416.17,2076.6882,4.99
77.7200,412.266,2056.3828,4.988
77.7400,416.535,2078.5095,4.99
77.7600,412.632,2059.8589,4.992
77.7800,415.56,2075.3066,4.994
77.8000,412.388,2057.8159,4.99
77.8200,414.584,2068.7742,4.99
77.8400,412.51,2057.5999,4.988
77.8600,414.706,2069.3828,4.99
77.8800,413.242,2061.251,4.988
77.9000,413.974,2066.5583,4.992
77.9200,415.072,2073.6997,4.996
77.9400,412.754,2060.468,4.992
77.9600,418.365,2088.478,4.992
77.9800,412.388,2057.8159,4.99
78.0000,415.438,2073.8665,4.992
78.0200,414.34,2068.3853,4.992
78.0400,415.438,2074.6973,4.994
78.0600,413.242,2062.0774,4.99
78.0800,415.072,2072.0393,4.992
78.1000,411.413,2053.7737,4.992
78.1200,428.367,2138.4082,4.992
78.1400,412.51,2058.4248,4.99
78.1600,422.512,2107.4897,4.988
78.1800,414.47,2069.0342,4.992
78.2000,413.494,2063.335,4.99
78.2200,413.86,2065.989,4.992
78.2400,413.86,2065.989,4.992
78.2600,414.104,2067.2073,4.992
78.2800,412.518,2058.4648,4.99
78.3000,414.226,2066.9878,4.99
78.3200,412.64,2059.0735,4.99
78.3400,415.446,2073.9065,4.992
78.3600,412.884,2060.291,4.99
78.3800,415.69,2075.1245,4.992
78.4000,413.25,2062.1174,4.99
78.4200,415.331,2072.5015,4.99
78.4400,411.55,2054.4575,4.992
78.4600,414.844,2070.9014,4.992
78.4800,412.404,2058.7207,4.992
78.5000,413.624,2064.811,4.992
78.5200,412.404,2058.7207,4.992
78.5400,413.136,2063.2012,4.994
78.5600,596.955,2974.0298,4.982
78.5800,730.642,3640.0586,4.982
78.6000,518.768,2589.6899,4.992
78.6200,440.825,2202.3616,4.996
78.6400,417.405,2083.6858,4.992
78.6600,417.527,2083.4597,4.99
78.6800,416.185,2076.7629,4.99
78.7000,411.672,2055.0667,4.992
78.7200,415.209,2071.8928,4.99
78.7400,541.334,2698.0088,4.984
78.7600,540.724,2698.2126,4.99
78.7800,414.356,2070.9512,4.998
78.8000,425.943,2125.4553,4.99
78.8200,414.112,2066.4187,4.99
78.8400,412.16,2056.6782,4.99
78.8600,412.892,2059.5054,4.988
78.8800,412.282,2056.4626,4.988
78.9000,413.868,2066.0291,4.992
78.9200,415.209,2072.7234,4.992
78.9400,412.77,2061.3733,4.994
78.9600,416.917,2082.0835,4.994
78.9800,412.648,2059.939,4.992
79.0000,417.283,2083.9111,4.994
79.0200,412.892,2061.157,4.992
79.0400,415.088,2071.2891,4.99
79.0600,457.536,2283.1045,4.99
79.0800,429.359,2142.5015,4.99
79.1000,429.603,2144.5781,4.992
79.1200,419.601,2093.8088,4.99
79.1400,421.186,2102.5605,4.992
79.1600,426.065,2124.3601,4.986
79.1800,414.234,2067.0276,4.99
79.2000,414.112,2066.4187,4.99
79.2200,413.502,2062.5481,4.988
79.2400,414.356,2068.4651,4.992
79.2600,412.892,2061.157,4.992
79.2800,417.039,2081.8586,4.992
79.3000,412.16,2057.5027,4.992
79.3200,415.819,2074.9368,4.99
79.3400,411.916,2055.4607,4.99
79.3600,416.307,2078.2046,4.992
79.3800,412.16,2056.6782,4.99
79.4000,416.795,2079.8071,4.99
79.4200,411.184,2052.6306,4.992
79.4400,414.234,2067.8562,4.992
79.4600,411.55,2053.6343,4.99
79.4800,413.868,2066.0291,4.992
79.5000,413.746,2064.5925,4.99
79.5200,413.868,2066.0291,4.992
79.5400,413.38,2062.7661,4.99
79.5600,413.258,2062.9839,4.992
79.5800,413.99,2067.4661,4.994
79.6000,412.526,2058.5046,4.99
79.6200,417.039,2081.8586,4.992
79.6400,412.16,2056.6782,4.99
79.6600,415.819,2075.7686,4.992
79.6800,412.16,2055.854,4.988
79.7000,415.697,2074.3279,4.99
79.7200,414.112,2066.4187,4.99
79.7400,421.064,2101.9514,4.992
79.7600,420.942,2101.3425,4.992
79.7800,419.479,2093.2002,4.99
79.8000,439.361,2191.5327,4.988
79.8200,578.171,2885.0732,4.99
79.8400,413.258,2063.8103,4.994
79.8600,434.482,2168.9341,4.992
79.8800,413.258,2061.3308,4.988
79.9000,416.307,2078.2046,4.992
79.9200,412.404,2058.7207,4.992
79.9400,414.966,2071.5103,4.992
79.9600,411.306,2051.5942,4.988
79.9800,415.088,2072.9495,4.994
80.0000,412.404,2057.8958,4.99
80.0200,414.722,2069.4626,4.99
80.0400,412.648,2060.7642,4.994
80.0600,414.112,2067.2471,4.992
80.0800,411.794,2055.6758,4.992
80.1000,413.868,2065.2012,4.99
80.1200,413.868,2066.8569,4.994
80.1400,414.478,2068.2451,4.99
80.1600,414.112,2065.5906,4.988
80.1800,412.282,2058.1118,4.992
80.2000,415.453,2072.2795,4.988
80.2200,413.014,2060.9397,4.99
80.2400,422.04,2105.1355,4.988
80.2600,412.77,2060.5479,4.992
80.2800,415.697,2075.9907,4.994
80.3000,421.796,2104.762,4.99
80.3200,416.307,2077.3718,4.99
80.3400,411.794,2054.8521,4.99
80.3600,415.209,2071.8928,4.99
80.3800,412.404,2058.7207,4.992
80.4000,414.966,2072.3401,4.994
80.4200,413.624,2063.9836,4.99
80.4400,431.067,2150.1621,4.988
80.4600,413.868,2066.0291,4.992
80.4800,413.38,2062.7661,4.99
80.5000,415.941,2076.3774,4.992
80.5200,413.136,2061.5486,4.99
80.5400,415.819,2076.6001,4.994
80.5600,411.916,2056.2847,4.992
80.5800,415.453,2073.9414,4.992
80.6000,412.038,2055.2454,4.988
80.6200,415.453,2074.7722,4.994
80.6400,412.038,2055.2454,4.988
80.6600,416.429,2078.8135,4.992
80.6800,412.534,2058.5444,4.99
80.7000,414.729,2070.3271,4.992
80.7200,417.047,2081.0645,4.99
80.7400,414.851,2069.2769,4.988
80.7600,559.153,2786.8188,4.984
80.7800,535.245,2669.802,4.988
80.8000,446.81,2232.2627,4.996
80.8200,412.168,2058.3669,4.994
80.8400,414.12,2068.1152,4.994
80.8600,413.51,2064.2419,4.992
80.8800,413.754,2065.46,4.992
80.9000,413.632,2064.0234,4.99
80.9200,412.168,2057.5427,4.992
80.9400,415.095,2072.1543,4.992
80.9600,412.29,2058.1519,4.992
80.9800,415.583,2075.4216,4.994
81.0000,412.29,2057.3271,4.99
81.0200,416.437,2078.8535,4.992
81.0400,412.534,2057.7195,4.988
81.0600,415.095,2071.324,4.99
81.0800,418.145,2086.5435,4.99
81.1000,414.607,2068.0596,4.988
81.1200,412.412,2057.9358,4.99
81.1400,414.607,2069.7183,4.992
81.1600,410.704,2048.5916,4.988
81.1800,414.851,2070.1064,4.99
81.2000,413.022,2061.8059,4.992
81.2200,413.754,2064.6323,4.99
81.2400,413.022,2061.8059,4.992
81.2600,416.071,2077.8586,4.994
81.2800,419.487,2093.24,4.99
81.3000,413.876,2066.8967,4.994
81.3200,414.973,2071.5452,4.992
81.3400,418.511,2088.3696,4.99
81.3600,415.095,2072.1543,4.992
81.3800,412.778,2060.5879,4.992
81.4000,415.827,2076.6399,4.994
81.4200,413.632,2064.8508,4.992
81.4400,415.583,2074.5903,4.992
81.4600,412.412,2057.9358,4.99
81.4800,415.095,2072.1543,4.992
81.5000,411.68,2055.1064,4.992
81.5200,414.242,2068.7246,4.994
81.5400,412.168,2056.7183,4.99
81.5600,412.9,2061.1968,4.992
81.5800,422.414,2108.6907,4.992
81.6000,656.859,3271.158,4.98
81.6200,591.844,2953.3015,4.99
81.6400,536.099,2677.2783,4.994
81.6600,538.661,2690.073,4.994
81.6800,534.503,2668.239,4.992
81.7000,433.018,2165.0901,5
81.7200,420.333,2098.3025,4.992
81.7400,418.869,2090.9941,4.992
81.7600,410.818,2050.8035,4.992
81.7800,415.331,2073.3323,4.992
81.8000,416.673,2079.1982,4.99
81.8200,415.088,2071.2891,4.99
81.8400,412.648,2057.4629,4.986
81.8600,414.356,2066.8076,4.988
81.8800,411.306,2052.4167,4.99
81.9000,413.746,2065.4202,4.992
81.9200,413.624,2065.6382,4.994
81.9400,413.014,2060.9397,4.99
81.9600,413.868,2066.0291,4.992
81.9800,413.258,2063.8103,4.994
82.0000,414.478,2069.0742,4.992
82.0200,413.136,2062.375,4.992
82.0400,415.697,2075.1594,4.992
82.0600,413.014,2060.9397,4.99
82.0800,415.453,2074.7722,4.994
82.1000,412.526,2059.3298,4.992
82.1200,415.453,2074.7722,4.994
82.1400,412.526,2058.5046,4.99
82.1600,415.453,2073.1104,4.99
82.1800,411.68,2054.283,4.99
82.2000,413.754,2064.6323,4.99
82.2200,412.168,2057.5427,4.992
82.2400,413.144,2063.2412,4.994
82.2600,413.388,2063.6331,4.992
82.2800,413.388,2062.8059,4.99
82.3000,414.607,2068.8889,4.99
82.3200,415.339,2072.5415,4.99
82.3400,413.998,2065.8499,4.99
82.3600,413.754,2065.46,4.992
82.3800,415.705,2075.1992,4.992
82.4000,413.266,2063.0239,4.992
82.4200,420.82,2099.8918,4.99
82.4400,412.404,2057.8958,4.99
82.4600,414.112,2066.4187,4.99
82.4800,412.526,2057.6797,4.988
82.5000,414.234,2067.0276,4.99
82.5200,411.55,2052.8113,4.988
82.5400,414.234,2067.8562,4.992
82.5600,412.282,2056.4626,4.988
82.5800,414.722,2069.4626,4.99
82.6000,412.282,2057.2871,4.99
82.6200,414.112,2065.5906,4.988
82.6400,413.014,2060.9397,4.99
82.6600,413.258,2062.1572,4.99
82.6800,416.315,2078.2446,4.992
82.7000,412.534,2059.3699,4.992
82.7200,416.193,2078.4678,4.994
82.7400,413.022,2060.1538,4.988
82.7600,416.315,2078.2446,4.992
82.7800,536.709,2677.1042,4.988
82.8000,418.633,2091.4905,4.996
82.8200,414.729,2069.4976,4.99
82.8400,413.144,2061.5886,4.99
82.8600,415.461,2073.1504,4.99
82.8800,412.778,2060.5879,4.992
82.9000,414.12,2066.4587,4.99
82.9200,415.461,2073.9814,4.992
82.9400,430.099,2145.3337,4.988
82.9600,416.071,2076.1943,4.99
82.9800,412.29,2057.3271,4.99
83.0000,416.681,2079.238,4.99
83.0200,416.437,2078.0205,4.99
83.0400,415.461,2073.1504,4.99
83.0600,412.656,2059.1533,4.99
83.0800,415.217,2072.7634,4.992
83.1000,411.68,2055.9299,4.994
83.1200,414.242,2066.239,4.988
83.1400,411.802,2055.7156,4.992
83.1600,413.998,2065.022,4.988
83.1800,414.973,2070.7151,4.99
83.2000,413.876,2066.0691,4.992
83.2200,413.876,2066.8967,4.994
83.2400,411.558,2053.6743,4.99
83.2600,415.339,2073.3723,4.992
83.2800,413.266,2062.1973,4.99
83.3000,416.193,2077.6355,4.992
83.3200,411.924,2055.5007,4.99
83.3400,416.071,2076.1943,4.99
83.3600,413.022,2060.9797,4.99
83.3800,424.244,2116.9773,4.99
83.4000,412.168,2056.7183,4.99
83.4200,414.607,2068.8889,4.99
83.4400,412.534,2059.3699,4.992
83.4600,420.097,2096.2839,4.99
83.4800,412.046,2055.2854,4.988
83.5000,419.365,2093.47,4.992
83.5200,412.412,2058.7607,4.992
83.5400,414.485,2069.1091,4.992
83.5600,413.022,2060.1538,4.988
83.5800,413.51,2064.2419,4.992
83.6000,413.754,2065.46,4.992
83.6200,414.242,2067.8962,4.992
83.6400,415.217,2073.5938,4.994
83.6600,412.168,2055.894,4.988
83.6800,415.835,2075.0166,4.99
83.7000,412.542,2058.5845,4.99
83.7200,414.859,2070.9763,4.992
83.7400,412.786,2058.9766,4.988
83.7600,416.201,2076.8428,4.99
83.7800,412.664,2060.0188,4.992
83.8000,415.225,2071.9727,4.99
83.8200,411.81,2054.9319,4.99
83.8400,414.859,2070.1462,4.99
83.8600,436.694,2179.9766,4.992
83.8800,652.236,3246.8311,4.978
83.9000,434.498,2170.752,4.996
83.9200,448.404,2237.5359,4.99
83.9400,413.395,2064.4946,4.994
83.9600,411.566,2054.5376,4.992
83.9800,421.08,2102.0312,4.992
84.0000,411.444,2053.9285,4.992
84.0200,418.519,2087.5728,4.988
84.0400,412.176,2056.7581,4.99
84.0600,413.03,2061.0195,4.99
84.0800,413.274,2063.8904,4.994
84.1000,413.03,2060.1936,4.988
84.1200,413.639,2064.0586,4.99
84.1400,414.249,2067.9309,4.992
84.1600,414.127,2068.1504,4.994
84.1800,412.298,2056.5425,4.988
84.2000,415.835,2074.1848,4.988
84.2200,412.054,2056.1494,4.99
84.2400,415.347,2073.4121,4.992
84.2600,412.42,2059.6255,4.994
84.2800,415.225,2072.8032,4.992
84.3000,412.298,2057.3669,4.99
84.3200,415.347,2072.5813,4.99
84.3400,412.42,2058.8008,4.992
84.3600,415.225,2072.8032,4.992
84.3800,413.395,2062.8408,4.99
84.4000,598.442,2980.2412,4.98
84.4200,552.089,2753.8198,4.988
84.4400,421.812,2107.3728,4.996
84.4600,419.007,2090.8447,4.99
84.4800,421.324,2102.4067,4.99
84.5000,421.568,2105.3105,4.994
84.5200,416.567,2080.3354,4.994
84.5400,415.225,2071.1423,4.988
84.5600,413.395,2063.6677,4.992
84.5800,414.981,2072.415,4.994
84.6000,413.274,2063.8904,4.994
84.6200,414.981,2072.415,4.994
84.6400,413.395,2062.0142,4.988
84.6600,416.567,2078.6692,4.99
84.6800,412.298,2057.3669,4.99
84.7000,415.347,2074.2429,4.994
84.7200,413.03,2061.0195,4.99
84.7400,413.761,2064.6672,4.99
84.7600,413.152,2060.8022,4.988
84.7800,537.695,2679.8721,4.984
84.8000,412.786,2060.6279,4.992
84.8200,416.079,2077.0664,4.992
84.8400,411.566,2053.7144,4.99
84.8600,416.201,2076.8428,4.99
84.8800,412.908,2060.4109,4.99
84.9000,414.615,2069.7581,4.992
84.9200,412.298,2058.1917,4.992
84.9400,414.737,2068.708,4.988
84.9600,412.786,2060.6279,4.992
84.9800,413.639,2064.0586,4.99
85.0000,412.664,2059.1934,4.99
85.0200,414.371,2067.7112,4.99
85.0400,413.152,2062.4548,4.992
85.0600,413.274,2063.0637,4.992
85.0800,415.713,2075.2395,4.992
85.1000,414.005,2066.7131,4.992
85.1200,415.103,2070.5337,4.988
85.1400,416.811,2079.8867,4.99
85.1600,415.713,2075.2395,4.992
85.1800,412.298,2058.1917,4.992
85.2000,415.835,2075.0166,4.99
85.2200,411.2,2051.8879,4.99
85.2400,415.347,2073.4121,4.992
85.2600,412.42,2057.1509,4.988
85.2800,415.103,2072.1941,4.992
85.3000,413.152,2062.4548,4.992
85.3200,414.737,2070.3672,4.992
85.3400,412.054,2056.1494,4.99
85.3600,414.981,2071.5852,4.992
85.3800,412.664,2059.1934,4.99
85.4000,413.639,2064.886,4.992
85.4200,412.908,2059.585,4.988
85.4400,413.517,2062.6228,4.988
85.4600,413.639,2064.886,4.992
85.4800,412.908,2060.4109,4.99
85.5000,415.347,2073.4121,4.992
85.5200,413.761,2064.6672,4.99
85.5400,428.887,2141.0039,4.992
85.5600,413.639,2064.0586,4.99
85.5800,416.445,2078.0605,4.99
85.6000,412.542,2058.5845,4.99
85.6200,415.225,2071.9727,4.99
85.6400,425.96,2124.6885,4.988
85.6600,415.103,2072.1941,4.992
85.6800,427.667,2133.2029,4.988
85.7000,415.225,2073.6335,4.994
85.7200,411.444,2053.1055,4.99
85.7400,414.005,2066.7131,4.992
85.7600,412.542,2059.4097,4.992
85.7800,413.152,2062.4548,4.992
85.8000,416.567,2079.5024,4.992
85.8200,414.249,2066.2739,4.988
85.8400,414.493,2069.978,4.994
85.8600,413.639,2063.2314,4.988
85.8800,414.615,2068.9287,4.99
85.9000,413.395,2062.8408,4.99
85.9200,416.201,2077.6753,4.992
85.9400,413.395,2062.8408,4.99
85.9600,415.835,2075.8484,4.992
85.9800,412.054,2056.1494,4.99
86.0000,414.859,2070.1462,4.99
86.0200,411.688,2054.323,4.99
86.0400,414.249,2066.2739,4.988
86.0600,412.786,2058.9766,4.988
86.0800,415.835,2076.6799,4.994
86.1000,445.843,2225.6482,4.992
86.1200,437.182,2180.6638,4.988
86.1400,443.647,2214.6858,4.992
86.1600,424.74,2119.4524,4.99
86.1800,419.739,2094.4976,4.99
86.2000,416.811,2080.7205,4.992
86.2200,415.225,2071.9727,4.99
86.2400,421.69,2104.2329,4.99
86.2600,412.298,2057.3669,4.99
86.2800,415.103,2072.1941,4.992
86.3000,414.127,2066.4937,4.99
86.3200,420.104,2096.3188,4.99
86.3400,412.298,2058.1917,4.992
86.3600,414.737,2071.1965,4.994
86.3800,411.932,2055.5405,4.99
86.4000,413.639,2064.0586,4.99
86.4200,414.249,2067.9309,4.992
86.4400,412.42,2058.8008,4.992
86.4600,415.347,2073.4121,4.992
86.4800,413.03,2061.8457,4.992
86.5000,416.567,2078.6692,4.99
86.5200,414.005,2066.7131,4.992
86.5400,416.201,2077.6753,4.992
86.5600,412.542,2058.5845,4.99
86.5800,415.957,2076.4573,4.992
86.6000,412.42,2057.1509,4.988
86.6200,416.323,2078.2844,4.992
86.6400,412.786,2061.4534,4.994
86.6600,415.591,2072.9678,4.988
86.6800,415.599,2074.6702,4.992
86.7000,413.891,2064.4883,4.988
86.7200,415.233,2072.8433,4.992
86.7400,413.281,2063.0989,4.992
86.7600,414.379,2068.5801,4.992
86.7800,413.159,2062.4897,4.992
86.8000,458.537,2288.0994,4.99
86.8200,415.355,2074.283,4.994
86.8400,418.161,2086.6233,4.99
86.8600,415.843,2075.8882,4.992
86.8800,411.94,2055.5806,4.99
86.9000,414.623,2069.7981,4.992
86.9200,412.062,2057.0137,4.992
86.9400,414.013,2065.0969,4.988
86.9600,414.867,2071.0161,4.992
86.9800,413.769,2064.7073,4.99
87.0000,413.403,2063.708,4.992
87.0200,414.379,2068.5801,4.992
87.0400,414.257,2067.1423,4.99
87.0600,413.525,2063.4897,4.99
87.0800,414.257,2067.9709,4.992
87.1000,412.793,2059.0115,4.988
87.1200,415.721,2076.1106,4.994
87.1400,413.159,2061.6633,4.99
87.1600,415.721,2075.2793,4.992
87.1800,412.542,2059.4097,4.992
87.2000,417.177,2080.8789,4.988
87.2200,411.566,2054.5376,4.992
87.2400,415.225,2073.6335,4.994
87.2600,411.932,2054.7168,4.988
87.2800,415.713,2075.2395,4.992
87.3000,412.42,2058.8008,4.992
87.3200,413.883,2066.104,4.992
87.3400,412.298,2056.5425,4.988
87.3600,413.761,2066.3223,4.994
87.3800,413.274,2063.8904,4.994
87.4000,412.542,2060.2346,4.994
87.4200,415.225,2073.6335,4.994
87.4400,413.883,2065.2761,4.99
87.4600,416.933,2081.3296,4.992
87.4800,412.786,2059.802,4.99
87.5000,416.201,2076.8428,4.99
87.5200,412.298,2058.1917,4.992
87.5400,415.347,2073.4121,4.992
87.5600,412.542,2058.5845,4.99
87.5800,415.225,2071.9727,4.99
87.6000,412.786,2059.802,4.99
87.6200,414.737,2070.3672,4.992
87.6400,412.054,2056.9736,4.992
87.6600,414.737,2069.5376,4.99
87.6800,413.883,2064.4482,4.988
87.7000,413.274,2062.2371,4.99
87.7200,415.347,2073.4121,4.992
87.7400,412.664,2060.0188,4.992
87.7600,414.981,2072.415,4.994
87.7800,412.542,2059.4097,4.992
87.8000,416.689,2080.1116,4.992
87.8200,412.664,2060.0188,4.992
87.8400,415.591,2073.7991,4.99
87.8600,412.298,2058.1917,4.992
87.8800,416.933,2081.3296,4.992
87.9000,411.688,2053.4998,4.988
87.9200,413.517,2063.4497,4.99
87.9400,413.517,2064.2769,4.992
87.9600,413.761,2064.6672,4.99
87.9800,412.542,2060.2346,4.994
88.0000,414.249,2067.1023,4.99
88.0200,412.786,2061.4534,4.994
88.0400,414.005,2065.8848,4.99
88.0600,413.883,2066.104,4.992
88.0800,415.713,2075.2395,4.992
88.1000,414.859,2071.8059,4.994
88.1200,412.908,2060.4109,4.99
88.1400,414.981,2070.7551,4.99
88.1600,413.395,2062.8408,4.99
88.1800,415.713,2075.2395,4.992
88.2000,412.42,2057.1509,4.988
88.2200,415.103,2073.0244,4.994
88.2400,413.761,2063.8398,4.988
88.2600,415.713,2075.2395,4.992
88.2800,412.054,2055.3252,4.988
88.3000,414.493,2068.3201,4.99
88.3200,411.078,2052.1013,4.992
88.3400,427.057,2131.0144,4.99
88.3600,411.688,2054.323,4.99
88.3800,414.371,2070.1975,4.996
88.4000,412.176,2056.7581,4.99
88.4200,413.761,2065.4949,4.992
88.4400,414.737,2069.5376,4.99
88.4600,413.639,2064.886,4.992
88.4800,415.469,2074.0212,4.992
88.5000,412.664,2059.1934,4.99
88.5200,416.567,2079.5024,4.992
88.5400,412.664,2059.1934,4.99
88.5600,415.591,2074.6304,4.992
88.5800,412.298,2058.1917,4.992
88.6000,416.567,2078.6692,4.99
88.6200,419.007,2090.8447,4.99
88.6400,415.469,2074.0212,4.992
88.6600,411.932,2055.5405,4.99
88.6800,415.217,2071.1023,4.988
88.7000,412.778,2058.9368,4.988
88.7200,413.51,2064.2419,4.992
88.7400,412.778,2059.7622,4.99
88.7600,414.242,2067.8962,4.992
88.7800,413.998,2068.3337,4.996
88.8000,419.731,2095.2971,4.992
88.8200,535.977,2673.4531,4.988
88.8400,537.685,2683.0481,4.99
88.8600,530.61,2647.7437,4.99
88.8800,414.12,2068.1152,4.994
88.9000,416.925,2081.2896,4.992
88.9200,429.489,2143.1501,4.99
88.9400,416.681,2080.9048,4.994
88.9600,412.9,2061.1968,4.992
88.9800,416.193,2076.803,4.99
89.0000,413.266,2063.0239,4.992
89.0200,415.339,2073.3723,4.992
89.0400,412.29,2057.3271,4.99
89.0600,414.851,2070.9363,4.992
89.0800,411.924,2054.677,4.988
89.1000,414.973,2072.375,4.994
89.1200,412.534,2058.5444,4.99
89.1400,414.607,2068.8889,4.99
89.1600,412.9,2060.3708,4.99
89.1800,413.876,2066.0691,4.992
89.2000,415.095,2072.1543,4.992
89.2200,413.022,2061.8059,4.992
89.2400,414.851,2070.9363,4.992
89.2600,415.583,2074.5903,4.992
89.2800,415.583,2075.4216,4.994
89.3000,412.778,2059.7622,4.99
89.3200,415.949,2076.4175,4.992
89.3400,412.778,2059.7622,4.99
89.3600,415.827,2074.9766,4.99
89.3800,416.681,2079.238,4.99
89.4000,415.949,2076.4175,4.992
89.4200,412.168,2057.5427,4.992
89.4400,414.485,2069.1091,4.992
89.4600,412.412,2058.7607,4.992
89.4800,413.998,2066.678,4.992
89.5000,412.29,2058.1519,4.992
89.5200,413.632,2064.8508,4.992
89.5400,413.754,2065.46,4.992
89.5600,414.12,2068.1152,4.994
89.5800,413.266,2063.0239,4.992
89.6000,414.242,2067.0676,4.99
89.6200,414.607,2068.8889,4.99
89.6400,412.046,2056.9336,4.992
89.6600,415.095,2072.9844,4.994
89.6800,411.924,2055.5007,4.99
89.7000,414.973,2070.7151,4.99
89.7200,412.168,2056.7183,4.99
89.7400,415.461,2074.8123,4.994
89.7600,412.534,2057.7195,4.988
89.7800,414.729,2069.4976,4.99
89.8000,425.22,2121.8477,4.99
89.8200,413.266,2062.1973,4.99
89.8400,412.656,2059.1533,4.99
89.8600,414.242,2067.0676,4.99
89.8800,411.68,2055.1064,4.992
89.9000,418.633,2089.8159,4.992
89.9200,415.095,2072.1543,4.992
89.9400,411.924,2055.5007,4.99
89.9600,414.607,2068.0596,4.988
89.9800,412.412,2058.7607,4.992
90.0000,416.071,2077.0266,4.992
90.0200,412.412,2058.7607,4.992
90.0400,416.437,2078.0205,4.99
90.0600,412.9,2060.3708,4.99
90.0800,416.681,2079.238,4.99
90.1000,412.412,2057.1108,4.988
90.1200,415.583,2075.4216,4.994
90.1400,412.534,2058.5444,4.99
90.1600,417.901,2086.1619,4.992
90.1800,412.778,2058.1113,4.986
90.2000,414.12,2067.2871,4.992
90.2200,413.022,2061.8059,4.992
90.2400,413.266,2062.1973,4.99
90.2600,412.412,2057.9358,4.99
90.2800,413.266,2063.0239,4.992
90.3000,414.851,2071.7659,4.994
90.3200,413.266,2063.8503,4.994
90.3400,414.973,2071.5452,4.992
90.3600,413.754,2064.6323,4.99
90.3800,414.851,2070.1064,4.99
90.4000,413.144,2061.5886,4.99
90.4200,416.193,2076.803,4.99
90.4400,411.444,2053.1055,4.99
90.4600,414.859,2070.9763,4.992
90.4800,411.932,2055.5405,4.99
90.5000,415.103,2071.3638,4.99
90.5200,412.176,2057.5825,4.992
90.5400,611.738,3046.4551,4.98
90.5600,426.813,2132.3577,4.996
90.5800,419.007,2090.8447,4.99
90.6000,421.934,2107.1384,4.994
90.6200,414.127,2066.4937,4.99
90.6400,416.445,2078.8936,4.992
90.6600,420.714,2100.2043,4.992
90.6800,412.298,2057.3669,4.99
90.7000,415.591,2073.7991,4.99
90.7200,412.664,2059.1934,4.99
90.7400,415.347,2073.4121,4.992
90.7600,413.517,2064.2769,4.992
90.7800,420.836,2099.9714,4.99
90.8000,414.127,2065.6655,4.988
90.8200,537.451,2678.6558,4.984
90.8400,414.005,2067.541,4.994
90.8600,415.835,2077.5115,4.996
90.8800,411.688,2054.323,4.99
90.9000,414.859,2070.9763,4.992
90.9200,430.961,2151.3574,4.992
90.9400,425.342,2123.3074,4.992
90.9600,412.29,2058.1519,4.992
90.9800,413.51,2065.0691,4.994
91.0000,412.412,2057.9358,4.99
91.0200,413.754,2065.46,4.992
91.0400,421.316,2102.3667,4.99
91.0600,413.388,2062.8059,4.99
91.0800,416.681,2080.9048,4.994
91.1000,412.9,2060.3708,4.99
91.1200,414.607,2069.7183,4.992
91.1400,414.242,2068.7246,4.994
91.1600,414.973,2071.5452,4.992
91.1800,413.022,2060.9797,4.99
91.2000,416.071,2076.1943,4.99
91.2200,412.29,2056.5024,4.988
91.2400,415.217,2072.7634,4.992
91.2600,411.192,2051.0256,4.988
91.2800,415.095,2071.324,4.99
91.3000,410.948,2051.4524,4.992
91.3200,415.095,2072.1543,4.992
91.3400,412.046,2056.9336,4.992
91.3600,414.242,2067.8962,4.992
91.3800,412.168,2056.7183,4.99
91.4000,414.242,2067.8962,4.992
91.4200,411.802,2054.8918,4.99
91.4400,412.29,2057.3271,4.99
91.4600,421.682,2105.8799,4.994
91.4800,412.9,2059.5452,4.988
91.5000,416.925,2081.2896,4.992
91.5200,412.9,2061.1968,4.992
91.5400,415.827,2076.6399,4.994
91.5600,426.561,2126.8333,4.986
91.5800,416.803,2081.5142,4.994
91.6000,414.973,2070.7151,4.99
91.6200,414.973,2071.5452,4.992
91.6400,412.046,2056.9336,4.992
91.6600,414.973,2070.7151,4.99
91.6800,414.966,2071.5103,4.992
91.7000,413.38,2062.7661,4.99
91.7200,413.868,2065.2012,4.99
91.7400,414.234,2067.8562,4.992
91.7600,413.746,2064.5925,4.99
91.7800,428.993,2140.675,4.99
91.8000,415.209,2071.8928,4.99
91.8200,412.038,2056.0696,4.99
91.8400,415.209,2072.7234,4.992
91.8600,413.014,2060.9397,4.99
91.8800,415.209,2071.8928,4.99
91.9000,412.892,2060.3311,4.99
91.9200,415.941,2074.7136,4.988
91.9400,412.77,2059.7222,4.99
91.9600,415.331,2071.6709,4.988
91.9800,411.916,2054.637,4.988
92.0000,414.234,2067.0276,4.99
92.0200,411.184,2051.8081,4.99
92.0400,413.99,2065.8101,4.99
92.0600,414.234,2067.0276,4.99
92.0800,420.82,2099.8918,4.99
92.1000,413.624,2063.9836,4.99
92.1200,414.112,2065.5906,4.988
92.1400,414.722,2070.2922,4.992
92.1600,413.502,2063.375,4.99
92.1800,415.819,2076.6001,4.994
92.2000,414.356,2069.2937,4.994
92.2200,415.331,2073.3323,4.992
92.2400,412.77,2059.7222,4.99
92.2600,416.063,2076.1543,4.99
92.2800,412.77,2058.8967,4.988
92.3000,415.697,2075.1594,4.992
92.3200,412.648,2059.1135,4.99
92.3400,414.722,2070.2922,4.992
92.3600,412.77,2058.0713,4.986
92.3800,413.99,2067.4661,4.994
92.4000,413.502,2062.5481,4.988
92.4200,413.38,2063.593,4.992
92.4400,414.112,2066.4187,4.99
92.4600,412.77,2058.8967,4.988
92.4800,416.307,2078.2046,4.992
92.5000,412.648,2059.939,4.992
92.5200,415.819,2075.7686,4.992
92.5400,413.136,2062.375,4.992
92.5600,415.453,2073.9414,4.992
92.5800,413.258,2062.9839,4.992
92.6000,418.381,2088.5581,4.992
92.6200,411.916,2056.2847,4.992
92.6400,415.819,2075.7686,4.992
92.6600,411.794,2054.8521,4.99
92.6800,415.209,2073.5537,4.994
92.7000,412.77,2060.5479,4.992
92.7200,413.746,2065.4202,4.992
92.7400,411.672,2054.2432,4.99
92.7600,413.502,2063.375,4.99
92.7800,425.7,2124.2429,4.99
92.8000,414.112,2067.2471,4.992
92.8200,414.112,2068.0752,4.994
92.8400,451.559,2253.2793,4.99
92.8600,412.404,2058.7207,4.992
92.8800,431.798,2154.6719,4.99
92.9000,412.892,2061.157,4.992
92.9200,415.697,2075.1594,4.992
92.9400,412.282,2057.2871,4.99
92.9600,414.478,2069.0742,4.992
92.9800,412.526,2058.5046,4.99
93.0000,413.136,2061.5486,4.99
93.0200,413.99,2066.6382,4.992
93.0400,413.624,2063.9836,4.99
93.0600,414.966,2071.5103,4.992
93.0800,417.039,2081.0244,4.99
93.1000,415.088,2071.2891,4.99
93.1200,413.99,2067.4661,4.994
93.1400,426.797,2130.5706,4.992
93.1600,419.357,2093.4302,4.992
93.1800,425.7,2123.3916,4.988
93.2000,422.406,2107.8059,4.99
93.2200,419.479,2093.2002,4.99
93.2400,414.6,2070.5125,4.994
93.2600,413.502,2064.2021,4.992
93.2800,413.746,2065.4202,4.992
93.3000,414.234,2067.8562,4.992
93.3200,413.38,2063.593,4.992
93.3400,415.209,2072.7234,4.992
93.3600,414.234,2067.8562,4.992
93.3800,414.6,2069.6833,4.992
93.4000,412.282,2057.2871,4.99
93.4200,415.209,2073.5537,4.994
93.4400,411.916,2055.4607,4.99
93.4600,415.575,2074.5505,4.992
93.4800,412.404,2057.8958,4.99
93.5000,415.331,2074.1631,4.994
93.5200,411.428,2053.0256,4.99
93.5400,414.6,2068.854,4.99
93.5600,428.139,2137.27,4.992
93.5800,413.258,2062.9839,4.992
93.6000,412.526,2057.6797,4.988
93.6200,413.258,2062.1572,4.99
93.6400,413.746,2063.7651,4.988
93.6600,413.868,2065.2012,4.99
93.6800,416.307,2077.3718,4.99
93.7000,411.794,2054.8521,4.99
93.7200,424.602,2120.4624,4.994
93.7400,419.601,2093.8088,4.99
93.7600,415.575,2075.3816,4.994
93.7800,413.136,2060.7222,4.988
93.8000,414.234,2067.8562,4.992
93.8200,412.16,2056.6782,4.99
93.8400,415.088,2071.2891,4.99
93.8600,419.479,2093.2002,4.99
93.8800,414.6,2068.854,4.99
93.9000,412.526,2059.3298,4.992
93.9200,414.356,2067.6362,4.99
93.9400,414.844,2070.9014,4.992
93.9600,413.258,2062.1572,4.99
93.9800,432.53,2159.1897,4.992
94.0000,412.77,2059.7222,4.99
94.0200,415.697,2075.9907,4.994
94.0400,412.282,2057.2871,4.99
94.0600,416.185,2078.428,4.994
94.0800,417.161,2081.6333,4.99
94.1000,415.941,2075.5457,4.99
94.1200,412.77,2059.7222,4.99
94.1400,415.331,2073.3323,4.992
94.1600,412.77,2058.8967,4.988
94.1800,413.868,2066.0291,4.992
94.2000,412.892,2061.157,4.992
94.2200,413.99,2065.8101,4.99
94.2400,412.77,2059.7222,4.99
94.2600,420.089,2096.2439,4.99
94.2800,414.722,2069.4626,4.99
94.3000,413.502,2063.375,4.99
94.3200,415.453,2073.9414,4.992
94.3400,412.648,2059.1135,4.99
94.3600,418.625,2089.7761,4.992
94.3800,412.892,2060.3311,4.99
94.4000,415.088,2071.2891,4.99
94.4200,413.136,2060.7222,4.988
94.4400,416.063,2076.1543,4.99
94.4600,412.892,2059.5054,4.988
94.4800,415.331,2073.3323,4.992
94.5000,414.112,2067.2471,4.992
94.5200,414.112,2066.4187,4.99
94.5400,411.672,2055.0667,4.992
94.5600,413.746,2063.7651,4.988
94.5800,411.794,2054.8521,4.99
94.6000,415.209,2071.0625,4.988
94.6200,412.77,2060.5479,4.992
94.6400,413.868,2065.2012,4.99
94.6600,412.526,2059.3298,4.992
94.6800,414.112,2067.2471,4.992
94.7000,414.844,2071.731,4.994
94.7200,412.892,2059.5054,4.988
94.7400,415.453,2073.9414,4.992
94.7600,412.16,2057.5027,4.992
94.7800,418.625,2089.7761,4.992
94.8000,411.794,2054.0286,4.988
94.8200,415.819,2075.7686,4.992
94.8400,423.138,2110.6123,4.988
94.8600,538.162,2684.3521,4.988
94.8800,535.479,2670.9692,4.988
94.9000,412.892,2061.9827,4.994
94.9200,413.38,2064.4197,4.994
94.9400,412.77,2058.8967,4.988
94.9600,416.429,2078.8135,4.992
94.9800,412.282,2057.2871,4.99
95.0000,416.917,2081.2498,4.992
95.0200,412.892,2060.3311,4.99
95.0400,414.722,2070.2922,4.992
95.0600,411.916,2054.637,4.988
95.0800,419.845,2095.8662,4.992
95.1000,412.526,2058.5046,4.99
95.1200,414.478,2069.0742,4.992
95.1400,413.136,2061.5486,4.99
95.1600,414.356,2068.4651,4.992
95.1800,413.99,2066.6382,4.992
95.2000,414.478,2068.2451,4.99
95.2200,414.966,2069.8503,4.988
95.2400,413.624,2063.1565,4.988
95.2600,414.234,2067.0276,4.99
95.2800,413.136,2062.375,4.992
95.3000,416.673,2080.0317,4.992
95.3200,412.038,2056.8938,4.992
95.3400,416.551,2078.5894,4.99
95.3600,412.892,2060.3311,4.99
95.3800,416.185,2077.5955,4.992
95.4000,412.038,2056.0696,4.99
95.4200,415.941,2076.3774,4.992
95.4400,411.916,2055.4607,4.99
95.4600,413.868,2066.8569,4.994
95.4800,412.892,2060.3311,4.99
95.5000,414.234,2067.8562,4.992
95.5200,412.16,2057.5027,4.992
95.5400,413.258,2062.1572,4.99
95.5600,413.38,2062.7661,4.99
95.5800,413.502,2064.2021,4.992
95.6000,414.722,2071.1216,4.994
95.6200,413.136,2062.375,4.992
95.6400,415.453,2073.9414,4.992
95.6600,413.99,2064.9819,4.988
95.6800,414.844,2070.0715,4.99
95.7000,411.916,2054.637,4.988
95.7200,415.088,2071.2891,4.99
95.7400,412.282,2057.2871,4.99
95.7600,415.453,2073.1104,4.99
95.7800,413.014,2061.7659,4.992
95.8000,414.6,2068.854,4.99
95.8200,414.844,2069.2417,4.988
95.8400,414.722,2071.1216,4.994
95.8600,412.648,2059.1135,4.99
95.8800,413.746,2064.5925,4.99
95.9000,413.624,2064.811,4.992
95.9200,412.282,2057.2871,4.99
95.9400,424.602,2120.4624,4.994
95.9600,413.014,2060.1138,4.988
95.9800,416.917,2081.2498,4.992
96.0000,413.014,2060.9397,4.99
96.0200,416.185,2076.7629,4.99
96.0400,411.55,2054.4575,4.992
96.0600,414.844,2070.9014,4.992
96.0800,423.016,2110.0037,4.988
96.1000,414.478,2069.9031,4.994
96.1200,411.672,2055.0667,4.992
96.1400,413.624,2063.9836,4.99
96.1600,429.969,2144.6853,4.988
96.1800,415.812,2074.0703,4.988
96.2000,414.836,2070.8613,4.992
96.2200,413.006,2060.074,4.988
96.2400,416.055,2076.9465,4.992
96.2600,412.884,2060.291,4.99
96.2800,416.421,2078.7737,4.992
96.3000,413.616,2064.771,4.992
96.3200,415.812,2076.5652,4.994
96.3400,412.396,2057.856,4.99
96.3600,414.836,2070.0315,4.99
96.3800,412.518,2059.29,4.992
96.4000,415.202,2073.5188,4.994
96.4200,411.786,2053.9885,4.988
96.4400,420.934,2099.6187,4.988
96.4600,412.884,2061.1169,4.992
96.4800,418.983,2091.5632,4.992
96.5000,413.494,2064.1621,4.992
96.5200,415.202,2071.0276,4.988
96.5400,414.104,2066.3789,4.99
96.5600,413.372,2063.5532,4.992
96.5800,415.202,2071.8579,4.99
96.6000,413.616,2063.1165,4.988
96.6200,415.202,2071.0276,4.988
96.6400,412.884,2059.4653,4.988
96.6600,415.933,2077.1694,4.994
96.6800,411.306,2051.5942,4.988
96.7000,414.356,2067.6362,4.99
96.7200,412.282,2056.4626,4.988
96.7400,414.966,2072.3401,4.994
96.7600,412.282,2058.1118,4.992
96.7800,414.112,2067.2471,4.992
96.8000,417.893,2085.2859,4.99
96.8200,412.892,2060.3311,4.99
96.8400,412.77,2059.7222,4.99
96.8600,536.943,2676.124,4.984
96.8800,537.796,2683.6021,4.99
96.9000,534.137,2665.3435,4.99
96.9200,434.238,2169.4529,4.996
96.9400,411.428,2053.8486,4.992
96.9600,420.698,2099.283,4.99
96.9800,411.306,2052.4167,4.99
97.0000,414.6,2070.5125,4.994
97.0200,412.282,2057.2871,4.99
97.0400,414.844,2069.2417,4.988
97.0600,412.77,2060.5479,4.992
97.0800,417.771,2084.6772,4.99
97.1000,413.746,2063.7651,4.988
97.1200,413.258,2062.9839,4.992
97.1400,413.746,2065.4202,4.992
97.1600,413.868,2064.3735,4.988
97.1800,420.584,2099.5554,4.992
97.2000,413.51,2063.4148,4.99
97.2200,416.071,2077.0266,4.992
97.2400,411.924,2054.677,4.988
97.2600,415.827,2075.8083,4.992
97.2800,412.656,2059.1533,4.99
97.3000,415.949,2077.2493,4.994
97.3200,413.022,2060.9797,4.99
97.3400,415.339,2072.5415,4.99
97.3600,412.29,2057.3271,4.99
97.3800,414.973,2072.375,4.994
97.4000,413.754,2063.8049,4.988
97.4200,413.632,2064.8508,4.992
97.4400,416.803,2080.6807,4.992
97.4600,412.534,2058.5444,4.99
97.4800,418.877,2091.0342,4.992
97.5000,413.144,2062.415,4.992
97.5200,416.437,2078.8535,4.992
97.5400,411.558,2053.6743,4.99
97.5600,416.193,2077.6355,4.992
97.5800,412.656,2058.3281,4.988
97.6000,415.827,2074.9766,4.99
97.6200,412.534,2059.3699,4.992
97.6400,414.242,2067.8962,4.992
97.6600,413.51,2063.4148,4.99
97.6800,413.632,2064.0234,4.99
97.7000,414.364,2068.5051,4.992
97.7200,413.876,2065.2412,4.99
97.7400,413.632,2064.0234,4.99
97.7600,413.388,2061.9792,4.988
97.7800,414.973,2071.5452,4.992
97.8000,413.022,2060.1538,4.988
97.8200,415.705,2075.1992,4.992
97.8400,412.534,2059.3699,4.992
97.8600,416.071,2076.1943,4.99
97.8800,413.022,2061.8059,4.992
97.9000,415.827,2075.8083,4.992
97.9200,411.68,2055.1064,4.992
97.9400,414.364,2067.6763,4.99
97.9600,412.534,2057.7195,4.988
97.9800,413.754,2065.46,4.992
98.0000,414.485,2068.28,4.99
98.0200,413.754,2063.8049,4.988
98.0400,412.656,2059.9788,4.992
98.0600,413.51,2065.0691,4.994
98.0800,415.095,2071.324,4.99
98.1000,414.242,2067.0676,4.99
98.1200,416.071,2077.8586,4.994
98.1400,412.656,2059.1533,4.99
98.1600,416.559,2078.6292,4.99
98.1800,412.412,2057.9358,4.99
98.2000,415.583,2073.759,4.99
98.2200,411.436,2053.8887,4.992
98.2400,413.754,2065.46,4.992
98.2600,412.656,2059.1533,4.99
98.2800,415.095,2072.1543,4.992
98.3000,412.656,2059.9788,4.992
98.3200,413.876,2065.2412,4.99
98.3400,414.364,2069.334,4.994
98.3600,413.754,2063.8049,4.988
98.3800,414.12,2067.2871,4.992
98.4000,417.169,2081.6733,4.99
98.4200,414.973,2069.8853,4.988
98.4400,411.924,2054.677,4.988
98.4600,565.008,2814.8699,4.982
98.4800,449.616,2246.2815,4.996
98.5000,419.365,2094.3088,4.994
98.5200,423.512,2114.1719,4.992
98.5400,419.609,2093.8489,4.99
98.5600,421.682,2103.3499,4.988
98.5800,418.389,2088.5979,4.992
98.6000,413.632,2064.0234,4.99
98.6200,424.854,2120.8713,4.992
98.6400,414.242,2066.239,4.988
98.6600,412.778,2060.5879,4.992
98.6800,413.022,2061.8059,4.992
98.7000,415.339,2072.5415,4.99
98.7200,413.388,2062.8059,4.99
98.7400,416.803,2079.8469,4.99
98.7600,412.778,2059.7622,4.99
98.7800,419.853,2095.9062,4.992
98.8000,413.388,2061.9792,4.988
98.8200,415.461,2073.1504,4.99
98.8400,412.046,2056.1094,4.99
98.8600,414.485,2067.4512,4.988
98.8800,537.929,2683.1899,4.988
98.9000,538.173,2685.4829,4.99
98.9200,536.343,2676.3516,4.99
98.9400,413.022,2064.2839,4.998
98.9600,421.804,2105.6455,4.992
98.9800,412.046,2056.1094,4.99
99.0000,414.12,2066.4587,4.99
99.0200,411.314,2051.6343,4.988
99.0400,418.389,2088.5979,4.992
99.0600,414.485,2068.28,4.99
99.0800,412.534,2059.3699,4.992
99.1000,421.072,2101.1492,4.99
99.1200,416.193,2076.803,4.99
99.1400,422.414,2107.001,4.988
99.1600,413.022,2060.1538,4.988
99.1800,416.071,2077.8586,4.994
99.2000,411.192,2051.8479,4.99
99.2200,415.095,2072.1543,4.992
99.2400,412.168,2056.7183,4.99
99.2600,414.973,2071.5452,4.992
99.2800,412.046,2056.9336,4.992
99.3000,414.607,2069.7183,4.992
99.3200,412.29,2058.1519,4.992
99.3400,413.754,2063.8049,4.988
99.3600,412.29,2057.3271,4.99
99.3800,413.144,2063.2412,4.994
99.4000,413.266,2063.0239,4.992
99.4200,413.998,2065.8499,4.99
99.4400,415.469,2074.0212,4.992
99.4600,413.274,2062.2371,4.99
99.4800,415.591,2073.7991,4.99
99.5000,412.298,2058.1917,4.992
99.5200,416.567,2078.6692,4.99
99.5400,412.542,2057.7595,4.988
99.5600,415.835,2075.0166,4.99
99.5800,411.444,2053.1055,4.99
99.6000,414.981,2071.5852,4.992
99.6200,414.493,2069.1492,4.992
99.6400,414.737,2068.708,4.988
99.6600,418.641,2089.0186,4.99
99.6800,414.371,2068.54,4.992
99.7000,413.152,2062.4548,4.992
99.7200,413.274,2062.2371,4.99
99.7400,596.246,2969.3049,4.98
99.7600,434.62,2170.4922,4.994
99.7800,415.957,2076.4573,4.992
99.8000,413.274,2063.8904,4.994
99.8200,415.103,2072.1941,4.992
99.8400,415.957,2077.2893,4.994
99.8600,418.885,2090.2361,4.99
99.8800,430.107,2147.9543,4.994
99.9000,412.542,2058.5845,4.99
99.9200,416.079,2075.4021,4.988
99.9400,412.298,2058.1917,4.992
99.9600,416.933,2082.1636,4.994
99.9800,412.054,2056.9736,4.992
100.0000,414.127,2068.1504,4.994
100.0200,411.444,2054.7512,4.994
100.0400,414.127,2066.4937,4.99
100.0600,413.152,2061.6284,4.99
100.0800,414.493,2068.3201,4.99
100.1000,413.517,2064.2769,4.992
100.1200,413.883,2065.2761,4.99
100.1400,414.371,2069.3687,4.994
100.1600,413.152,2062.4548,4.992
100.1800,432.913,2161.1018,4.992
100.2000,421.324,2102.4067,4.99
100.2200,426.448,2127.9753,4.99
100.2400,423.52,2115.0588,4.994
100.2600,419.617,2093.8887,4.99
100.2800,413.761,2065.4949,4.992
100.3000,411.566,2053.7144,4.99
100.3200,423.032,2110.9297,4.99
100.3400,412.542,2057.7595,4.988
100.3600,413.517,2063.4497,4.99
100.3800,415.225,2071.9727,4.99
100.4000,414.615,2068.0996,4.988
100.4200,413.639,2064.0586,4.99
100.4400,413.152,2059.9758,4.986
100.4600,415.713,2075.2395,4.992
100.4800,413.152,2060.8022,4.988
100.5000,432.547,2157.5444,4.988
100.5200,418.275,2087.1921,4.99
100.5400,418.397,2087.801,4.99
100.5600,419.617,2094.728,4.992
100.5800,418.153,2085.7473,4.988
100.6000,421.202,2102.6404,4.992
100.6200,417.665,2084.1482,4.99
100.6400,420.104,2097.1592,4.992
100.6600,417.177,2081.7131,4.99
100.6800,418.397,2088.6379,4.992
100.7000,425.472,2124.8071,4.994
100.7200,423.642,2113.1262,4.988
100.7400,422.666,2109.1033,4.99
100.7600,418.275,2088.0288,4.992
100.7800,421.202,2101.7979,4.99
100.8000,414.127,2067.322,4.992
100.8200,414.005,2065.0569,4.988
100.8400,414.737,2070.3672,4.992
100.8600,414.127,2067.322,4.992
100.8800,500.125,2494.6235,4.988
100.9000,535.621,2671.6772,4.988
100.9200,412.42,2058.8008,4.992
100.9400,415.957,2077.2893,4.994
100.9600,412.298,2058.1917,4.992
100.9800,415.957,2075.6252,4.99
101.0000,413.395,2062.8408,4.99
101.0200,416.445,2078.0605,4.99
101.0400,412.786,2059.802,4.99
101.0600,415.103,2070.5337,4.988
101.0800,412.786,2058.9766,4.988
101.1000,415.225,2071.9727,4.99
101.1200,412.298,2057.3669,4.99
101.1400,413.883,2066.104,4.992
101.1600,412.542,2057.7595,4.988
101.1800,414.127,2065.6655,4.988
101.2000,414.615,2070.5872,4.994
101.2200,414.005,2066.7131,4.992
101.2400,415.347,2071.7507,4.988
101.2600,413.395,2062.8408,4.99
101.2800,415.591,2074.6304,4.992
101.3000,412.42,2057.9758,4.99
101.3200,433.766,2164.4922,4.99
101.3400,412.908,2060.4109,4.99
101.3600,415.347,2073.4121,4.992
101.3800,411.932,2054.7168,4.988
101.4000,433.644,2164.751,4.992
101.4200,412.664,2058.3679,4.988
101.4400,413.883,2066.9316,4.994
101.4600,412.176,2057.5825,4.992
101.4800,414.127,2067.322,4.992
101.5000,412.908,2061.2368,4.992
101.5200,413.761,2064.6672,4.99
101.5400,414.127,2066.4937,4.99
101.5600,413.395,2063.6677,4.992
101.5800,415.347,2073.4121,4.992
101.6000,413.152,2061.6284,4.99
101.6200,415.469,2073.1902,4.99
101.6400,413.152,2063.281,4.994
101.6600,416.079,2075.4021,4.988
101.6800,411.322,2051.6741,4.988
101.7000,415.103,2070.5337,4.988
101.7200,411.688,2054.323,4.99
101.7400,414.127,2066.4937,4.99
101.7600,412.176,2056.7581,4.99
101.7800,413.639,2063.2314,4.988
101.8000,413.639,2064.0586,4.99
101.8200,412.786,2059.802,4.99
101.8400,421.568,2104.4675,4.992
101.8600,413.152,2062.4548,4.992
101.8800,414.859,2070.9763,4.992
101.9000,417.787,2084.7571,4.99
101.9200,416.567,2078.6692,4.99
101.9400,411.81,2054.9319,4.99
101.9600,414.249,2066.2739,4.988
101.9800,412.176,2056.7581,4.99
102.0000,414.005,2066.7131,4.992
102.0200,412.908,2061.2368,4.992
102.0400,418.397,2086.9641,4.988
102.0600,413.395,2062.8408,4.99
102.0800,412.908,2059.585,4.988
102.1000,414.249,2068.7595,4.994
102.1200,413.152,2061.6284,4.99
102.1400,414.737,2070.3672,4.992
102.1600,413.274,2063.0637,4.992
102.1800,415.347,2073.4121,4.992
102.2000,412.786,2059.802,4.99
102.2200,414.859,2071.8059,4.994
102.2400,412.298,2057.3669,4.99
102.2600,414.981,2069.925,4.988
102.2800,411.078,2050.457,4.988
102.3000,414.005,2066.7131,4.992
102.3200,412.054,2056.9736,4.992
102.3400,413.883,2066.104,4.992
102.3600,417.665,2084.9839,4.992
102.3800,420.226,2096.9277,4.99
102.4000,414.005,2065.8848,4.99
102.4200,413.274,2062.2371,4.99
102.4400,416.201,2078.5078,4.994
102.4600,412.298,2058.1917,4.992
102.4800,419.251,2092.0625,4.99
102.5000,415.591,2073.7991,4.99
102.5200,418.763,2089.6272,4.99
102.5400,418.275,2087.1921,4.99
102.5600,413.395,2062.0142,4.988
102.5800,414.615,2069.7581,4.992
102.6000,413.274,2061.4106,4.988
102.6200,415.591,2074.6304,4.992
102.6400,413.517,2063.4497,4.99
102.6600,415.713,2074.408,4.99
102.6800,413.639,2064.886,4.992
102.7000,415.713,2075.2395,4.992
102.7200,411.932,2055.5405,4.99
102.7400,414.859,2070.1462,4.99
102.7600,412.054,2055.3252,4.988
102.7800,413.517,2063.4497,4.99
102.8000,412.176,2056.7581,4.99
102.8200,414.127,2068.1504,4.994
102.8400,414.005,2065.8848,4.99
102.8600,413.883,2065.2761,4.99
102.8800,415.713,2075.2395,4.992
102.9000,538.183,2683.3804,4.986
102.9200,538.061,2683.8481,4.988
102.9400,588.073,2932.1321,4.986
102.9600,412.786,2061.4534,4.994
102.9800,415.835,2075.0166,4.99
103.0000,412.176,2056.7581,4.99
103.0200,413.395,2062.8408,4.99
103.0400,412.42,2057.1509,4.988
103.0600,414.005,2066.7131,4.992
103.0800,413.517,2064.2769,4.992
103.1000,412.908,2059.585,4.988
103.1200,414.615,2069.7581,4.992
103.1400,413.761,2063.8398,4.988
103.1600,415.957,2075.6252,4.99
103.1800,413.517,2064.2769,4.992
103.2000,415.469,2074.0212,4.992
103.2200,412.054,2055.3252,4.988
103.2400,415.347,2073.4121,4.992
103.2600,412.176,2057.5825,4.992
103.2800,414.737,2070.3672,4.992
103.3000,411.688,2054.323,4.99
103.3200,414.859,2070.9763,4.992
103.3400,412.542,2057.7595,4.988
103.3600,414.371,2069.3687,4.994
103.3800,412.786,2059.802,4.99
103.4000,414.981,2072.415,4.994
103.4200,413.152,2059.9758,4.986
103.4400,412.908,2060.4109,4.99
103.4600,415.835,2076.6799,4.994
103.4800,413.03,2061.8457,4.992
103.5000,415.591,2072.9678,4.988
103.5200,413.883,2066.104,4.992
103.5400,416.323,2079.1169,4.994
103.5600,412.908,2060.4109,4.99
103.5800,416.323,2077.4517,4.99
103.6000,412.054,2056.9736,4.992
103.6200,414.127,2066.4937,4.99
103.6400,412.42,2058.8008,4.992
103.6600,414.249,2067.1023,4.99
103.6800,411.2,2051.8879,4.99
103.7000,418.519,2087.5728,4.988
103.7200,413.639,2064.0586,4.99
103.7400,413.395,2062.0142,4.988
103.7600,415.469,2073.1902,4.99
103.7800,413.274,2063.0637,4.992
103.8000,415.347,2072.5813,4.99
103.8200,413.152,2062.4548,4.992
103.8400,416.811,2079.0532,4.988
103.8600,412.298,2057.3669,4.99
103.8800,415.591,2074.6304,4.992
103.9000,412.664,2058.3679,4.988
103.9200,416.079,2077.0664,4.992
103.9400,412.176,2055.9338,4.988
103.9600,414.127,2067.322,4.992
103.9800,413.03,2060.1936,4.988
104.0000,414.493,2068.3201,4.99
104.0200,424.252,2117.8662,4.992
104.0400,413.274,2062.2371,4.99
104.0600,414.127,2067.322,4.992
104.0800,413.03,2061.8457,4.992
104.1000,417.665,2085.8191,4.994
104.1200,413.03,2061.0195,4.99
104.1400,414.737,2069.5376,4.99
104.1600,412.664,2059.1934,4.99
104.1800,416.079,2076.2341,4.99
104.2000,412.664,2059.1934,4.99
104.2200,414.859,2069.3167,4.988
104.2400,412.176,2055.1096,4.986
104.2600,413.883,2065.2761,4.99
104.2800,412.176,2056.7581,4.99
104.3000,414.249,2067.1023,4.99
104.3200,411.81,2055.7556,4.992
104.3400,421.08,2101.189,4.99
104.3600,412.786,2060.6279,4.992
104.3800,413.03,2061.0195,4.99
104.4000,414.127,2066.4937,4.99
104.4200,413.274,2062.2371,4.99
104.4400,416.437,2078.8535,4.992
104.4600,412.778,2059.7622,4.99
104.4800,415.705,2076.0308,4.994
104.5000,412.9,2060.3708,4.99
104.5200,415.217,2073.5938,4.994
104.5400,416.803,2079.8469,4.99
104.5600,416.559,2077.7961,4.988
104.5800,412.656,2059.9788,4.992
104.6000,414.729,2069.4976,4.99
104.6200,411.558,2052.8513,4.988
104.6400,414.12,2065.6306,4.988
104.6600,411.924,2055.5007,4.99
104.6800,414.364,2067.6763,4.99
104.7000,415.347,2074.2429,4.994
104.7200,413.395,2064.4946,4.994
104.7400,414.493,2068.3201,4.99
104.7600,430.595,2148.6689,4.99
104.7800,416.201,2076.8428,4.99
104.8000,413.883,2065.2761,4.99
104.8200,416.323,2077.4517,4.99
104.8400,418.519,2087.5728,4.988
104.8600,603.565,3005.7537,4.98
104.8800,570.264,2846.7578,4.992
104.9000,425.716,2126.0256,4.994
104.9200,542.696,2706.9675,4.988
104.9400,571.484,2849.4192,4.986
104.9600,416.201,2079.3401,4.996
104.9800,416.689,2080.1116,4.992
105.0000,418.885,2091.074,4.992
105.0200,412.542,2058.5845,4.99
105.0400,416.689,2079.2781,4.99
105.0600,415.835,2075.0166,4.99
105.0800,422.178,2106.6682,4.99
105.1000,412.664,2058.3679,4.988
105.1200,416.079,2076.2341,4.99
105.1400,412.42,2057.1509,4.988
105.1600,413.883,2065.2761,4.99
105.1800,412.298,2057.3669,4.99
105.2000,414.127,2065.6655,4.988
105.2200,414.371,2068.54,4.992
105.2400,413.274,2062.2371,4.99
105.2600,416.079,2075.4021,4.988
105.2800,414.005,2065.8848,4.99
105.3000,416.201,2077.6753,4.992
105.3200,412.176,2056.7581,4.99
105.3400,416.079,2076.2341,4.99
105.3600,603.931,3006.3687,4.978
105.3800,434.254,2169.533,4.996
105.4000,413.639,2064.886,4.992
105.4200,415.591,2073.7991,4.99
105.4400,417.787,2085.5928,4.992
105.4600,413.883,2066.104,4.992
105.4800,433.522,2164.1418,4.992
105.5000,417.299,2082.322,4.99
105.5200,420.836,2100.8132,4.992
105.5400,417.543,2083.5396,4.99
105.5600,418.763,2088.7898,4.988
105.5800,419.983,2095.7151,4.99
105.6000,418.031,2087.6467,4.994
105.6200,417.299,2083.1567,4.992
105.6400,419.129,2090.6155,4.988
105.6600,417.177,2081.7131,4.99
105.6800,413.274,2061.4106,4.988
105.7000,414.981,2070.7551,4.99
105.7200,412.42,2056.3262,4.986
105.7400,414.615,2069.7581,4.992
105.7600,422.178,2106.6682,4.99
105.7800,412.908,2061.2368,4.992
105.8000,414.859,2070.9763,4.992
105.8200,413.152,2061.6284,4.99
105.8400,428.399,2138.5679,4.992
105.8600,419.861,2093.427,4.986
105.8800,440.109,2195.2637,4.988
105.9000,422.3,2108.1216,4.992
105.9200,412.542,2059.4097,4.992
105.9400,415.599,2074.6702,4.992
105.9600,412.793,2059.8369,4.99
105.9800,414.379,2068.5801,4.992
106.0000,412.427,2057.1858,4.988
106.0200,414.623,2069.7981,4.992
106.0400,411.94,2053.9329,4.986
106.0600,414.745,2070.407,4.992
106.0800,411.818,2054.9717,4.99
106.1000,414.989,2071.6252,4.992
106.1200,413.037,2061.8806,4.992
106.1400,414.745,2069.5774,4.99
106.1600,412.915,2061.2717,4.992
106.1800,412.915,2059.6201,4.988
106.2000,414.745,2070.407,4.992
106.2200,414.867,2069.3567,4.988
106.2400,431.335,2151.4988,4.988
106.2600,420.356,2097.5762,4.99
106.2800,423.284,2112.187,4.99
106.3000,420.722,2100.2441,4.992
106.3200,420.722,2100.2441,4.992
106.3400,415.599,2073.8389,4.99
106.3600,412.427,2057.1858,4.988
106.3800,415.111,2071.4038,4.99
106.4000,412.062,2056.1895,4.99
106.4200,416.819,2080.7605,4.992
106.4400,413.037,2060.2285,4.988
106.4600,414.379,2068.5801,4.992
106.4800,412.183,2056.7932,4.99
106.5000,414.257,2067.9709,4.992
106.5200,412.671,2059.228,4.99
106.5400,414.257,2066.3137,4.988
106.5600,413.281,2063.0989,4.992
106.5800,412.915,2060.4458,4.99
106.6000,413.647,2064.9258,4.992
106.6200,414.867,2070.1863,4.99
106.6400,431.945,2155.4055,4.99
106.6600,412.671,2060.0537,4.992
106.6800,415.721,2074.4478,4.99
106.7000,412.305,2057.4019,4.99
106.7200,423.04,2111.8157,4.992
106.7400,412.305,2057.4019,4.99
106.7600,416.697,2078.4846,4.988
106.7800,411.452,2053.9685,4.992
106.8000,414.257,2067.1423,4.99
106.8200,412.305,2057.4019,4.99
106.8400,414.867,2071.8457,4.994
106.8600,412.671,2059.228,4.99
106.8800,413.769,2065.5349,4.992
106.9000,414.013,2065.0969,4.988
106.9200,564.907,2815.4966,4.984
106.9400,538.803,2688.6267,4.99
106.9600,534.168,2664.4302,4.988
106.9800,550.269,2745.842,4.99
107.0000,535.753,2672.3359,4.988
107.0200,534.655,2670.0671,4.994
107.0400,411.696,2055.1865,4.992
107.0600,434.629,2169.668,4.992
107.0800,411.94,2057.2283,4.994
107.1000,413.281,2062.2722,4.99
107.1200,413.037,2061.8806,4.992
107.1400,413.891,2066.1438,4.992
107.1600,413.647,2063.2712,4.988
107.1800,412.671,2060.0537,4.992
107.2000,415.973,2075.7051,4.99
107.2200,446.835,2229.7065,4.99
107.2400,425.854,2125.0115,4.99
107.2600,423.78,2116.3572,4.994
107.2800,423.902,2114.4231,4.988
107.3000,425.854,2125.0115,4.99
107.3200,412.191,2057.6575,4.992
107.3400,414.631,2069.8381,4.992
107.3600,412.923,2060.4856,4.99
107.3800,414.021,2065.9646,4.99
107.4000,412.801,2059.0513,4.988
107.4200,413.533,2063.5295,4.99
107.4400,415.729,2074.4875,4.99
107.4600,412.435,2058.8755,4.992
107.4800,418.657,2089.0984,4.99
107.5000,412.435,2057.2258,4.988
107.5200,415.241,2072.8831,4.992
107.5400,411.459,2054.0034,4.992
107.5600,415.851,2075.9282,4.992
107.5800,412.191,2056.0088,4.988
107.6000,414.387,2067.791,4.99
107.6200,412.313,2056.6172,4.988
107.6400,416.217,2077.7554,4.992
107.6600,413.411,2061.2673,4.986
107.6800,418.779,2090.5447,4.992
107.7000,423.78,2115.5098,4.992
107.7200,419.754,2093.7329,4.988
107.7400,422.316,2107.3567,4.99
107.7600,438.174,2185.6118,4.988
107.7800,415.119,2073.1042,4.994
107.8000,414.021,2065.9646,4.99
107.8200,414.143,2066.5735,4.99
107.8400,414.997,2072.4951,4.994
107.8600,412.923,2060.4856,4.99
107.8800,414.997,2071.665,4.992
107.9000,413.289,2062.312,4.99
107.9200,417.315,2082.4019,4.99
107.9400,411.581,2053.7891,4.99
107.9600,415.851,2075.0964,4.99
107.9800,413.533,2063.5295,4.99
108.0000,415.119,2070.6135,4.988
108.0200,412.313,2057.4417,4.99
108.0400,415.607,2073.8789,4.99
108.0600,411.825,2055.8306,4.992
108.0800,414.509,2069.229,4.992
108.1000,414.875,2071.0562,4.992
108.1200,413.045,2061.9207,4.992
108.1400,413.655,2064.9658,4.992
108.1600,412.313,2057.4417,4.99
108.1800,414.631,2070.6672,4.994
108.2000,412.435,2057.2258,4.988
108.2200,416.461,2078.1404,4.99
108.2400,412.557,2058.6594,4.99
108.2600,422.804,2109.7917,4.99
108.2800,420.242,2097.8481,4.992
108.3000,420.73,2099.4426,4.99
108.3200,420.486,2098.2251,4.99
108.3400,413.167,2061.7031,4.99
108.3600,414.631,2071.4963,4.996
108.3800,413.533,2064.3567,4.992
108.4000,415.363,2074.3228,4.994
108.4200,418.657,2088.2612,4.988
108.4400,414.021,2065.9646,4.99
108.4600,413.777,2064.7471,4.99
108.4800,413.777,2064.7471,4.99
108.5000,411.215,2051.1404,4.988
108.5200,420.364,2098.4573,4.992
108.5400,412.801,2060.7026,4.992
108.5600,416.827,2079.9666,4.99
108.5800,413.899,2065.356,4.99
108.6000,413.899,2066.1838,4.992
108.6200,415.119,2071.4436,4.99
108.6400,412.435,2058.0505,4.99
108.6600,414.387,2069.4487,4.994
108.6800,413.167,2061.7031,4.99
108.7000,414.387,2069.4487,4.994
108.7200,412.435,2058.0505,4.99
108.7400,415.973,2076.5371,4.992
108.7600,412.435,2058.8755,4.992
108.7800,414.509,2068.3999,4.99
108.8000,414.265,2067.1824,4.99
108.8200,413.533,2063.5295,4.99
108.8400,413.411,2063.7478,4.992
108.8600,413.411,2062.094,4.988
108.8800,413.167,2062.5298,4.992
108.9000,413.411,2063.7478,4.992
108.9200,413.899,2066.1838,4.992
108.9400,558.697,2784.5461,4.984
108.9600,412.191,2056.833,4.99
108.9800,415.119,2071.4436,4.99
109.0000,412.557,2058.6594,4.99
109.0200,415.119,2072.2739,4.992
109.0400,412.557,2057.0093,4.986
109.0600,430.611,2147.8877,4.988
109.0800,411.459,2052.3574,4.988
109.1000,413.167,2062.5298,4.992
109.1200,412.313,2057.4417,4.99
109.1400,419.023,2091.7629,4.992
109.1600,414.875,2071.0562,4.992
109.1800,413.655,2064.1384,4.99
109.2000,416.087,2076.2742,4.99
109.2200,413.037,2061.0544,4.99
109.2400,415.843,2077.5515,4.996
109.2600,412.062,2057.0137,4.992
109.2800,415.599,2074.6702,4.992
109.3000,411.696,2054.363,4.99
109.3200,415.111,2072.2341,4.992
109.3400,411.696,2054.363,4.99
109.3600,414.501,2068.3599,4.99
109.3800,411.452,2053.9685,4.992
109.4000,414.745,2070.407,4.992
109.4200,422.186,2106.708,4.99
109.4400,414.127,2065.6655,4.988
109.4600,414.493,2069.1492,4.992
109.4800,413.395,2062.8408,4.99
109.5000,415.713,2074.408,4.99
109.5200,412.908,2061.2368,4.992
109.5400,416.323,2079.9497,4.996
109.5600,412.908,2059.585,4.988
109.5800,422.3,2108.1216,4.992
109.6000,412.42,2057.9758,4.99
109.6200,415.225,2072.8032,4.992
109.6400,418.275,2087.1921,4.99
109.6600,415.225,2073.6335,4.994
109.6800,412.786,2059.802,4.99
109.7000,417.787,2083.9214,4.988
109.7200,412.298,2057.3669,4.99
109.7400,414.371,2066.8826,4.988
109.7600,417.177,2082.5476,4.992
109.7800,412.908,2061.2368,4.992
109.8000,414.615,2071.4165,4.996
109.8200,416.201,2076.8428,4.99
109.8400,416.323,2077.4517,4.99
109.8600,412.664,2059.1934,4.99
109.8800,420.104,2097.1592,4.992
109.9000,412.298,2059.0161,4.994
109.9200,414.981,2071.5852,4.992
109.9400,429.985,2145.625,4.99
109.9600,414.615,2069.7581,4.992
109.9800,412.664,2060.0188,4.992
110.0000,428.765,2139.5374,4.99
110.0200,413.517,2065.1038,4.994
110.0400,413.639,2064.0586,4.99
110.0600,419.129,2092.292,4.992
110.0800,416.201,2077.6753,4.992
110.1000,415.347,2073.4121,4.992
110.1200,419.373,2092.6711,4.99
110.1400,416.445,2078.0605,4.99
110.1600,413.152,2061.6284,4.99
110.1800,430.229,2147.7031,4.992
110.2000,419.861,2094.2666,4.988
110.2200,422.91,2111.1667,4.992
110.2400,426.935,2131.2595,4.992
110.2600,413.274,2063.0637,4.992
110.2800,415.591,2074.6304,4.992
110.3000,418.031,2086.8108,4.992
110.3200,414.737,2071.1965,4.994
110.3400,412.054,2056.9736,4.992
110.3600,419.861,2097.6255,4.996
110.3800,412.42,2057.9758,4.99
110.4000,414.493,2068.3201,4.99
110.4200,416.811,2079.8867,4.99
110.4400,413.639,2064.0586,4.99
110.4600,417.909,2086.2017,4.992
110.4800,417.909,2085.3657,4.99
110.5000,416.201,2077.6753,4.992
110.5200,412.298,2057.3669,4.99
110.5400,423.52,2113.3647,4.99
110.5600,413.517,2064.2769,4.992
110.5800,415.347,2072.5813,4.99
110.6000,412.298,2058.1917,4.992
110.6200,414.859,2070.9763,4.992
110.6400,410.956,2049.8484,4.988
110.6600,415.103,2070.5337,4.988
110.6800,412.176,2055.9338,4.988
110.7000,414.364,2067.6763,4.99
110.7200,414.364,2067.6763,4.99
110.7400,420.097,2095.4436,4.988
110.7600,423.512,2114.1719,4.992
110.7800,419.121,2090.5754,4.988
110.8000,421.682,2104.1931,4.99
110.8200,412.412,2058.7607,4.992
110.8400,414.485,2069.1091,4.992
110.8600,413.998,2065.8499,4.99
110.8800,413.998,2066.678,4.992
110.9000,413.144,2061.5886,4.99
110.9200,412.656,2059.1533,4.99
110.9400,415.339,2073.3723,4.992
110.9600,537.197,2678.4644,4.986
110.9800,539.636,2691.7043,4.988
111.0000,411.924,2056.3247,4.992
111.0200,414.364,2069.334,4.994
111.0400,413.022,2061.8059,4.992
111.0600,413.144,2061.5886,4.99
111.0800,412.29,2056.5024,4.988
111.1000,413.51,2064.2419,4.992
111.1200,414.364,2067.6763,4.99
111.1400,413.998,2066.678,4.992
111.1600,414.364,2067.6763,4.99
111.1800,413.754,2063.8049,4.988
111.2000,415.095,2070.4939,4.988
111.2200,412.778,2060.5879,4.992
111.2400,414.729,2069.4976,4.99
111.2600,411.802,2054.0684,4.988
111.2800,415.217,2072.7634,4.992
111.3000,411.924,2054.677,4.988
111.3200,414.485,2068.28,4.99
111.3400,411.314,2053.2795,4.992
111.3600,415.217,2072.7634,4.992
111.3800,413.022,2060.9797,4.99
111.4000,414.607,2068.8889,4.99
111.4200,412.656,2059.9788,4.992
111.4400,549.639,2739.4009,4.984
111.4600,540.124,2695.2188,4.99
111.4800,444.614,2220.4023,4.994
111.5000,424.488,2119.8931,4.994
111.5200,420.584,2098.7141,4.99
111.5400,420.219,2096.8926,4.99
111.5600,422.902,2111.9727,4.994
111.5800,412.656,2059.9788,4.992
111.6000,420.462,2098.1052,4.99
111.6200,411.68,2054.283,4.99
111.6400,415.461,2073.9814,4.992
111.6600,412.534,2059.3699,4.992
111.6800,415.217,2071.1023,4.988
111.7000,414.729,2069.4976,4.99
111.7200,412.656,2059.1533,4.99
111.7400,414.12,2067.2871,4.992
111.7600,418.267,2086.3157,4.988
111.7800,416.071,2076.1943,4.99
111.8000,412.9,2059.5452,4.988
111.8200,415.217,2072.7634,4.992
111.8400,411.802,2054.8918,4.99
111.8600,416.681,2080.0715,4.992
111.8800,429.001,2140.7148,4.99
111.9000,416.193,2075.9707,4.988
111.9200,413.266,2062.1973,4.99
111.9400,413.754,2063.8049,4.988
111.9600,413.51,2063.4148,4.99
111.9800,413.51,2064.2419,4.992
112.0000,413.022,2061.8059,4.992
112.0200,413.876,2066.0691,4.992
112.0400,415.217,2071.9329,4.99
112.0600,412.534,2059.3699,4.992
112.0800,415.339,2074.2029,4.994
112.1000,413.266,2062.1973,4.99
112.1200,423.268,2112.9539,4.992
112.1400,412.168,2057.5427,4.992
112.1600,416.437,2078.8535,4.992
112.1800,411.558,2052.8513,4.988
112.2000,413.998,2067.5059,4.994
112.2200,412.046,2056.1094,4.99
112.2400,413.266,2062.1973,4.99
112.2600,413.266,2061.3708,4.988
112.2800,414.12,2066.4587,4.99
112.3000,411.924,2055.5007,4.99
112.3200,413.144,2061.5886,4.99
112.3400,413.632,2064.0234,4.99
112.3600,413.266,2063.0239,4.992
112.3800,414.364,2069.334,4.994
112.4000,412.534,2058.5444,4.99
112.4200,416.437,2078.8535,4.992
112.4400,413.388,2062.8059,4.99
112.4600,415.583,2075.4216,4.994
112.4800,411.924,2055.5007,4.99
112.5000,415.827,2075.8083,4.992
112.5200,604.529,3010.5544,4.98
112.5400,430.953,2152.1792,4.994
112.5600,415.827,2076.6399,4.994
112.5800,413.266,2063.0239,4.992
112.6000,417.779,2084.717,4.99
112.6200,411.802,2054.0684,4.988
112.6400,421.804,2104.8018,4.99
112.6600,411.314,2052.4568,4.99
112.6800,414.851,2070.9363,4.992
112.7000,413.883,2066.9316,4.994
112.7200,412.908,2061.2368,4.992
112.7400,411.932,2056.3645,4.992
112.7600,414.127,2064.8374,4.986
112.7800,414.737,2070.3672,4.992
112.8000,413.274,2061.4106,4.988
112.8200,413.883,2066.9316,4.994
112.8400,412.786,2059.802,4.99
112.8600,413.639,2064.0586,4.99
112.8800,412.786,2059.802,4.99
112.9000,415.591,2075.4614,4.994
112.9200,411.322,2052.4966,4.99
112.9400,431.205,2151.7129,4.99
112.9600,542.696,2705.8823,4.986
112.9800,536.597,2676.5457,4.988
113.0000,550.625,2747.6187,4.99
113.0200,539.647,2692.8384,4.99
113.0400,540.866,2701.085,4.994
113.0600,468.775,2341.9998,4.996
113.0800,415.469,2074.8521,4.994
113.1000,412.298,2057.3669,4.99
113.1200,414.615,2068.9287,4.99
113.1400,410.468,2049.0562,4.992
113.1600,419.739,2095.3372,4.992
113.1800,412.42,2057.9758,4.99
113.2000,414.127,2067.322,4.992
113.2200,410.224,2047.8383,4.992
113.2400,413.883,2066.9316,4.994
113.2600,411.078,2052.1013,4.992
113.2800,414.981,2070.7551,4.99
113.3000,412.786,2059.802,4.99
113.3200,412.786,2061.4534,4.994
113.3400,410.59,2049.6653,4.992
113.3600,413.274,2062.2371,4.99
113.3800,413.03,2062.6719,4.994
113.4000,413.395,2062.8408,4.99
113.4200,412.298,2058.1917,4.992
113.4400,412.298,2057.3669,4.99
113.4600,425.716,2125.1743,4.992
113.4800,412.786,2059.802,4.99
113.5000,416.079,2076.2341,4.99
113.5200,410.712,2048.6313,4.988
113.5400,413.883,2066.104,4.992
113.5600,412.542,2057.7595,4.988
113.5800,416.933,2080.4956,4.99
113.6000,412.786,2060.6279,4.992
113.6200,414.005,2067.541,4.994
113.6400,410.468,2049.0562,4.992
113.6600,415.347,2074.2429,4.994
113.6800,414.615,2068.9287,4.99
113.7000,415.225,2071.9727,4.99
113.7200,410.346,2047.6265,4.99
113.7400,412.664,2059.1934,4.99
113.7600,411.688,2054.323,4.99
113.7800,414.493,2067.4912,4.988
113.8000,414.249,2067.1023,4.99
113.8200,412.42,2058.8008,4.992
113.8400,413.395,2062.8408,4.99
113.8600,413.639,2065.7131,4.994
113.8800,414.249,2067.1023,4.99
113.9000,412.786,2060.6279,4.992
113.9200,412.542,2060.2346,4.994
113.9400,411.932,2054.7168,4.988
113.9600,415.103,2071.3638,4.99
113.9800,412.908,2060.4109,4.99
114.0000,415.835,2075.0166,4.99
114.0200,412.42,2057.9758,4.99
114.0400,414.249,2067.9309,4.992
114.0600,412.42,2057.1509,4.988
114.0800,414.615,2069.7581,4.992
114.1000,412.908,2059.585,4.988
114.1200,413.152,2061.6284,4.99
114.1400,410.102,2047.2291,4.992
114.1600,414.249,2067.1023,4.99
114.1800,412.298,2056.5425,4.988
114.2000,415.103,2071.3638,4.99
114.2200,413.152,2061.6284,4.99
114.2400,412.176,2056.7581,4.99
114.2600,423.276,2112.1472,4.99
114.2800,444.257,2215.9539,4.988
114.3000,458.407,2286.5342,4.988
114.3200,419.739,2094.4976,4.99
114.3400,418.275,2087.1921,4.99
114.3600,414.127,2068.1504,4.994
114.3800,411.2,2051.8879,4.99
114.4000,415.591,2074.6304,4.992
114.4200,410.834,2050.8835,4.992
114.4400,414.249,2066.2739,4.988
114.4600,420.226,2095.2468,4.986
114.4800,412.908,2060.4109,4.99
114.5000,410.59,2049.6653,4.992
114.5200,412.786,2058.9766,4.988
114.5400,410.712,2048.6313,4.988
114.5600,413.761,2064.6672,4.99
114.5800,409.98,2044.9802,4.988
114.6000,412.786,2059.802,4.99
114.6200,411.322,2052.4966,4.99
114.6400,413.395,2062.0142,4.988
114.6600,410.834,2050.8835,4.992
114.6800,425.838,2124.9316,4.99
114.7000,420.226,2097.7683,4.992
114.7200,417.787,2084.7571,4.99
114.7400,420.836,2099.9714,4.99
114.7600,409.98,2045.8002,4.99
114.7800,412.908,2059.585,4.988
114.8000,411.932,2055.5405,4.99
114.8200,428.155,2134.7808,4.986
114.8400,409.858,2045.1913,4.99
114.8600,412.908,2061.2368,4.992
114.8800,410.346,2048.4473,4.992
114.9000,412.298,2056.5425,4.988
114.9200,410.59,2050.4863,4.994
114.9400,411.566,2054.5376,4.992
114.9600,412.786,2059.802,4.99
114.9800,535.987,2673.5032,4.988
115.0000,535.865,2673.9661,4.99
115.0200,535.011,2670.7749,4.992
115.0400,412.298,2059.0161,4.994
115.0600,422.788,2110.5576,4.992
115.0800,419.007,2092.521,4.994
115.1000,416.689,2079.2781,4.99
115.1200,419.861,2095.1062,4.99
115.1400,416.567,2078.6692,4.99
115.1600,419.251,2092.9011,4.992
115.1800,416.323,2076.6191,4.988
115.2000,417.787,2085.5928,4.992
115.2200,417.787,2086.4282,4.994
115.2400,417.421,2082.9307,4.99
115.2600,418.763,2089.6272,4.99
115.2800,410.834,2049.24,4.988
115.3000,414.127,2067.322,4.992
115.3200,410.712,2050.2744,4.992
115.3400,420.348,2099.2178,4.994
115.3600,411.078,2052.1013,4.992
115.3800,415.347,2074.2429,4.994
115.4000,411.078,2051.2791,4.99
115.4200,414.493,2069.1492,4.992
115.4400,411.322,2052.4966,4.99
115.4600,415.347,2072.5813,4.99
115.4800,411.322,2053.3193,4.992
115.5000,412.298,2058.1917,4.992
115.5200,410.102,2047.2291,4.992
115.5400,412.42,2057.1509,4.988
115.5600,409.858,2046.0112,4.992
115.5800,413.03,2061.0195,4.99
115.6000,411.078,2051.2791,4.99
115.6200,411.81,2055.7556,4.992
115.6400,411.81,2055.7556,4.992
115.6600,412.298,2057.3669,4.99
115.6800,412.42,2057.9758,4.99
115.7000,411.33,2051.7139,4.988
115.7200,414.379,2067.7512,4.99
115.7400,412.062,2057.0137,4.992
115.7600,415.599,2073.8389,4.99
115.7800,410.842,2050.1016,4.99
115.8000,413.647,2065.7532,4.994
115.8200,411.696,2053.5398,4.988
115.8400,414.745,2068.748,4.988
115.8600,413.037,2061.0544,4.99
115.8800,415.355,2073.4521,4.992
115.9000,410.964,2050.7102,4.99
115.9200,424.138,2116.4485,4.99
115.9400,411.086,2051.3191,4.99
115.9600,412.915,2061.2717,4.992
115.9800,410.11,2046.4487,4.99
116.0000,412.183,2056.7932,4.99
116.0200,410.72,2051.1357,4.994
116.0400,412.793,2059.0115,4.988
116.0600,409.988,2046.6602,4.992
116.0800,412.549,2058.6194,4.99
116.1000,411.208,2052.7505,4.992
116.1200,412.305,2056.5771,4.988
116.1400,410.964,2050.7102,4.99
116.1600,412.793,2060.6626,4.992
116.1800,410.598,2048.8838,4.99
116.2000,411.932,2054.7168,4.988
116.2200,414.371,2068.54,4.992
116.2400,411.688,2054.323,4.99
116.2600,413.152,2063.281,4.994
116.2800,412.542,2058.5845,4.99
116.3000,414.615,2069.7581,4.992
116.3200,411.078,2050.457,4.988
116.3400,414.127,2065.6655,4.988
116.3600,411.322,2051.6741,4.988
116.3800,415.591,2074.6304,4.992
116.4000,410.712,2048.6313,4.988
116.4200,414.371,2067.7112,4.99
116.4400,411.078,2051.2791,4.99
116.4600,413.639,2064.0586,4.99
116.4800,410.102,2046.4088,4.99
116.5000,414.859,2070.9763,4.992
116.5200,410.712,2048.6313,4.988
116.5400,413.274,2062.2371,4.99
116.5600,411.078,2051.2791,4.99
116.5800,412.908,2061.2368,4.992
116.6000,410.346,2048.4473,4.992
116.6200,412.786,2059.802,4.99
116.6400,409.492,2042.5461,4.988
116.6600,411.81,2055.7556,4.992
116.6800,409.614,2044.7932,4.992
116.7000,411.574,2054.5774,4.992
116.7200,411.574,2052.9312,4.988
116.7400,412.305,2057.4019,4.99
116.7600,413.281,2062.2722,4.99
116.7800,411.818,2054.1482,4.988
116.8000,413.159,2060.8372,4.988
116.8200,411.208,2051.1055,4.988
116.8400,413.525,2063.4897,4.99
116.8600,412.305,2057.4019,4.99
116.8800,413.159,2060.8372,4.988
116.9000,411.818,2054.9717,4.99
116.9200,412.671,2058.4028,4.988
116.9400,411.696,2055.1865,4.992
116.9600,414.989,2071.6252,4.992
116.9800,424.992,2119.8601,4.988
117.0000,430.481,2148.1001,4.99
117.0200,413.037,2061.8806,4.992
117.0400,409.622,2044.0137,4.99
117.0600,414.013,2066.7529,4.992
117.0800,409.988,2045.8401,4.99
117.1000,413.891,2065.3159,4.99
117.1200,426.09,2125.3369,4.988
117.1400,413.159,2061.6633,4.99
117.1600,412.183,2056.7932,4.99
117.1800,411.818,2055.7954,4.992
117.2000,411.452,2053.9685,4.992
117.2200,412.793,2059.0115,4.988
117.2400,420.356,2098.4172,4.992
117.2600,412.671,2060.0537,4.992
117.2800,423.528,2115.0989,4.994
117.3000,411.086,2052.1414,4.992
117.3200,414.135,2067.3621,4.992
117.3400,422.674,2109.9888,4.992
117.3600,442.436,2207.7556,4.99
117.3800,439.752,2196.1216,4.994
117.4000,437.556,2182.5293,4.988
117.4200,441.094,2201.0588,4.99
117.4400,443.167,2212.2896,4.992
117.4600,440.484,2198.8962,4.992
117.4800,439.386,2191.6572,4.988
117.5000,439.63,2194.6331,4.992
117.5200,448.535,2239.0867,4.992
117.5400,439.142,2190.4402,4.988
117.5600,438.532,2188.2747,4.99
117.5800,440.85,2200.7234,4.992
117.6000,441.704,2205.8699,4.994
117.6200,438.41,2187.6658,4.99
117.6400,437.8,2184.6218,4.99
117.6600,441.216,2202.5503,4.992
117.6800,441.094,2202.8235,4.994
117.7000,438.776,2189.4922,4.99
117.7200,438.288,2187.0569,4.99
117.7400,452.194,2255.5437,4.988
117.7600,446.949,2229.3816,4.988
117.7800,436.336,2178.1895,4.992
117.8000,438.776,2187.7371,4.986
117.8200,441.216,2202.5503,4.992
117.8400,440.972,2201.3323,4.992
117.8600,438.044,2184.9634,4.988
117.8800,439.752,2193.4829,4.988
117.9000,441.216,2201.6677,4.99
117.9200,441.094,2201.0588,4.99
117.9400,439.752,2194.3625,4.99
117.9600,438.776,2189.4922,4.99
117.9800,445.485,2222.97,4.99
118.0000,439.63,2193.7537,4.99
118.0200,438.776,2188.6147,4.988
118.0400,435.848,2175.7532,4.992
118.0600,434.751,2171.1465,4.994
118.0800,430.237,2146.8826,4.99
118.1000,431.213,2151.7529,4.99
118.1200,438.288,2187.9336,4.992
118.1400,429.383,2143.48,4.992
118.1600,430.969,2151.3972,4.992
118.1800,433.043,2162.6167,4.994
118.2000,430.603,2150.4314,4.994
118.2200,430.847,2149.0647,4.988
118.2400,433.653,2164.7959,4.992
118.2600,431.579,2153.5791,4.99
118.2800,431.213,2151.7529,4.99
118.3000,432.555,2159.3145,4.992
118.3200,429.749,2145.3071,4.992
118.3400,431.457,2152.9702,4.99
118.3600,432.555,2158.4492,4.99
118.3800,428.651,2138.1111,4.988
118.4000,432.433,2158.7056,4.992
118.4200,434.141,2168.1001,4.994
118.4400,432.677,2159.0581,4.99
118.4600,429.627,2144.698,4.992
118.4800,432.189,2157.4875,4.992
118.5000,429.627,2143.8386,4.99
118.5200,430.481,2148.1001,4.99
118.5400,432.433,2157.8406,4.99
118.5600,431.701,2154.1877,4.99
118.5800,428.895,2141.0439,4.992
118.6000,432.433,2158.7056,4.992
118.6200,429.749,2144.4473,4.99
118.6400,443.045,2209.9084,4.988
118.6600,449.877,2244.8862,4.99
118.6800,452.072,2255.8391,4.99
118.7000,450.486,2248.8262,4.992
118.7200,448.535,2239.9839,4.994
118.7400,421.82,2105.7256,4.992
118.7600,412.793,2059.8369,4.99
118.7800,412.183,2057.6177,4.992
118.8000,413.281,2063.0989,4.992
118.8200,412.427,2058.8357,4.992
118.8400,413.037,2061.8806,4.992
118.8600,411.086,2052.1414,4.992
118.8800,414.257,2067.1423,4.99
118.9000,411.452,2053.1453,4.99
118.9200,415.721,2074.4478,4.99
118.9400,410.842,2050.9233,4.992
118.9600,413.281,2063.9253,4.994
118.9800,410.598,2049.7053,4.992
119.0000,538.437,2684.647,4.986
119.0200,414.013,2068.4089,4.996
119.0400,411.208,2051.928,4.99
119.0600,413.891,2066.1438,4.992
119.0800,411.94,2055.5806,4.99
119.1000,413.891,2065.3159,4.99
119.1200,409.866,2044.4116,4.988
119.1400,413.525,2064.3169,4.992
119.1600,410.476,2047.4543,4.988
119.1800,413.037,2062.7068,4.994
119.2000,411.574,2053.7542,4.99
119.2200,411.818,2054.9717,4.99
119.2400,412.305,2057.4019,4.99
119.2600,411.94,2056.4045,4.992
119.2800,413.037,2061.8806,4.992
119.3000,411.818,2054.9717,4.99
119.3200,413.769,2065.5349,4.992
119.3400,411.696,2052.7163,4.986
119.3600,414.989,2071.6252,4.992
119.3800,411.086,2052.1414,4.992
119.4000,415.599,2073.8389,4.99
119.4200,411.33,2051.7139,4.988
119.4400,413.647,2064.9258,4.992
119.4600,410.605,2049.7402,4.992
119.4800,413.655,2064.9658,4.992
119.5000,410.605,2048.9189,4.99
119.5200,413.411,2062.9209,4.99
119.5400,409.752,2045.4821,4.992
119.5600,412.313,2059.0911,4.994
119.5800,410.971,2052.3892,4.994
119.6000,412.679,2060.0935,4.992
119.6200,429.513,2143.2698,4.99
119.6400,412.557,2059.4846,4.992
119.6600,411.459,2053.1804,4.99
119.6800,413.289,2063.1387,4.992
119.7000,426.83,2131.5889,4.994
119.7200,411.215,2051.9626,4.99
119.7400,415.485,2073.27,4.99
119.7600,411.093,2051.354,4.99
119.7800,414.265,2067.1824,4.99
119.8000,410.605,2048.9189,4.99
119.8200,413.289,2063.1387,4.992
119.8400,410.118,2045.6686,4.988
119.8600,413.167,2063.356,4.994
119.8800,410.849,2049.3147,4.988
119.9000,413.777,2065.575,4.992
119.9200,410.361,2048.5222,4.992
119.9400,412.557,2059.4846,4.992
119.9600,411.825,2055.8306,4.992
119.9800,412.557,2058.6594,4.99
120.0000,411.337,2053.3943,4.992
120.0200,412.191,2056.0088,4.988
120.0400,412.435,2057.2258,4.988
120.0600,417.925,2086.2815,4.992
120.0800,411.947,2056.4395,4.992
120.1000,411.459,2053.1804,4.99
120.1200,419.754,2094.5723,4.99
120.1400,410.849,2050.1365,4.99
120.1600,413.167,2060.877,4.988
120.1800,411.459,2053.1804,4.99
120.2000,414.997,2070.835,4.99
120.2200,411.581,2052.9661,4.988
120.2400,414.143,2068.2302,4.994
120.2600,410.605,2049.7402,4.992
120.2800,414.143,2066.5735,4.99
120.3000,413.289,2062.312,4.99
120.3200,414.021,2065.9646,4.99
120.3400,410.483,2047.4891,4.988
120.3600,414.021,2065.9646,4.99
120.3800,410.24,2046.277,4.988
120.4000,417.071,2080.3501,4.988
120.4200,409.874,2044.4514,4.988
120.4400,523.077,2607.0161,4.984
120.4600,554.427,2764.373,4.986
120.4800,420.608,2100.5164,4.994
120.5000,416.583,2079.5825,4.992
120.5200,420.242,2097.8481,4.992
120.5400,411.093,2052.1763,4.992
120.5600,414.265,2066.3538,4.988
120.5800,411.093,2052.1763,4.992
120.6000,411.947,2055.6155,4.99
120.6200,410.24,2047.9181,4.992
120.6400,418.657,2088.2612,4.988
120.6600,411.215,2052.7854,4.992
120.6800,412.435,2058.0505,4.99
120.7000,414.753,2070.447,4.992
120.7200,411.337,2051.749,4.988
120.7400,413.899,2066.1838,4.992
120.7600,411.459,2054.0034,4.992
120.7800,414.753,2069.6174,4.99
120.8000,411.581,2054.6123,4.992
120.8200,414.875,2071.0562,4.992
120.8400,411.215,2051.1404,4.988
120.8600,414.753,2071.2764,4.994
120.8800,412.191,2056.833,4.99
120.9000,414.387,2068.6199,4.992
120.9200,411.459,2053.1804,4.99
120.9400,414.265,2068.8394,4.994
120.9600,420.974,2101.5022,4.992
120.9800,412.923,2060.4856,4.99
121.0000,410.849,2050.1365,4.99
121.0200,534.422,2664.6282,4.986
121.0400,534.056,2662.8035,4.986
121.0600,534.3,2665.0884,4.988
121.0800,535.763,2672.3857,4.988
121.1000,533.324,2661.2866,4.99
121.1200,410.361,2048.5222,4.992
121.1400,414.509,2070.887,4.996
121.1600,413.777,2063.9197,4.988
121.1800,415.119,2071.4436,4.99
121.2000,411.337,2051.749,4.988
121.2200,414.021,2066.793,4.992
121.2400,410.727,2049.5276,4.99
121.2600,412.679,2058.4426,4.988
121.2800,411.337,2053.3943,4.992
121.3000,453.057,2259.8484,4.988
121.3200,425.854,2125.0115,4.99
121.3400,421.096,2100.4268,4.988
121.3600,420.364,2098.4573,4.992
121.3800,416.583,2079.5825,4.992
121.4000,412.801,2060.7026,4.992
121.4200,410.849,2050.9583,4.992
121.4400,412.679,2059.2681,4.99
121.4600,413.167,2061.7031,4.99
121.4800,412.191,2057.6575,4.992
121.5000,411.459,2054.8264,4.994
121.5200,411.703,2054.3979,4.99
121.5400,412.679,2059.2681,4.99
121.5600,411.703,2054.3979,4.99
121.5800,419.754,2095.4121,4.992
121.6000,412.191,2056.833,4.99
121.6200,414.631,2069.8381,4.992
121.6400,410.605,2048.9189,4.99
121.6600,414.509,2068.3999,4.99
121.6800,419.145,2093.21,4.994
121.7000,419.259,2092.1023,4.99
121.7200,418.893,2091.114,4.992
121.7400,418.771,2089.6672,4.99
121.7600,413.891,2066.1438,4.992
121.7800,411.208,2051.1055,4.988
121.8000,413.769,2065.5349,4.992
121.8200,412.183,2056.7932,4.99
121.8400,415.233,2072.8433,4.992
121.8600,411.33,2052.5366,4.99
121.8800,413.891,2066.9717,4.994
121.9000,410.476,2048.2751,4.99
121.9200,414.745,2069.5774,4.99
121.9400,411.452,2053.1453,4.99
121.9600,413.403,2063.708,4.992
121.9800,411.086,2050.4968,4.988
122.0000,413.769,2065.5349,4.992
122.0200,410.232,2047.0576,4.99
122.0400,412.671,2060.0537,4.992
122.0600,409.378,2042.796,4.99
122.0800,413.647,2064.0984,4.99
122.1000,410.11,2046.4487,4.99
122.1200,411.696,2055.1865,4.992
122.1400,409.866,2046.0511,4.992
122.1600,412.549,2058.6194,4.99
122.1800,412.183,2058.4419,4.994
122.2000,429.627,2143.8386,4.99
122.2200,411.452,2053.1453,4.99
122.2400,411.33,2052.5366,4.99
122.2600,412.793,2059.8369,4.99
122.2800,411.208,2051.1055,4.988
122.3000,428.773,2139.5771,4.99
122.3200,411.33,2052.5366,4.99
122.3400,414.135,2067.3621,4.992
122.3600,430.725,2148.4563,4.988
122.3800,414.135,2066.5337,4.99
122.4000,411.574,2052.9312,4.988
122.4200,414.623,2070.6272,4.994
122.4400,411.208,2051.1055,4.988
122.4600,413.525,2062.6626,4.988
122.4800,410.842,2049.28,4.988
122.5000,413.403,2063.708,4.992
122.5200,410.964,2049.8884,4.988
122.5400,413.769,2065.5349,4.992
122.5600,411.086,2051.3191,4.99
122.5800,413.525,2063.4897,4.99
122.6000,410.11,2046.4487,4.99
122.6200,413.037,2062.7068,4.994
122.6400,412.183,2056.7932,4.99
122.6600,413.159,2062.4897,4.992
122.6800,409.744,2044.6224,4.99
122.7000,411.825,2055.0068,4.99
122.7200,413.289,2063.1387,4.992
122.7400,420.364,2098.4573,4.992
122.7600,413.167,2060.877,4.988
122.7800,411.215,2051.9626,4.99
122.8000,422.194,2105.9036,4.988
122.8200,418.047,2086.0544,4.99
122.8400,425.244,2122.8181,4.992
122.8600,419.632,2093.1243,4.988
122.8800,414.143,2067.4019,4.992
122.9000,410.605,2048.0977,4.988
122.9200,422.682,2109.1831,4.99
122.9400,410.24,2047.0974,4.99
122.9600,412.435,2058.8755,4.992
122.9800,414.387,2067.791,4.99
123.0000,416.583,2079.5825,4.992
123.0200,419.023,2090.0867,4.988
123.0400,546.376,2724.2307,4.986
123.0600,532.348,2655.3518,4.988
123.0800,535.763,2673.4573,4.99
123.1000,493.434,2462.2356,4.99
123.1200,411.947,2057.2632,4.994
123.1400,410.727,2050.3491,4.992
123.1600,417.071,2081.1843,4.99
123.1800,410.24,2047.0974,4.99
123.2000,411.947,2054.7915,4.988
123.2200,417.925,2085.4456,4.99
123.2400,413.899,2064.5281,4.988
123.2600,413.045,2062.7468,4.994
123.2800,415.851,2075.0964,4.99
123.3000,413.411,2062.9209,4.99
123.3200,411.337,2053.3943,4.992
123.3400,424.268,2117.946,4.992
123.3600,410.849,2050.1365,4.99
123.3800,414.631,2070.6672,4.994
123.4000,415.485,2072.439,4.988
123.4200,415.363,2073.4922,4.992
123.4400,410.849,2050.9583,4.992
123.4600,418.291,2088.9451,4.994
123.4800,410.24,2046.277,4.988
123.5000,412.923,2060.4856,4.99
123.5200,415.973,2076.5371,4.992
123.5400,412.069,2056.2241,4.99
123.5600,411.337,2053.3943,4.992
123.5800,418.047,2085.2185,4.988
123.6000,410.849,2050.9583,4.992
123.6200,412.191,2056.0088,4.988
123.6400,419.998,2095.7898,4.99
123.6600,412.313,2057.4417,4.99
123.6800,412.435,2059.7004,4.994
123.7000,416.949,2080.5754,4.99
123.7200,414.265,2067.1824,4.99
123.7400,410.971,2050.7451,4.99
123.7600,419.754,2095.4121,4.992
123.7800,409.874,2045.2711,4.99
123.8000,413.899,2065.356,4.99
123.8200,415.485,2073.27,4.99
123.8400,414.753,2071.2764,4.994
123.8600,411.703,2055.2214,4.992
123.8800,418.291,2087.272,4.99
123.9000,410.727,2049.5276,4.99
123.9200,413.045,2061.9207,4.992
123.9400,411.093,2051.354,4.99
123.9600,412.557,2057.8342,4.988
123.9800,411.215,2051.9626,4.99
124.0000,412.435,2058.0505,4.99
124.0200,411.825,2055.8306,4.992
124.0400,412.313,2056.6172,4.988
124.0600,411.093,2051.354,4.99
124.0800,411.581,2053.7891,4.99
124.1000,412.557,2058.6594,4.99
124.1200,411.703,2054.3979,4.99
124.1400,412.069,2057.0486,4.992
124.1600,411.703,2054.3979,4.99
124.1800,412.679,2059.2681,4.99
124.2000,412.069,2057.0486,4.992
124.2200,414.387,2067.791,4.99
124.2400,411.337,2052.5715,4.99
124.2600,414.753,2070.447,4.992
124.2800,412.557,2057.8342,4.988
124.3000,414.387,2068.6199,4.992
124.3200,411.825,2055.8306,4.992
124.3400,429.147,2141.4434,4.99
124.3600,411.093,2050.5317,4.988
124.3800,414.509,2067.5708,4.988
124.4000,411.093,2050.5317,4.988
124.4200,414.021,2066.793,4.992
124.4400,411.947,2056.4395,4.992
124.4600,413.281,2061.4456,4.988
124.4800,410.964,2049.8884,4.988
124.5000,413.281,2063.0989,4.992
124.5200,410.354,2048.4873,4.992
124.5400,412.549,2060.2698,4.994
124.5600,410.842,2049.28,4.988
124.5800,412.305,2058.2266,4.992
124.6000,411.086,2052.1414,4.992
124.6200,411.696,2055.1865,4.992
124.6400,413.525,2064.3169,4.992
124.6600,411.94,2056.4045,4.992
124.6800,415.599,2073.8389,4.99
124.7000,410.72,2048.6714,4.988
124.7200,425.602,2124.6052,4.992
124.7400,639.44,3184.4111,4.98
124.7600,734.953,3661.5359,4.982
124.7800,749.835,3738.6775,4.986
124.8000,750.933,3747.1555,4.99
124.8200,703.481,3508.9634,4.988
124.8400,761.668,3799.2,4.988
124.8600,752.641,3755.6785,4.99
124.8800,737.759,3681.417,4.99
124.9000,768.865,3835.0984,4.988
124.9200,746.054,3722.8093,4.99
124.9400,750.811,3746.5466,4.99
124.9600,1010.046,5034.0693,4.984
124.9800,1016.756,5067.5122,4.984
125.0000,1016.024,5065.8955,4.986
125.0200,1016.268,5069.1445,4.988
125.0400,1018.585,5082.7393,4.99
125.0600,1020.659,5095.1299,4.992
125.0800,736.919,3681.6472,4.996
125.1000,733.259,3660.429,4.992
125.1200,739.237,3691.7495,4.994
125.1400,738.505,3688.094,4.994
125.1600,739.481,3690.01,4.99
125.1800,726.184,3623.6582,4.99
125.2000,750.581,3745.3989,4.99
125.2200,723.134,3611.3311,4.994
125.2400,745.214,3718.6177,4.99
125.2600,727.648,3632.4189,4.992
125.2800,733.015,3657.7449,4.99
125.3000,734.845,3665.4067,4.988
125.3200,740.944,3695.8284,4.988
125.3400,733.259,3658.9622,4.99
125.3600,739.969,3692.4451,4.99
125.3800,732.283,3654.092,4.99
125.4000,732.405,3657.6306,4.994
125.4200,742.652,3708.804,4.994
125.4400,738.383,3684.531,4.99
125.4600,725.208,3618.7878,4.99
125.4800,736.797,3678.0906,4.992
125.5000,729.112,3639.7273,4.992
125.5200,745.458,3721.3264,4.992
125.5400,744.97,3718.8901,4.992
125.5600,745.458,3719.8352,4.99
125.5800,729.356,3639.4863,4.99
125.6000,732.893,3655.6702,4.988
125.6200,1026.514,5114.0928,4.982
125.6400,1042.6169,5200.5732,4.988
125.6600,1021.635,5095.9155,4.988
125.6800,1032.98,5152.5039,4.988
125.7000,1014.194,5062.8564,4.992
125.7200,738.627,3696.0896,5.004
125.7400,734.235,3671.1748,5
125.7600,728.136,3637.7673,4.996
125.7800,731.674,3653.98,4.994
125.8000,723.988,3614.1479,4.992
125.8200,729.356,3640.9453,4.992
125.8400,741.554,3700.3545,4.99
125.8600,726.916,3627.3108,4.99
125.8800,744.97,3717.3999,4.99
125.9000,698.493,3488.2739,4.994
125.9200,743.628,3712.1909,4.992
125.9400,747.898,3733.5068,4.992
125.9600,750.581,3745.3989,4.99
125.9800,748.874,3738.3792,4.992
126.0000,738.505,3683.6628,4.988
126.0200,742.164,3703.3982,4.99
126.0400,742.652,3708.804,4.994
126.0600,747.166,3729.8528,4.992
126.0800,728.99,3637.6599,4.99
126.1000,753.631,3762.126,4.992
126.1200,739.603,3690.6189,4.99
126.1400,748.508,3735.0547,4.99
126.1600,748.02,3732.6196,4.99
126.1800,745.214,3717.1272,4.988
126.2000,743.492,3711.5122,4.992
126.2200,748.249,3735.2593,4.992
126.2400,739.101,3689.5923,4.992
126.2600,740.686,3696.0229,4.99
126.2800,741.906,3703.595,4.992
126.3000,729.342,3640.8752,4.992
126.3200,745.2,3718.5479,4.99
126.3400,727.634,3632.3489,4.992
126.3600,730.44,3644.8955,4.99
126.3800,743.248,3708.8074,4.99
126.4000,744.956,3718.8203,4.992
126.4200,745.2,3720.0386,4.992
126.4400,740.32,3694.1968,4.99
126.4600,741.784,3704.4692,4.994
126.4800,739.467,3692.8979,4.994
126.5000,744.834,3716.7214,4.99
126.5200,742.516,3705.1545,4.99
126.5400,739.101,3686.6357,4.988
126.5600,735.197,3667.1626,4.988
126.5800,728,3632.7197,4.99
126.6000,719.095,3588.2837,4.99
126.6200,723.365,3609.5911,4.99
126.6400,721.657,3602.5117,4.992
126.6600,717.51,3580.3748,4.99
126.6800,716.412,3574.8958,4.99
126.7000,714.107,3563.3938,4.99
126.7200,709.35,3539.6562,4.99
126.7400,732.893,3657.136,4.99
126.7600,720.817,3596.8767,4.99
126.7800,720.573,3598.5415,4.994
126.8000,715.327,3568.0513,4.988
126.8200,721.183,3601.5879,4.994
126.8400,738.261,3685.3989,4.992
126.8600,759.608,3788.9246,4.988
126.8800,723.866,3610.6438,4.988
126.9000,735.455,3669.9204,4.99
126.9200,736.553,3676.8726,4.992
126.9400,734.113,3663.2236,4.99
126.9600,730.332,3644.3564,4.99
126.9800,738.017,3681.2288,4.988
127.0000,733.015,3657.7449,4.99
127.0200,732.039,3651.4104,4.988
127.0400,721.793,3600.3035,4.988
127.0600,731.795,3650.1934,4.988
127.0800,726.794,3625.2485,4.988
127.1000,724.11,3613.3086,4.99
127.1200,735.211,3668.7026,4.99
127.1400,725.33,3622.2981,4.994
127.1600,736.553,3675.3992,4.99
127.1800,730.21,3645.2085,4.992
127.2000,717.767,3580.2219,4.988
127.2200,709.472,3540.2651,4.99
127.2400,709.716,3541.4827,4.99
127.2600,709.472,3541.6843,4.992
127.2800,760.34,3795.6174,4.992
127.3000,747.898,3730.5151,4.988
127.3200,692.272,3454.437,4.99
127.3400,804.255,4008.4072,4.984
127.3600,743.384,3713.9463,4.996
127.3800,739.969,3692.4451,4.99
127.4000,657.262,3282.3665,4.994
127.4200,734.357,3664.4412,4.99
127.4400,741.92,3700.6968,4.988
127.4600,749.118,3738.0986,4.99
127.4800,683.367,3414.1013,4.996
127.5000,735.455,3668.4495,4.988
127.5200,726.428,3626.3286,4.992
127.5400,742.408,3706.1008,4.992
127.5600,736.919,3677.2256,4.99
127.5800,779.126,3886.2803,4.988
127.6000,456.594,2282.0569,4.998
127.6200,559.551,2791.0405,4.988
127.6400,410.971,2052.3892,4.994
127.6600,414.631,2070.6672,4.994
127.6800,410.605,2049.7402,4.992
127.7000,534.178,2662.3433,4.984
127.7200,410.598,2050.5264,4.994
127.7400,413.281,2063.0989,4.992
127.7600,410.72,2050.3142,4.992
127.7800,413.281,2062.2722,4.99
127.8000,410.964,2051.5322,4.992
127.8200,412.183,2056.7932,4.99
127.8400,409.988,2045.0201,4.988
127.8600,413.159,2061.6633,4.99
127.8800,410.354,2047.6664,4.99
127.9000,412.549,2059.4448,4.992
127.9200,418.039,2086.8508,4.992
127.9400,412.915,2061.2717,4.992
127.9600,412.305,2057.4019,4.99
127.9800,412.915,2061.2717,4.992
128.0000,412.427,2058.0107,4.99
128.0200,412.671,2058.4028,4.988
128.0400,413.403,2062.8809,4.99
128.0600,412.062,2057.0137,4.992
128.0800,413.037,2061.8806,4.992
128.1000,412.549,2057.7944,4.988
128.1200,421.21,2100.9954,4.988
128.1400,411.086,2051.3191,4.99
128.1600,413.647,2065.7532,4.994
128.1800,411.574,2052.9312,4.988
128.2000,414.257,2067.9709,4.992
128.2200,409.866,2046.8707,4.994
128.2400,413.403,2063.708,4.992
128.2600,409.988,2045.0201,4.988
128.2800,414.135,2067.3621,4.992
128.3000,411.452,2053.1453,4.99
128.3200,429.139,2141.4036,4.99
128.3400,427.066,2132.7676,4.994
128.3600,430.481,2147.239,4.988
128.3800,430.481,2148.9612,4.992
128.4000,417.429,2082.9705,4.99
128.4200,412.793,2060.6626,4.992
128.4400,410.11,2046.4487,4.99
128.4600,411.086,2052.1414,4.992
128.4800,416.331,2078.3245,4.992
128.5000,411.33,2053.3594,4.992
128.5200,413.891,2066.1438,4.992
128.5400,412.062,2056.1895,4.99
128.5600,417.063,2081.9785,4.992
128.5800,411.208,2051.1055,4.988
128.6000,414.867,2070.1863,4.99
128.6200,411.086,2050.4968,4.988
128.6400,419.015,2091.7229,4.992
128.6600,418.649,2089.0583,4.99
128.6800,420.112,2095.5186,4.988
128.7000,417.063,2081.1443,4.99
128.7200,418.413,2088.7178,4.992
128.7400,414.143,2068.2302,4.994
128.7600,411.093,2050.5317,4.988
128.7800,414.021,2065.9646,4.99
128.8000,411.581,2052.1428,4.986
128.8200,414.631,2069.0085,4.99
128.8400,410.971,2050.7451,4.99
128.8600,414.265,2068.8394,4.994
128.8800,417.681,2085.0635,4.992
128.9000,414.265,2067.1824,4.99
128.9200,411.459,2052.3574,4.988
128.9400,414.875,2071.0562,4.992
128.9600,412.191,2056.0088,4.988
128.9800,413.777,2064.7471,4.99
129.0000,411.093,2050.5317,4.988
129.0200,413.411,2063.7478,4.992
129.0400,410.727,2049.5276,4.99
129.0600,470.501,2346.8589,4.988
129.0800,411.947,2057.2632,4.994
129.1000,410.118,2047.3092,4.992
129.1200,412.313,2059.0911,4.994
129.1400,411.703,2054.3979,4.99
129.1600,414.753,2069.6174,4.99
129.1800,411.581,2053.7891,4.99
129.2000,413.411,2062.9209,4.99
129.2200,413.655,2064.9658,4.992
129.2400,411.703,2054.3979,4.99
129.2600,412.679,2059.2681,4.99
129.2800,411.093,2050.5317,4.988
129.3000,412.679,2061.7441,4.996
129.3200,412.069,2055.4001,4.988
129.3400,412.923,2061.3118,4.992
129.3600,411.215,2052.7854,4.992
129.3800,414.143,2068.2302,4.994
129.4000,419.51,2093.3547,4.99
129.4200,414.387,2067.791,4.99
129.4400,410.727,2050.3491,4.992
129.4600,413.655,2064.9658,4.992
129.4800,410.849,2049.3147,4.988
129.5000,414.265,2068.011,4.992
129.5200,410.727,2048.7063,4.988
129.5400,413.411,2063.7478,4.992
129.5600,409.874,2044.4514,4.988
129.5800,413.533,2065.1838,4.994
129.6000,410.849,2049.3147,4.988
129.6200,412.923,2060.4856,4.99
129.6400,409.508,2043.4448,4.99
129.6600,413.411,2063.7478,4.992
129.6800,411.215,2051.1404,4.988
129.7000,412.801,2059.0513,4.988
129.7200,412.679,2059.2681,4.99
129.7400,411.947,2054.7915,4.988
129.7600,411.459,2052.3574,4.988
129.7800,412.923,2060.4856,4.99
129.8000,411.825,2055.8306,4.992
129.8200,411.337,2053.3943,4.992
129.8400,414.265,2068.8394,4.994
129.8600,412.191,2056.833,4.99
129.8800,412.069,2057.0486,4.992
129.9000,411.581,2053.7891,4.99
129.9200,412.923,2060.4856,4.99
129.9400,411.093,2052.1763,4.992
129.9600,414.265,2068.011,4.992
129.9800,411.093,2051.354,4.99
130.0000,414.387,2067.791,4.99
130.0200,411.215,2051.1404,4.988
130.0400,414.265,2068.011,4.992
130.0600,411.215,2051.9626,4.99
130.0800,414.875,2070.2261,4.99
130.1000,410.605,2048.9189,4.99
130.1200,414.753,2069.6174,4.99
130.1400,410.118,2047.3092,4.992
130.1600,414.387,2068.6199,4.992
130.1800,410.605,2049.7402,4.992
130.2000,414.387,2069.4487,4.994
130.2200,421.088,2101.229,4.99
130.2400,413.525,2062.6626,4.988
130.2600,410.598,2048.8838,4.99
130.2800,412.427,2057.1858,4.988
130.3000,418.649,2088.2212,4.988
130.3200,413.159,2062.4897,4.992
130.3400,409.622,2043.1946,4.988
130.3600,412.427,2058.8357,4.992
130.3800,410.476,2047.4543,4.988
130.4000,429.261,2141.1538,4.988
130.4200,559.418,2789.2583,4.986
130.4400,418.649,2089.8958,4.992
130.4600,419.015,2092.561,4.994
130.4800,417.795,2084.7971,4.99
130.5000,419.015,2090.0469,4.988
130.5200,420.478,2099.8672,4.994
130.5400,410.964,2050.7102,4.99
130.5600,413.769,2065.5349,4.992
130.5800,410.964,2049.8884,4.988
130.6000,414.501,2068.3599,4.99
130.6200,411.574,2053.7542,4.99
130.6400,414.501,2068.3599,4.99
130.6600,410.842,2049.28,4.988
130.6800,415.111,2073.0642,4.994
130.7000,410.964,2049.8884,4.988
130.7200,430.847,2149.9263,4.99
130.7400,409.988,2046.6602,4.992
130.7600,413.159,2062.4897,4.992
130.7800,409.988,2045.0201,4.988
130.8000,412.183,2057.6177,4.992
130.8200,417.429,2082.9705,4.99
130.8400,412.671,2059.228,4.99
130.8600,414.257,2067.1423,4.99
130.8800,412.671,2059.228,4.99
130.9000,410.232,2047.0576,4.99
130.9200,412.915,2061.2717,4.992
130.9400,411.086,2051.3191,4.99
130.9600,411.94,2054.7566,4.988
130.9800,412.183,2057.6177,4.992
131.0000,411.818,2054.9717,4.99
131.0200,412.183,2056.7932,4.99
131.0400,411.94,2055.5806,4.99
131.0600,412.915,2060.4458,4.99
131.0800,426.212,2125.9456,4.988
131.1000,428.773,2139.5771,4.99
131.1200,411.452,2053.1453,4.99
131.1400,413.159,2061.6633,4.99
131.1600,411.452,2053.1453,4.99
131.1800,412.671,2060.0537,4.992
131.2000,410.598,2049.7053,4.992
131.2200,412.305,2058.2266,4.992
131.2400,413.281,2063.0989,4.992
131.2600,411.208,2051.928,4.99
131.2800,413.037,2060.2285,4.988
131.3000,411.574,2054.5774,4.992
131.3200,413.281,2062.2722,4.99
131.3400,414.745,2069.5774,4.99
131.3600,413.891,2065.3159,4.99
131.3800,411.696,2054.363,4.99
131.4000,413.037,2061.0544,4.99
131.4200,411.452,2052.3225,4.988
131.4400,412.062,2057.8376,4.994
131.4600,411.33,2052.5366,4.99
131.4800,414.501,2070.0181,4.994
131.5000,413.525,2062.6626,4.988
131.5200,414.257,2067.9709,4.992
131.5400,412.183,2056.7932,4.99
131.5600,414.257,2067.1423,4.99
131.5800,410.354,2047.6664,4.99
131.6000,414.135,2067.3621,4.992
131.6200,411.818,2054.1482,4.988
131.6400,414.135,2066.5337,4.99
131.6600,411.574,2053.7542,4.99
131.6800,413.891,2066.9717,4.994
131.7000,410.842,2050.1016,4.99
131.7200,421.698,2104.2729,4.99
131.7400,410.72,2048.6714,4.988
131.7600,412.183,2056.7932,4.99
131.7800,410.354,2047.6664,4.99
131.8000,412.549,2057.7944,4.988
131.8200,410.964,2049.8884,4.988
131.8400,413.403,2063.708,4.992
131.8600,411.696,2054.363,4.99
131.8800,412.671,2060.0537,4.992
131.9000,410.232,2047.0576,4.99
131.9200,437.556,2183.4043,4.99
131.9400,411.208,2050.2832,4.986
131.9600,411.696,2054.363,4.99
131.9800,413.281,2061.4456,4.988
132.0000,410.964,2050.7102,4.99
132.0200,412.793,2060.6626,4.992
132.0400,411.574,2053.7542,4.99
132.0600,413.525,2063.4897,4.99
132.0800,411.33,2053.3594,4.992
132.1000,414.135,2067.3621,4.992
132.1200,411.452,2053.1453,4.99
132.1400,414.135,2068.1902,4.994
132.1600,411.452,2053.9685,4.992
132.1800,413.403,2063.708,4.992
132.2000,411.574,2053.7542,4.99
132.2200,414.623,2069.7981,4.992
132.2400,411.452,2052.3225,4.988
132.2600,414.257,2067.9709,4.992
132.2800,410.964,2050.7102,4.99
132.3000,412.549,2058.6194,4.99
132.3200,410.11,2045.6285,4.988
132.3400,414.501,2068.3599,4.99
132.3600,413.525,2062.6626,4.988
132.3800,414.501,2067.531,4.988
132.4000,410.232,2046.2372,4.988
132.4200,413.647,2064.0984,4.99
132.4400,410.72,2048.6714,4.988
132.4600,412.305,2056.5771,4.988
132.4800,423.284,2112.187,4.99
132.5000,412.549,2059.4448,4.992
132.5200,430.725,2148.4563,4.988
132.5400,664.934,3311.3713,4.98
132.5600,757.642,3776.0881,4.984
132.5800,746.908,3722.5898,4.984
132.6000,750.323,3744.1116,4.99
132.6200,727.146,3627.0042,4.988
132.6400,744.712,3714.6233,4.988
132.6600,745.2,3718.5479,4.99
132.6800,746.42,3721.6501,4.986
132.7000,736.783,3676.5471,4.99
132.7200,753.373,3760.8381,4.992
132.7400,736.051,3672.8945,4.99
132.7600,943.912,4700.6816,4.98
132.7800,1009.295,5030.3262,4.984
132.8000,1014.541,5060.5303,4.988
132.8200,1018.444,5082.0352,4.99
132.8400,1020.884,5092.1689,4.988
132.8600,870.477,4355.8672,5.004
132.8800,740.32,3698.6387,4.996
132.9000,748.493,3737.9739,4.994
132.9200,743.614,3712.1213,4.992
132.9400,751.177,3746.8708,4.988
132.9600,730.44,3644.8955,4.99
132.9800,726.414,3623.353,4.988
133.0000,759.472,3788.2461,4.988
133.0200,737.515,3678.7249,4.988
133.0400,748.127,3733.1536,4.99
133.0600,733.733,3661.3274,4.99
133.0800,749.225,3738.6326,4.99
133.1000,742.028,3702.7197,4.99
133.1200,735.075,3669.4946,4.992
133.1400,738.369,3685.9382,4.992
133.1600,732.879,3657.0662,4.99
133.1800,757.276,3777.2927,4.988
133.2000,730.44,3644.8955,4.99
133.2200,741.418,3699.6758,4.99
133.2400,735.563,3668.988,4.988
133.2600,782.893,3905.0703,4.988
133.2800,739.833,3690.2869,4.988
133.3000,744.59,3715.5042,4.99
133.3200,739.955,3690.8955,4.988
133.3400,748.127,3736.1462,4.994
133.3600,747.883,3731.936,4.99
133.3800,733.611,3660.7188,4.99
133.4000,735.929,3672.2856,4.99
133.4200,998.073,4970.4033,4.98
133.4400,1011.369,5040.6636,4.984
133.4600,1023.445,5104.9438,4.988
133.4800,1020.152,5090.5581,4.99
133.5000,1045.646,5219.8647,4.992
133.5200,755.203,3780.5461,5.006
133.5400,743.614,3716.583,4.998
133.5600,731.172,3651.4729,4.994
133.5800,728.61,3637.2212,4.992
133.6000,729.464,3638.5664,4.988
133.6200,739.955,3692.3752,4.99
133.6400,734.709,3669.1367,4.994
133.6600,729.83,3638.9326,4.986
133.6800,729.22,3637.3491,4.988
133.7000,751.787,3752.9207,4.992
133.7200,727.498,3631.6699,4.992
133.7400,739.331,3687.783,4.988
133.7600,747.015,3727.6047,4.99
133.7800,742.38,3704.4761,4.99
133.8000,746.893,3728.49,4.992
133.8200,741.892,3702.041,4.99
133.8400,748.967,3737.345,4.99
133.8600,740.062,3694.3896,4.992
133.8800,747.381,3727.9363,4.988
133.9000,740.184,3696.479,4.994
133.9200,744.088,3712.999,4.99
133.9400,750.065,3742.8242,4.99
133.9600,742.99,3707.5198,4.99
133.9800,737.989,3682.5649,4.99
134.0000,739.697,3691.0879,4.99
134.0200,742.868,3705.4255,4.988
134.0400,738.111,3684.6504,4.992
134.0600,740.672,3695.9531,4.99
134.0800,740.672,3695.9531,4.99
134.1000,749.211,3737.0645,4.988
134.1200,728.352,3634.4763,4.99
134.1400,736.769,3677.9509,4.992
134.1600,738.721,3687.6953,4.992
134.1800,734.085,3666.0205,4.994
134.2000,745.064,3717.8694,4.99
134.2200,745.322,3719.1567,4.99
134.2400,759.96,3793.7205,4.992
134.2600,735.075,3669.4946,4.992
134.2800,733.367,3659.5012,4.99
134.3000,750.445,3744.7205,4.99
134.3200,745.444,3718.2744,4.988
134.3400,733.123,3658.2834,4.99
134.3600,724.95,3617.5005,4.99
134.3800,730.318,3644.2866,4.99
134.4000,745.566,3720.374,4.99
134.4200,716.046,3573.0696,4.99
134.4400,720.193,3595.2036,4.992
134.4600,722.877,3607.1562,4.99
134.4800,715.558,3573.4966,4.994
134.5000,714.826,3566.9814,4.99
134.5200,728.366,3634.5464,4.99
134.5400,727.39,3628.2214,4.988
134.5600,749.713,3742.5674,4.992
134.5800,724.341,3614.4614,4.99
134.6000,719.217,3590.3313,4.992
134.6200,730.928,3645.8687,4.988
134.6400,744.102,3713.0688,4.99
134.6600,739.101,3688.1138,4.99
134.6800,732.27,3654.0273,4.99
134.7000,731.538,3650.3745,4.99
134.7200,733.611,3660.7188,4.99
134.7400,743.98,3713.9482,4.992
134.7600,724.95,3618.9504,4.992
134.7800,731.782,3650.1284,4.988
134.8000,726.536,3628.3208,4.994
134.8200,719.339,3589.5015,4.99
134.8400,725.804,3621.762,4.99
134.8600,730.928,3645.8687,4.988
134.8800,733.977,3661.0771,4.988
134.9000,732.514,3658.1748,4.994
134.9200,727.146,3627.0042,4.988
134.9400,723.243,3610.429,4.992
134.9600,726.794,3626.7019,4.99
134.9800,731.552,3648.9814,4.988
135.0000,713.132,3558.5286,4.99
135.0200,714.595,3564.3997,4.988
135.0400,709.96,3542.7004,4.99
135.0600,711.302,3547.9744,4.988
135.0800,742.042,3701.3054,4.988
135.1000,738.993,3686.0969,4.988
135.1200,750.459,3746.2913,4.992
135.1400,661.409,3303.0764,4.994
135.1600,749.239,3737.2041,4.988
135.1800,709.35,3541.0752,4.992
135.2000,731.674,3651.0532,4.99
135.2200,735.319,3667.771,4.988
135.2400,743.126,3708.1985,4.99
135.2600,747.518,3730.1147,4.99
135.2800,694.942,3469.1506,4.992
135.3000,696.04,3471.8474,4.988
135.3200,718.851,3585.6289,4.988
135.3400,740.442,3696.2866,4.992
135.3600,748.371,3732.8743,4.988
135.3800,797.287,3975.2729,4.986
135.4000,589.67,2947.1707,4.998
135.4200,586.133,2925.9761,4.992
135.4400,416.331,2079.157,4.994
135.4600,563.932,2811.7651,4.986
135.4800,411.33,2052.5366,4.99
135.5000,414.013,2067.5808,4.994
135.5200,449.023,2239.7268,4.988
135.5400,575.886,2873.6709,4.99
135.5600,420.234,2099.489,4.996
135.5800,413.769,2067.1899,4.996
135.6000,427.431,2132.8806,4.99
135.6200,415.111,2072.2341,4.992
135.6400,437.556,2183.4043,4.99
135.6600,420.6,2098.7939,4.99
135.6800,416.575,2077.8762,4.988
135.7000,419.868,2095.1414,4.99
135.7200,414.021,2066.793,4.992
135.7400,410.971,2051.5674,4.992
135.7600,413.533,2064.3567,4.992
135.7800,410.971,2050.7451,4.99
135.8000,413.167,2060.877,4.988
135.8200,410.849,2050.1365,4.99
135.8400,413.289,2063.1387,4.992
135.8600,411.337,2051.749,4.988
135.8800,425.366,2122.5762,4.99
135.9000,410.727,2049.5276,4.99
135.9200,414.143,2067.4019,4.992
135.9400,410.483,2048.3101,4.99
135.9600,414.631,2069.8381,4.992
135.9800,410.727,2048.7063,4.988
136.0000,413.289,2063.1387,4.992
136.0200,411.459,2053.1804,4.99
136.0400,413.167,2061.7031,4.99
136.0600,410.605,2048.9189,4.99
136.0800,413.167,2060.877,4.988
136.1000,414.997,2070.835,4.99
136.1200,418.413,2088.7178,4.992
136.1400,411.093,2050.5317,4.988
136.1600,414.021,2065.1367,4.988
136.1800,410.849,2050.1365,4.99
136.2000,412.801,2059.877,4.99
136.2200,410.24,2047.0974,4.99
136.2400,411.825,2055.8306,4.992
136.2600,410.971,2051.5674,4.992
136.2800,414.997,2071.665,4.992
136.3000,410.971,2050.7451,4.99
136.3200,412.191,2056.833,4.99
136.3400,412.313,2056.6172,4.988
136.3600,411.825,2054.1831,4.988
136.3800,411.703,2054.3979,4.99
136.4000,412.191,2056.0088,4.988
136.4200,418.413,2088.7178,4.992
136.4400,411.459,2053.1804,4.99
136.4600,413.891,2065.3159,4.99
136.4800,412.183,2056.7932,4.99
136.5000,414.623,2068.9685,4.99
136.5200,411.574,2053.7542,4.99
136.5400,413.891,2065.3159,4.99
136.5600,410.842,2050.9233,4.992
136.5800,413.769,2064.7073,4.99
136.6000,411.94,2055.5806,4.99
136.6200,413.647,2064.9258,4.992
136.6400,414.013,2066.7529,4.992
136.6600,414.623,2069.7981,4.992
136.6800,410.964,2049.8884,4.988
136.7000,414.745,2070.407,4.992
136.7200,409.988,2045.8401,4.99
136.7400,418.649,2088.2212,4.988
136.7600,410.598,2049.7053,4.992
136.7800,413.891,2065.3159,4.99
136.8000,410.72,2048.6714,4.988
136.8200,413.281,2062.2722,4.99
136.8400,410.232,2045.4167,4.986
136.8600,414.013,2067.5808,4.994
136.8800,410.232,2047.8782,4.992
136.9000,413.403,2062.8809,4.99
136.9200,411.086,2050.4968,4.988
136.9400,413.769,2064.7073,4.99
136.9600,411.459,2053.1804,4.99
136.9800,414.631,2069.8381,4.992
137.0000,411.459,2054.0034,4.992
137.0200,412.069,2056.2241,4.99
137.0400,411.337,2052.5715,4.99
137.0600,412.069,2057.0486,4.992
137.0800,412.069,2056.2241,4.99
137.1000,411.825,2054.1831,4.988
137.1200,537.471,2678.7556,4.984
137.1400,412.557,2061.1348,4.996
137.1600,413.167,2061.7031,4.99
137.1800,413.167,2062.5298,4.992
137.2000,411.337,2052.5715,4.99
137.2200,414.379,2068.5801,4.992
137.2400,410.598,2048.8838,4.99
137.2600,414.623,2069.7981,4.992
137.2800,410.842,2049.28,4.988
137.3000,414.989,2070.7952,4.99
137.3200,409.866,2046.0511,4.992
137.3400,414.745,2068.748,4.988
137.3600,411.33,2053.3594,4.992
137.3800,414.257,2067.1423,4.99
137.4000,410.11,2045.6285,4.988
137.4200,413.647,2063.2712,4.988
137.4400,410.964,2050.7102,4.99
137.4600,413.395,2064.4946,4.994
137.4800,410.468,2047.4143,4.988
137.5000,413.03,2061.0195,4.99
137.5200,411.2,2050.2432,4.986
137.5400,412.908,2060.4109,4.99
137.5600,410.468,2048.2351,4.99
137.5800,413.395,2062.8408,4.99
137.6000,410.712,2049.4529,4.99
137.6200,412.176,2056.7581,4.99
137.6400,411.81,2055.7556,4.992
137.6600,413.395,2062.8408,4.99
137.6800,412.298,2058.1917,4.992
137.7000,411.688,2054.323,4.99
137.7200,426.326,2126.5139,4.988
137.7400,411.81,2054.1082,4.988
137.7600,429.863,2144.1567,4.988
137.7800,428.277,2137.1021,4.99
137.8000,413.883,2066.104,4.992
137.8200,426.813,2129.7966,4.99
137.8400,414.737,2071.1965,4.994
137.8600,411.078,2051.2791,4.99
137.8800,413.639,2064.886,4.992
137.9000,412.054,2056.1494,4.99
137.9200,415.103,2071.3638,4.99
137.9400,411.322,2051.6741,4.988
137.9600,412.542,2058.5845,4.99
137.9800,410.712,2047.8101,4.986
138.0000,413.274,2062.2371,4.99
138.0200,411.566,2052.8911,4.988
138.0400,412.908,2060.4109,4.99
138.0600,410.468,2047.4143,4.988
138.0800,414.127,2066.4937,4.99
138.1000,410.468,2048.2351,4.99
138.1200,413.274,2063.0637,4.992
138.1400,410.224,2047.0177,4.99
138.1600,411.932,2054.7168,4.988
138.1800,409.98,2044.9802,4.988
138.2000,413.274,2063.0637,4.992
138.2200,421.812,2103.9983,4.988
138.2400,411.566,2053.7144,4.99
138.2600,413.639,2064.0586,4.99
138.2800,411.81,2055.7556,4.992
138.3000,420.348,2099.2178,4.994
138.3200,410.712,2049.4529,4.99
138.3400,413.639,2066.5403,4.996
138.3600,411.688,2054.323,4.99
138.3800,414.005,2065.0569,4.988
138.4000,417.787,2084.7571,4.99
138.4200,414.005,2065.8848,4.99
138.4400,410.712,2048.6313,4.988
138.4600,413.883,2065.2761,4.99
138.4800,411.2,2052.7104,4.992
138.5000,414.249,2067.9309,4.992
138.5200,410.834,2049.24,4.988
138.5400,413.639,2064.886,4.992
138.5600,411.444,2053.1055,4.99
138.5800,413.883,2066.104,4.992
138.6000,409.858,2045.1913,4.99
138.6200,413.274,2062.2371,4.99
138.6400,410.346,2047.6265,4.99
138.6600,413.152,2061.6284,4.99
138.6800,409.736,2045.4021,4.992
138.7000,413.395,2062.8408,4.99
138.7200,414.859,2070.9763,4.992
138.7400,411.688,2054.323,4.99
138.7600,414.127,2066.4937,4.99
138.7800,411.444,2053.9285,4.992
138.8000,412.908,2060.4109,4.99
138.8200,417.055,2081.1042,4.99
138.8400,413.395,2063.6677,4.992
138.8600,411.932,2056.3645,4.992
138.8800,412.908,2060.4109,4.99
138.9000,411.566,2053.7144,4.99
138.9200,414.981,2069.925,4.988
138.9400,410.59,2048.0229,4.988
138.9600,413.883,2064.4482,4.988
138.9800,410.59,2048.844,4.99
139.0000,413.761,2065.4949,4.992
139.0200,410.346,2046.8059,4.988
139.0400,416.079,2077.0664,4.992
139.0600,410.224,2047.8383,4.992
139.0800,414.127,2065.6655,4.988
139.1000,410.59,2048.844,4.99
139.1200,413.152,2060.8022,4.988
139.1400,414.005,2066.7131,4.992
139.1600,410.956,2051.4924,4.992
139.1800,413.274,2061.4106,4.988
139.2000,410.834,2050.0615,4.99
139.2200,414.859,2069.3167,4.988
139.2400,412.176,2056.7581,4.99
139.2600,412.542,2059.4097,4.992
139.2800,411.078,2050.457,4.988
139.3000,412.054,2055.3252,4.988
139.3200,411.444,2053.1055,4.99
139.3400,414.249,2067.1023,4.99
139.3600,411.932,2055.5405,4.99
139.3800,412.786,2058.9766,4.988
139.4000,412.42,2057.1509,4.988
139.4200,411.566,2054.5376,4.992
139.4400,413.639,2064.886,4.992
139.4600,411.688,2055.1465,4.992
139.4800,413.395,2062.8408,4.99
139.5000,410.956,2050.6704,4.99
139.5200,417.177,2082.5476,4.992
139.5400,410.224,2047.0177,4.99
139.5600,414.615,2069.7581,4.992
139.5800,410.956,2049.8484,4.988
139.6000,413.152,2062.4548,4.992
139.6200,409.614,2043.9739,4.99
139.6400,413.517,2063.4497,4.99
139.6600,410.224,2047.0177,4.99
139.6800,414.737,2070.3672,4.992
139.7000,410.468,2047.4143,4.988
139.7200,413.03,2061.0195,4.99
139.7400,412.664,2060.0188,4.992
139.7600,412.42,2057.1509,4.988
139.7800,412.908,2061.2368,4.992
139.8000,411.81,2054.9319,4.99
139.8200,412.786,2059.802,4.99
139.8400,411.2,2052.7104,4.992
139.8600,414.127,2066.4937,4.99
139.8800,411.566,2053.7144,4.99
139.9000,412.786,2061.4534,4.994
139.9200,411.81,2054.9319,4.99
139.9400,413.274,2063.0637,4.992
139.9600,411.192,2051.8479,4.99
139.9800,414.729,2070.3271,4.992
140.0000,410.948,2049.8086,4.988
140.0200,414.973,2071.5452,4.992
140.0400,411.802,2054.0684,4.988
140.0600,414.242,2068.7246,4.994
140.0800,410.704,2049.4128,4.99
140.1000,413.998,2066.678,4.992
140.1200,410.704,2047.7703,4.986
140.1400,413.998,2065.022,4.988
140.1600,409.606,2043.1146,4.988
140.1800,413.022,2061.8059,4.992
140.2000,410.704,2048.5916,4.988
140.2200,413.266,2062.1973,4.99
140.2400,411.802,2054.0684,4.988
140.2600,412.534,2057.7195,4.988
140.2800,412.168,2056.7183,4.99
140.3000,411.924,2055.5007,4.99
140.3200,412.29,2057.3271,4.99
140.3400,411.68,2055.1064,4.992
140.3600,412.412,2059.5854,4.994
140.3800,412.9,2061.1968,4.992
140.4000,413.266,2063.8503,4.994
140.4200,411.558,2053.6743,4.99
140.4400,413.632,2064.8508,4.992
140.4600,411.07,2051.2393,4.99
140.4800,431.685,2154.1082,4.99
140.5000,411.68,2053.4597,4.988
140.5200,413.754,2063.8049,4.988
140.5400,410.948,2050.6304,4.99
140.5600,427.537,2132.5544,4.988
140.5800,629.901,3138.1667,4.982
140.6000,786.035,3914.4541,4.98
140.6200,743.586,3709.0068,4.988
140.6400,750.417,3741.5791,4.986
140.6600,716.263,3575.585,4.992
140.6800,767.006,3828.894,4.992
140.7000,742.122,3704.6731,4.992
140.7200,750.783,3744.9058,4.988
140.7400,738.951,3685.8875,4.988
140.7600,746.269,3725.3748,4.992
140.7800,740.414,3694.6658,4.99
140.8000,1008.403,5021.8472,4.98
140.8200,1022.187,5098.6689,4.988
140.8400,1020.845,5094.0161,4.99
140.8600,1016.698,5071.2896,4.988
140.8800,1012.672,5049.1826,4.986
140.9000,1016.088,5070.2788,4.99
140.9200,727.607,3638.0349,5
140.9400,744.196,3716.5146,4.994
140.9600,738.829,3691.1895,4.996
140.9800,737.731,3681.2776,4.99
141.0000,754.198,3763.4478,4.99
141.0200,738.219,3685.1892,4.992
141.0400,739.073,3686.4961,4.988
141.0600,734.925,3667.2756,4.99
141.0800,751.515,3753.0659,4.994
141.1000,725.167,3621.4839,4.994
141.1200,747.489,3726.9802,4.986
141.1400,731.266,3650.48,4.992
141.1600,745.538,3721.7258,4.992
141.1800,730.778,3645.1206,4.988
141.2000,729.07,3639.5176,4.992
141.2200,732.974,3657.54,4.99
141.2400,733.584,3660.584,4.99
141.2600,739.561,3687.4512,4.986
141.2800,734.193,3665.0916,4.992
141.3000,729.68,3641.103,4.99
141.3200,726.509,3625.2795,4.99
141.3400,724.557,3615.5393,4.99
141.3600,747.733,3731.1873,4.99
141.3800,742.854,3706.8413,4.99
141.4000,747.367,3727.8665,4.988
141.4200,729.192,3641.585,4.994
141.4400,739.317,3689.1917,4.99
141.4600,1005.232,5008.0654,4.982
141.4800,1025.358,5112.4351,4.986
141.5000,1033.897,5161.2139,4.992
141.5200,1040.85,5191.7598,4.988
141.5400,1030.115,5138.2134,4.988
141.5600,738.585,3695.8796,5.004
141.5800,729.07,3642.4336,4.996
141.6000,727.729,3634.2786,4.994
141.6200,733.096,3659.6152,4.992
141.6400,723.947,3613.9436,4.992
141.6600,733.096,3658.1489,4.99
141.6800,731.998,3652.6697,4.99
141.7000,729.192,3640.1267,4.992
141.7200,743.22,3710.1541,4.992
141.7400,696.38,3474.936,4.99
141.7600,737.609,3682.1443,4.992
141.7800,741.268,3700.4099,4.992
141.8000,750.905,3748.5181,4.992
141.8200,745.66,3720.843,4.99
141.8400,741.512,3700.1448,4.99
141.8600,742.854,3706.8413,4.99
141.8800,753.344,3759.1863,4.99
141.9000,747.367,3732.3508,4.994
141.9200,733.584,3663.5183,4.994
141.9400,749.685,3740.928,4.99
141.9600,740.902,3700.0645,4.994
141.9800,745.294,3719.0168,4.99
142.0000,747.245,3728.7524,4.99
142.0200,743.22,3711.6404,4.994
142.0400,761.883,3801.7959,4.99
142.0600,743.22,3705.6948,4.986
142.0800,739.561,3693.3674,4.994
142.1000,743.952,3713.8086,4.992
142.1200,732.852,3658.3972,4.992
142.1400,725.533,3623.3118,4.994
142.1600,740.292,3695.5376,4.992
142.1800,719.556,3590.5845,4.99
142.2000,728.216,3633.7976,4.99
142.2200,753.237,3760.1592,4.992
142.2400,741.648,3700.8235,4.99
142.2600,748.845,3736.7363,4.99
142.2800,736.037,3672.8245,4.99
142.3000,738.721,3686.2178,4.99
142.3200,732.988,3657.6099,4.99
142.3400,748.723,3736.1277,4.99
142.3600,741.77,3699.9487,4.988
142.3800,741.404,3698.123,4.988
142.4000,730.304,3645.6777,4.992
142.4200,733.841,3663.3345,4.992
142.4400,726.523,3626.803,4.992
142.4600,728.962,3638.9783,4.992
142.4800,721.643,3602.4419,4.992
142.5000,717.74,3580.0869,4.988
142.5200,715.178,3570.1685,4.992
142.5400,714.812,3566.9119,4.99
142.5600,712.129,3554.9482,4.992
142.5800,732.134,3653.3484,4.99
142.6000,723.107,3608.3037,4.99
142.6200,721.155,3600.0059,4.992
142.6400,723.107,3609.7502,4.992
142.6600,732.622,3657.2493,4.992
142.6800,740.55,3696.8257,4.992
142.7000,743.234,3708.7375,4.99
142.7200,730.196,3646.5986,4.994
142.7400,734.831,3666.8064,4.99
142.7600,729.464,3638.5664,4.988
142.7800,736.295,3677.0571,4.994
142.8000,726.048,3625.8835,4.994
142.8200,736.783,3676.5471,4.99
142.8400,728.854,3636.9812,4.99
142.8600,732.27,3654.0273,4.99
142.8800,727.024,3629.3037,4.992
142.9000,734.465,3666.4495,4.992
142.9200,729.22,3638.8074,4.99
142.9400,721.535,3600.4595,4.99
142.9600,740.564,3695.4143,4.99
142.9800,724.476,3616.5842,4.992
143.0000,746.312,3721.1118,4.986
143.0200,726.916,3628.7649,4.992
143.0400,727.282,3630.5918,4.992
143.0600,714.351,3564.6113,4.99
143.0800,713.863,3563.604,4.992
143.1000,711.058,3546.7571,4.988
143.1200,748.874,3733.886,4.986
143.1400,751.679,3749.3748,4.988
143.1600,699.957,3496.9849,4.996
143.1800,740.091,3693.054,4.99
143.2000,738.871,3686.9661,4.99
143.2200,736.539,3673.8564,4.988
143.2400,655.298,3271.2476,4.992
143.2600,731.05,3646.4773,4.988
143.2800,737.637,3680.8086,4.99
143.3000,731.416,3648.303,4.988
143.3200,686.404,3425.1558,4.99
143.3400,732.757,3653.5266,4.986
143.3600,725.926,3620.9189,4.988
143.3800,726.292,3622.7444,4.988
143.4000,728.122,3633.3286,4.99
143.4200,758.984,3785.8123,4.988
143.4400,553.807,2765.7122,4.994
143.4600,561.248,2801.75,4.992
143.4800,422.186,2107.5525,4.992
143.5000,520.139,2595.4934,4.99
143.5200,536.363,2677.5239,4.992
143.5400,539.535,2693.3586,4.992
143.5600,415.111,2074.7249,4.998
143.5800,410.72,2050.3142,4.992
143.6000,413.891,2066.1438,4.992
143.6200,410.964,2050.7102,4.99
143.6400,413.769,2064.7073,4.99
143.6600,411.574,2052.9312,4.988
143.6800,413.769,2066.3625,4.994
143.7000,430.603,2146.9866,4.986
143.7200,413.037,2061.0544,4.99
143.7400,411.696,2054.363,4.99
143.7600,412.427,2057.1858,4.988
143.7800,411.818,2055.7954,4.992
143.8000,411.818,2054.9717,4.99
143.8200,416.453,2078.1003,4.99
143.8400,412.549,2057.7944,4.988
143.8600,413.281,2062.2722,4.99
143.8800,413.403,2062.8809,4.99
143.9000,413.525,2064.3169,4.992
143.9200,411.94,2055.5806,4.99
143.9400,414.135,2067.3621,4.992
143.9600,411.086,2051.3191,4.99
143.9800,413.037,2061.8806,4.992
144.0000,411.208,2052.7505,4.992
144.0200,414.013,2065.9248,4.99
144.0400,411.208,2051.928,4.99
144.0600,414.379,2067.7512,4.99
144.0800,411.208,2051.928,4.99
144.1000,414.501,2070.0181,4.994
144.1200,410.72,2049.4927,4.99
144.1400,412.549,2057.7944,4.988
144.1600,410.232,2047.0576,4.99
144.1800,413.647,2064.9258,4.992
144.2000,410.232,2047.0576,4.99
144.2200,415.599,2073.0078,4.988
144.2400,412.062,2056.1895,4.99
144.2600,412.549,2058.6194,4.99
144.2800,411.696,2055.1865,4.992
144.3000,412.062,2055.3652,4.988
144.3200,412.183,2056.7932,4.99
144.3400,411.94,2055.5806,4.99
144.3600,412.671,2058.4028,4.988
144.3800,411.696,2054.363,4.99
144.4000,416.453,2078.1003,4.99
144.4200,412.062,2055.3652,4.988
144.4400,412.793,2059.0115,4.988
144.4600,414.379,2066.9224,4.988
144.4800,414.135,2065.7053,4.988
144.5000,411.452,2053.1453,4.99
144.5200,415.355,2072.6213,4.99
144.5400,410.598,2048.8838,4.99
144.5600,413.647,2064.0984,4.99
144.5800,412.427,2056.3611,4.986
144.6000,413.403,2062.0542,4.988
144.6200,411.208,2051.928,4.99
144.6400,414.501,2069.189,4.992
144.6600,410.72,2049.4927,4.99
144.6800,413.647,2064.0984,4.99
144.7000,418.527,2088.4497,4.99
144.7200,412.183,2056.7932,4.99
144.7400,413.159,2061.6633,4.99
144.7600,411.452,2053.9685,4.992
144.7800,411.818,2055.7954,4.992
144.8000,412.549,2058.6194,4.99
144.8200,411.574,2053.7542,4.99
144.8400,412.793,2059.8369,4.99
144.8600,412.427,2058.0107,4.99
144.8800,412.183,2055.9688,4.988
144.9000,412.427,2058.8357,4.992
144.9200,412.427,2058.0107,4.99
144.9400,412.671,2059.228,4.99
144.9600,411.452,2053.1453,4.99
144.9800,413.891,2065.3159,4.99
145.0000,410.842,2049.28,4.988
145.0200,414.501,2067.531,4.988
145.0400,411.208,2051.1055,4.988
145.0600,414.745,2069.5774,4.99
145.0800,410.964,2050.7102,4.99
145.1000,414.745,2071.2366,4.994
145.1200,410.11,2047.269,4.992
145.1400,414.257,2067.9709,4.992
145.1600,410.72,2049.4927,4.99
145.1800,535.631,2672.7986,4.99
145.2000,535.509,2670.0479,4.986
145.2200,536.241,2676.9153,4.992
145.2400,412.305,2059.8757,4.996
145.2600,414.013,2066.7529,4.992
145.2800,411.696,2054.363,4.99
145.3000,411.086,2051.3191,4.99
145.3200,412.427,2058.8357,4.992
145.3400,412.183,2056.7932,4.99
145.3600,417.307,2084.0312,4.994
145.3800,411.086,2052.9634,4.994
145.4000,413.647,2064.0984,4.99
145.4200,412.183,2057.6177,4.992
145.4400,413.647,2064.0984,4.99
145.4600,411.818,2054.1482,4.988
145.4800,420.478,2099.0261,4.992
145.5000,410.842,2050.9233,4.992
145.5200,414.257,2066.3137,4.988
145.5400,420.6,2097.9529,4.988
145.5600,414.257,2067.9709,4.992
145.5800,411.086,2051.3191,4.99
145.6000,414.867,2071.0161,4.992
145.6200,410.72,2049.4927,4.99
145.6400,414.257,2067.9709,4.992
145.6600,410.354,2046.8457,4.988
145.6800,414.135,2067.3621,4.992
145.7000,413.647,2062.4441,4.986
145.7200,412.069,2057.0486,4.992
145.7400,411.337,2051.749,4.988
145.7600,411.947,2056.4395,4.992
145.7800,412.191,2056.0088,4.988
145.8000,411.947,2057.2632,4.994
145.8200,412.435,2058.0505,4.99
145.8400,411.947,2056.4395,4.992
145.8600,411.703,2054.3979,4.99
145.8800,420.852,2101.7349,4.994
145.9000,413.777,2065.575,4.992
145.9200,410.971,2050.7451,4.99
145.9400,413.411,2063.7478,4.992
145.9600,412.191,2057.6575,4.992
145.9800,414.387,2068.6199,4.992
146.0000,409.996,2045.0601,4.988
146.0200,414.875,2071.0562,4.992
146.0400,410.849,2050.1365,4.99
146.0600,414.143,2066.5735,4.99
146.0800,411.093,2050.5317,4.988
146.1000,419.632,2094.803,4.992
146.1200,424.39,2116.8574,4.988
146.1400,413.289,2062.312,4.99
146.1600,409.752,2043.843,4.988
146.1800,413.655,2064.1384,4.99
146.2000,410.849,2049.3147,4.988
146.2200,413.045,2059.4424,4.986
146.2400,410.605,2048.9189,4.99
146.2600,597.611,2977.2981,4.982
146.2800,440.614,2199.5452,4.992
146.3000,412.069,2056.2241,4.99
146.3200,414.021,2067.6208,4.994
146.3400,411.947,2055.6155,4.99
146.3600,414.875,2070.2261,4.99
146.3800,413.045,2060.2686,4.988
146.4000,417.681,2082.5574,4.986
146.4200,412.191,2056.833,4.99
146.4400,411.947,2053.9678,4.986
146.4600,411.947,2054.7915,4.988
146.4800,411.947,2054.7915,4.988
146.5000,414.021,2065.9646,4.99
146.5200,411.337,2052.5715,4.99
146.5400,414.875,2071.0562,4.992
146.5600,412.069,2057.0486,4.992
146.5800,414.387,2067.791,4.99
146.6000,411.825,2055.0068,4.99
146.6200,414.021,2066.793,4.992
146.6400,411.337,2052.5715,4.99
146.6600,413.533,2063.5295,4.99
146.6800,411.459,2052.3574,4.988
146.7000,415.485,2074.9319,4.994
146.7200,409.63,2043.2344,4.988
146.7400,413.167,2063.356,4.994
146.7600,413.167,2060.877,4.988
146.7800,413.533,2065.1838,4.994
146.8000,410.727,2048.7063,4.988
146.8200,413.655,2064.1384,4.99
146.8400,410.605,2048.9189,4.99
146.8600,412.679,2059.2681,4.99
146.8800,410.727,2049.5276,4.99
146.9000,412.679,2059.2681,4.99
146.9200,413.533,2062.7026,4.988
146.9400,412.313,2057.4417,4.99
146.9600,410.483,2049.9521,4.994
146.9800,411.825,2055.8306,4.992
147.0000,412.679,2060.0935,4.992
147.0200,411.825,2054.1831,4.988
147.0400,413.655,2064.9658,4.992
147.0600,412.069,2057.0486,4.992
147.0800,412.557,2059.4846,4.992
147.1000,418.901,2090.3159,4.99
147.1200,414.265,2067.1824,4.99
147.1400,411.337,2053.3943,4.992
147.1600,413.655,2064.9658,4.992
147.1800,537.227,2675.3904,4.98
147.2000,537.105,2679.0796,4.988
147.2200,533.802,2662.6042,4.988
147.2400,455.366,2275.0085,4.996
147.2600,409.744,2045.442,4.992
147.2800,412.183,2058.4419,4.994
147.3000,411.208,2052.7505,4.992
147.3200,429.749,2142.7285,4.986
147.3400,412.062,2057.0137,4.992
147.3600,412.671,2058.4028,4.988
147.3800,412.793,2060.6626,4.992
147.4000,413.891,2064.4883,4.988
147.4200,413.769,2064.7073,4.99
147.4400,413.159,2061.6633,4.99
147.4600,413.403,2064.5347,4.994
147.4800,410.598,2048.8838,4.99
147.5000,414.135,2067.3621,4.992
147.5200,411.208,2051.1055,4.988
147.5400,414.867,2070.1863,4.99
147.5600,411.086,2051.3191,4.99
147.5800,414.013,2066.7529,4.992
147.6000,410.964,2050.7102,4.99
147.6200,414.623,2069.7981,4.992
147.6400,410.598,2048.0627,4.988
147.6600,413.647,2064.9258,4.992
147.6800,410.232,2046.2372,4.988
147.7000,413.037,2061.8806,4.992
147.7200,410.598,2048.8838,4.99
147.7400,412.427,2059.6604,4.994
147.7600,411.94,2055.5806,4.99
147.7800,412.305,2057.4019,4.99
147.8000,411.33,2052.5366,4.99
147.8200,412.183,2056.7932,4.99
147.8400,411.33,2053.3594,4.992
147.8600,412.793,2059.8369,4.99
147.8800,412.183,2057.6177,4.992
147.9000,412.305,2058.2266,4.992
147.9200,411.818,2054.9717,4.99
147.9400,412.183,2056.7932,4.99
147.9600,413.647,2064.9258,4.992
147.9800,411.696,2054.363,4.99
148.0000,413.891,2065.3159,4.99
148.0200,411.696,2055.1865,4.992
148.0400,414.257,2067.9709,4.992
148.0600,411.574,2051.2849,4.984
148.0800,414.257,2067.1423,4.99
148.1000,411.33,2052.5366,4.99
148.1200,414.623,2068.9685,4.99
148.1400,410.964,2049.8884,4.988
148.1600,415.355,2072.6213,4.99
148.1800,412.062,2056.1895,4.99
148.2000,418.283,2088.0688,4.992
148.2200,411.078,2051.2791,4.99
148.2400,412.786,2060.6279,4.992
148.2600,410.346,2047.6265,4.99
148.2800,412.298,2058.1917,4.992
148.3000,410.834,2050.0615,4.99
148.3200,412.908,2061.2368,4.992
148.3400,411.566,2053.7144,4.99
148.3600,430.229,2146.8425,4.99
148.3800,411.81,2054.9319,4.99
148.4000,430.473,2147.1992,4.988
148.4200,431.327,2151.459,4.988
148.4400,411.932,2056.3645,4.992
148.4600,412.176,2055.9338,4.988
148.4800,412.176,2055.9338,4.988
148.5000,415.591,2073.7991,4.99
148.5200,411.322,2053.3193,4.992
148.5400,414.981,2070.7551,4.99
148.5600,411.444,2053.1055,4.99
148.5800,420.226,2096.9277,4.99
148.6000,411.322,2051.6741,4.988
148.6200,413.761,2064.6672,4.99
148.6400,410.59,2048.0229,4.988
148.6600,414.127,2067.322,4.992
148.6800,410.468,2047.4143,4.988
148.7000,414.737,2070.3672,4.992
148.7200,411.2,2051.8879,4.99
148.7400,412.786,2059.802,4.99
148.7600,409.98,2044.9802,4.988
148.7800,412.908,2059.585,4.988
148.8000,410.712,2049.4529,4.99
148.8200,412.176,2057.5825,4.992
148.8400,410.834,2050.0615,4.99
148.8600,412.176,2057.5825,4.992
148.8800,411.688,2055.9697,4.994
148.9000,413.395,2063.6677,4.992
148.9200,412.542,2059.4097,4.992
148.9400,411.81,2055.7556,4.992
148.9600,412.664,2059.1934,4.99
148.9800,411.322,2053.3193,4.992
149.0000,414.737,2069.5376,4.99
149.0200,412.298,2056.5425,4.988
149.0400,413.639,2064.0586,4.99
149.0600,415.713,2073.5764,4.988
149.0800,414.859,2070.1462,4.99
149.1000,416.689,2078.4446,4.988
149.1200,415.957,2075.6252,4.99
149.1400,411.322,2053.3193,4.992
149.1600,414.005,2066.7131,4.992
149.1800,411.566,2053.7144,4.99
149.2000,533.669,2658.739,4.982
149.2200,412.42,2058.8008,4.992
149.2400,414.737,2069.5376,4.99
149.2600,412.054,2056.1494,4.99
149.2800,414.371,2067.7112,4.99
149.3000,410.712,2048.6313,4.988
149.3200,415.225,2071.9727,4.99
149.3400,411.078,2052.1013,4.992
149.3600,414.493,2069.1492,4.992
149.3800,410.956,2051.4924,4.992
149.4000,413.639,2064.0586,4.99
149.4200,449.502,2243.0149,4.99
149.4400,427.301,2132.2319,4.99
149.4600,429.009,2142.4709,4.994
149.4800,418.397,2087.801,4.99
149.5000,419.495,2094.1191,4.992
149.5200,415.469,2074.0212,4.992
149.5400,412.42,2057.1509,4.988
149.5600,412.908,2061.2368,4.992
149.5800,411.81,2054.1082,4.988
149.6000,413.03,2061.8457,4.992
149.6200,426.082,2126.1492,4.99
149.6400,422.544,2107.6494,4.988
149.6600,417.909,2085.3657,4.99
149.6800,420.836,2099.9714,4.99
149.7000,420.104,2097.1592,4.992
149.7200,412.42,2057.1509,4.988
149.7400,411.688,2055.9697,4.994
149.7600,411.688,2054.323,4.99
149.7800,412.42,2057.9758,4.99
149.8000,412.298,2058.1917,4.992
149.8200,411.688,2053.4998,4.988
149.8400,411.688,2055.1465,4.992
149.8600,413.883,2065.2761,4.99
149.8800,411.81,2054.9319,4.99
149.9000,413.761,2065.4949,4.992
149.9200,412.176,2056.7581,4.99
149.9400,413.883,2065.2761,4.99
149.9600,412.542,2057.7595,4.988
149.9800,414.371,2067.7112,4.99
150.0000,410.956,2051.4924,4.992
150.0200,415.225,2072.8032,4.992
150.0400,411.322,2053.3193,4.992
150.0600,414.005,2065.8848,4.99
150.0800,411.078,2050.457,4.988
150.1000,414.981,2070.7551,4.99
150.1200,409.98,2044.1604,4.986
150.1400,416.201,2076.0105,4.988
150.1600,410.956,2051.4924,4.992
150.1800,413.03,2061.0195,4.99
150.2000,410.834,2050.8835,4.992
150.2200,412.664,2059.1934,4.99
150.2400,411.322,2052.4966,4.99
150.2600,412.542,2059.4097,4.992
150.2800,411.932,2055.5405,4.99
150.3000,413.03,2061.0195,4.99
150.3200,412.054,2056.9736,4.992
150.3400,412.786,2058.9766,4.988
150.3600,412.42,2058.8008,4.992
150.3800,411.444,2053.1055,4.99
150.4000,412.908,2059.585,4.988
150.4200,411.322,2052.4966,4.99
150.4400,413.274,2062.2371,4.99
150.4600,412.298,2058.1917,4.992
150.4800,414.005,2067.541,4.994
150.5000,410.59,2049.6653,4.992
150.5200,414.371,2068.54,4.992
150.5400,410.468,2048.2351,4.99
150.5600,413.274,2061.4106,4.988
150.5800,410.346,2047.6265,4.99
150.6000,413.639,2064.886,4.992
150.6200,411.444,2052.2827,4.988
150.6400,414.005,2065.8848,4.99
150.6600,411.444,2052.2827,4.988
150.6800,413.761,2065.4949,4.992
150.7000,422.178,2105.824,4.988
150.7200,420.226,2096.9277,4.99
150.7400,411.2,2051.0657,4.988
150.7600,423.886,2116.0388,4.992
150.7800,411.2,2051.8879,4.99
150.8000,411.444,2053.9285,4.992
150.8200,411.322,2053.3193,4.992
150.8400,411.444,2053.9285,4.992
150.8600,412.908,2060.4109,4.99
150.8800,411.566,2053.7144,4.99
150.9000,412.908,2060.4109,4.99
150.9200,411.444,2053.1055,4.99
150.9400,413.03,2061.8457,4.992
150.9600,412.176,2057.5825,4.992
150.9800,430.351,2147.4514,4.99
151.0000,411.444,2053.1055,4.99
151.0200,414.127,2066.4937,4.99
151.0400,410.834,2050.8835,4.992
151.0600,414.859,2071.8059,4.994
151.0800,410.468,2047.4143,4.988
151.1000,414.737,2069.5376,4.99
151.1200,411.2,2051.8879,4.99
151.1400,414.371,2068.54,4.992
151.1600,410.956,2049.0266,4.986
151.1800,414.493,2068.3201,4.99
151.2000,419.007,2090.0068,4.988
151.2200,536.719,2677.1543,4.988
151.2400,533.06,2658.9033,4.988
151.2600,537.939,2683.2397,4.988
151.2800,554.284,2765.877,4.99
151.3000,538.427,2687.8276,4.992
151.3200,413.639,2066.5403,4.996
151.3400,410.346,2047.6265,4.99
151.3600,419.739,2096.1765,4.994
151.3800,410.102,2046.4088,4.99
151.4000,414.371,2067.7112,4.99
151.4200,410.468,2047.4143,4.988
151.4400,413.152,2061.6284,4.99
151.4600,410.712,2047.8101,4.986
151.4800,412.298,2057.3669,4.99
151.5000,410.956,2052.3142,4.994
151.5200,412.054,2056.1494,4.99
151.5400,415.713,2073.5764,4.988
151.5600,411.81,2054.1082,4.988
151.5800,412.298,2058.1917,4.992
151.6000,411.81,2055.7556,4.992
151.6200,413.274,2062.2371,4.99
151.6400,411.688,2054.323,4.99
151.6600,413.883,2065.2761,4.99
151.6800,412.298,2057.3669,4.99
151.7000,416.201,2077.6753,4.992
151.7200,410.59,2048.844,4.99
151.7400,414.005,2065.0569,4.988
151.7600,410.834,2049.24,4.988
151.7800,414.249,2067.1023,4.99
151.8000,416.689,2078.4446,4.988
151.8200,413.639,2064.0586,4.99
151.8400,410.346,2045.9852,4.986
151.8600,413.395,2062.8408,4.99
151.8800,410.834,2049.24,4.988
151.9000,413.03,2062.6719,4.994
151.9200,410.224,2046.1973,4.988
151.9400,412.786,2059.802,4.99
151.9600,410.59,2048.844,4.99
151.9800,413.03,2061.0195,4.99
152.0000,413.761,2066.3223,4.994
152.0200,412.054,2055.3252,4.988
152.0400,412.176,2056.7581,4.99
152.0600,412.054,2056.1494,4.99
152.0800,411.566,2054.5376,4.992
152.1000,414.493,2069.1492,4.992
152.1200,412.054,2056.1494,4.99
152.1400,412.054,2055.3252,4.988
152.1600,416.079,2076.2341,4.99
152.1800,411.688,2054.323,4.99
152.2000,414.005,2067.541,4.994
152.2200,411.688,2054.323,4.99
152.2400,414.371,2068.54,4.992
152.2600,410.102,2047.2291,4.992
152.2800,414.127,2067.322,4.992
152.3000,410.468,2049.0562,4.992
152.3200,416.323,2078.2844,4.992
152.3400,410.59,2048.844,4.99
152.3600,414.249,2067.9309,4.992
152.3800,410.468,2048.2351,4.99
152.4000,413.274,2063.0637,4.992
152.4200,410.346,2047.6265,4.99
152.4400,412.908,2060.4109,4.99
152.4600,410.224,2046.1973,4.988
152.4800,413.639,2064.0586,4.99
152.5000,411.932,2055.5405,4.99
152.5200,411.688,2054.323,4.99
152.5400,411.444,2053.1055,4.99
152.5600,411.932,2056.3645,4.992
152.5800,413.152,2062.4548,4.992
152.6000,412.542,2057.7595,4.988
152.6200,413.03,2060.1936,4.988
152.6400,412.908,2061.2368,4.992
152.6600,414.005,2066.7131,4.992
152.6800,412.054,2056.1494,4.99
152.7000,414.127,2066.4937,4.99
152.7200,411.444,2052.2827,4.988
152.7400,414.127,2067.322,4.992
152.7600,411.566,2053.7144,4.99
152.7800,412.786,2060.6279,4.992
152.8000,410.834,2050.0615,4.99
152.8200,413.883,2064.4482,4.988
152.8400,412.298,2057.3669,4.99
152.8600,412.542,2059.4097,4.992
152.8800,410.712,2048.6313,4.988
152.9000,413.03,2061.0195,4.99
152.9200,409.858,2044.3717,4.988
152.9400,413.152,2061.6284,4.99
152.9600,410.956,2049.8484,4.988
152.9800,412.664,2058.3679,4.988
153.0000,421.446,2103.0156,4.99
153.0200,413.03,2061.0195,4.99
153.0400,412.542,2058.5845,4.99
153.0600,412.542,2059.4097,4.992
153.0800,413.639,2064.0586,4.99
153.1000,413.883,2064.4482,4.988
153.1200,413.883,2066.104,4.992
153.1400,411.688,2054.323,4.99
153.1600,414.493,2067.4912,4.988
153.1800,411.688,2054.323,4.99
153.2000,413.883,2065.2761,4.99
153.2200,532.572,2654.3391,4.984
153.2400,410.468,2047.4143,4.988
153.2600,416.811,2080.7205,4.992
153.2800,412.054,2055.3252,4.988
153.3000,411.688,2054.323,4.99
153.3200,416.323,2078.2844,4.992
153.3400,411.81,2054.1082,4.988
153.3600,413.274,2063.0637,4.992
153.3800,415.957,2074.7935,4.988
153.4000,416.201,2077.6753,4.992
153.4200,411.2,2051.0657,4.988
153.4400,420.47,2098.1453,4.99
153.4600,420.348,2097.5364,4.99
153.4800,413.517,2063.4497,4.99
153.5000,414.737,2069.5376,4.99
153.5200,413.761,2064.6672,4.99
153.5400,410.59,2049.6653,4.992
153.5600,416.933,2079.6619,4.988
153.5800,410.224,2047.0177,4.99
153.6000,412.908,2061.2368,4.992
153.6200,413.517,2063.4497,4.99
153.6400,413.152,2061.6284,4.99
153.6600,426.204,2127.6104,4.992
153.6800,415.957,2075.6252,4.99
153.7000,410.834,2050.0615,4.99
153.7200,412.908,2061.2368,4.992
153.7400,416.941,2081.3696,4.992
153.7600,411.818,2055.7954,4.992
153.7800,413.769,2063.8799,4.988
153.8000,414.135,2065.7053,4.988
153.8200,414.867,2070.1863,4.99
153.8400,410.964,2051.5322,4.992
153.8600,418.039,2087.6868,4.994
153.8800,411.818,2054.1482,4.988
153.9000,414.501,2069.189,4.992
153.9200,411.452,2053.1453,4.99
153.9400,413.525,2063.4897,4.99
153.9600,410.598,2048.0627,4.988
153.9800,419.625,2093.9287,4.99
154.0000,411.33,2052.5366,4.99
154.0200,413.403,2062.8809,4.99
154.0400,410.72,2048.6714,4.988
154.0600,412.305,2059.051,4.994
154.0800,410.476,2049.0962,4.992
154.1000,416.087,2076.2742,4.99
154.1200,411.452,2053.9685,4.992
154.1400,426.7,2128.3796,4.988
154.1600,411.696,2053.5398,4.988
154.1800,412.793,2059.8369,4.99
154.2000,412.305,2057.4019,4.99
154.2200,412.549,2059.4448,4.992
154.2400,413.159,2061.6633,4.99
154.2600,410.964,2050.7102,4.99
154.2800,413.647,2064.9258,4.992
154.3000,415.111,2070.5735,4.988
154.3200,415.111,2072.2341,4.992
154.3400,411.208,2051.1055,4.988
154.3600,414.501,2068.3599,4.99
154.3800,410.598,2048.8838,4.99
154.4000,415.111,2071.4038,4.99
154.4200,411.818,2054.1482,4.988
154.4400,414.501,2068.3599,4.99
154.4600,411.696,2053.5398,4.988
154.4800,414.013,2066.7529,4.992
154.5000,414.989,2070.7952,4.99
154.5200,412.793,2060.6626,4.992
154.5400,410.476,2048.2751,4.99
154.5600,412.671,2060.0537,4.992
154.5800,410.598,2048.8838,4.99
154.6000,413.159,2060.8372,4.988
154.6200,410.354,2047.6664,4.99
154.6400,412.305,2057.4019,4.99
154.6600,410.11,2046.4487,4.99
154.6800,412.183,2057.6177,4.992
154.7000,412.183,2056.7932,4.99
154.7200,412.062,2057.0137,4.992
154.7400,413.891,2066.1438,4.992
154.7600,412.305,2057.4019,4.99
154.7800,414.501,2069.189,4.992
154.8000,411.818,2055.7954,4.992
154.8200,414.135,2065.7053,4.988
154.8400,410.842,2050.1016,4.99
154.8600,413.891,2066.9717,4.994
154.8800,411.208,2051.928,4.99
154.9000,414.257,2067.1423,4.99
154.9200,411.208,2052.7505,4.992
154.9400,416.453,2078.9333,4.992
154.9600,411.818,2055.7954,4.992
154.9800,413.891,2066.1438,4.992
155.0000,411.086,2051.3191,4.99
155.0200,415.355,2073.4521,4.992
155.0400,410.964,2050.7102,4.99
155.0600,412.793,2059.8369,4.99
155.0800,411.208,2051.928,4.99
155.1000,418.283,2087.2319,4.99
155.1200,410.598,2049.7053,4.992
155.1400,412.671,2059.228,4.99
155.1600,411.086,2052.1414,4.992
155.1800,413.159,2060.8372,4.988
155.2000,409.5,2044.224,4.992
155.2200,413.403,2064.5347,4.994
155.2400,534.3,2660.814,4.98
155.2600,556.135,2775.1135,4.99
155.2800,534.666,2667.9834,4.99
155.3000,537.227,2680.7625,4.99
155.3200,534.788,2667.5227,4.988
155.3400,411.947,2057.2632,4.994
155.3600,415.119,2073.1042,4.994
155.3800,410.483,2049.1311,4.992
155.4000,414.387,2068.6199,4.992
155.4200,410.361,2046.8806,4.988
155.4400,414.997,2071.665,4.992
155.4600,605.662,3017.408,4.982
155.4800,425.122,2123.0593,4.994
155.5000,415.729,2076.1506,4.994
155.5200,413.045,2061.9207,4.992
155.5400,435.369,2172.4912,4.99
155.5600,413.899,2065.356,4.99
155.5800,422.072,2105.2952,4.988
155.6000,409.996,2045.0601,4.988
155.6200,413.411,2062.094,4.988
155.6400,410.971,2049.1016,4.986
155.6600,413.899,2066.1838,4.992
155.6800,410.361,2047.7013,4.99
155.7000,413.655,2064.1384,4.99
155.7200,410.605,2049.7402,4.992
155.7400,411.581,2053.7891,4.99
155.7600,412.069,2054.5762,4.986
155.7800,411.947,2055.6155,4.99
155.8000,411.337,2052.5715,4.99
155.8200,412.801,2059.877,4.99
155.8400,412.069,2056.2241,4.99
155.8600,424.268,2116.2488,4.988
155.8800,413.045,2061.0945,4.99
155.9000,411.825,2055.8306,4.992
155.9200,412.557,2058.6594,4.99
155.9400,412.435,2056.4009,4.986
155.9600,413.289,2061.4856,4.988
155.9800,582.484,2900.7703,4.98
156.0000,418.535,2091.0007,4.996
156.0200,416.461,2078.9734,4.992
156.0400,413.533,2064.3567,4.992
156.0600,416.461,2078.9734,4.992
156.0800,411.947,2055.6155,4.99
156.1000,424.146,2116.4885,4.99
156.1200,410.361,2046.8806,4.988
156.1400,415.241,2072.8831,4.992
156.1600,429.025,2140.8347,4.99
156.1800,412.557,2059.4846,4.992
156.2000,410.605,2048.0977,4.988
156.2200,413.167,2060.877,4.988
156.2400,411.574,2054.5774,4.992
156.2600,412.305,2057.4019,4.99
156.2800,412.549,2058.6194,4.99
156.3000,412.062,2055.3652,4.988
156.3200,412.793,2059.8369,4.99
156.3400,416.697,2079.3179,4.99
156.3600,413.037,2063.5327,4.996
156.3800,419.259,2092.9409,4.992
156.4000,413.159,2061.6633,4.99
156.4200,411.818,2054.1482,4.988
156.4400,422.186,2106.708,4.99
156.4600,454.146,2265.2803,4.988
156.4800,450.73,2249.1426,4.99
156.5000,421.698,2105.1165,4.992
156.5200,418.039,2086.0144,4.99
156.5400,420.112,2097.1992,4.992
156.5600,410.11,2046.4487,4.99
156.5800,416.819,2079.9268,4.99
156.6000,416.941,2078.8679,4.986
156.6200,414.623,2069.7981,4.992
156.6400,409.988,2045.8401,4.99
156.6600,413.647,2064.0984,4.99
156.6800,423.528,2111.7107,4.986
156.7000,412.915,2061.2717,4.992
156.7200,411.208,2051.1055,4.988
156.7400,411.574,2053.7542,4.99
156.7600,414.013,2065.9248,4.99
156.7800,411.94,2055.5806,4.99
156.8000,414.013,2065.9248,4.99
156.8200,411.208,2051.928,4.99
156.8400,442.436,2208.6406,4.992
156.8600,740.442,3682.9585,4.974
156.8800,539.535,2693.3586,4.992
156.9000,423.528,2116.793,4.998
156.9200,410.964,2050.7102,4.99
156.9400,412.183,2057.6177,4.992
156.9600,412.183,2057.6177,4.992
156.9800,425.846,2124.9714,4.99
157.0000,410.598,2048.8838,4.99
157.0200,414.867,2069.3567,4.988
157.0400,410.476,2048.2751,4.99
157.0600,414.013,2065.9248,4.99
157.0800,410.598,2048.0627,4.988
157.1000,420.6,2098.7939,4.99
157.1200,415.233,2072.8433,4.992
157.1400,411.94,2054.7566,4.988
157.1600,412.183,2056.7932,4.99
157.1800,412.793,2060.6626,4.992
157.2000,416.331,2076.6589,4.988
157.2200,413.037,2060.2285,4.988
157.2400,428.903,2139.3682,4.988
157.2600,535.885,2669.7791,4.982
157.2800,535.032,2668.7395,4.988
157.3000,435.369,2174.2327,4.994
157.3200,410.971,2051.5674,4.992
157.3400,411.947,2057.2632,4.994
157.3600,412.313,2056.6172,4.988
157.3800,412.435,2058.0505,4.99
157.4000,413.777,2065.575,4.992
157.4200,412.313,2057.4417,4.99
157.4400,410.727,2048.7063,4.988
157.4600,411.459,2052.3574,4.988
157.4800,413.769,2064.7073,4.99
157.5000,411.208,2052.7505,4.992
157.5200,413.769,2065.5349,4.992
157.5400,411.696,2054.363,4.99
157.5600,414.501,2068.3599,4.99
157.5800,410.72,2050.3142,4.992
157.6000,414.379,2068.5801,4.992
157.6200,411.452,2052.3225,4.988
157.6400,415.843,2075.8882,4.992
157.6600,411.696,2053.5398,4.988
157.6800,422.796,2111.4431,4.994
157.7000,410.72,2048.6714,4.988
157.7200,417.307,2081.5273,4.988
157.7400,409.614,2043.1547,4.988
157.7600,412.908,2061.2368,4.992
157.7800,411.444,2053.1055,4.99
157.8000,413.274,2061.4106,4.988
157.8200,410.102,2045.5887,4.988
157.8400,413.03,2061.8457,4.992
157.8600,410.834,2050.0615,4.99
157.8800,414.005,2065.8848,4.99
157.9000,410.59,2049.6653,4.992
157.9200,412.054,2056.1494,4.99
157.9400,409.858,2044.3717,4.988
157.9600,412.176,2057.5825,4.992
157.9800,412.664,2058.3679,4.988
158.0000,412.664,2060.0188,4.992
158.0200,413.883,2066.104,4.992
158.0400,411.688,2053.4998,4.988
158.0600,430.473,2148.0601,4.99
158.0800,411.566,2052.8911,4.988
158.1000,414.127,2067.322,4.992
158.1200,410.468,2048.2351,4.99
158.1400,414.737,2069.5376,4.99
158.1600,409.858,2044.3717,4.988
158.1800,413.883,2066.104,4.992
158.2000,411.2,2052.7104,4.992
158.2200,414.981,2072.415,4.994
158.2400,412.305,2057.4019,4.99
158.2600,413.769,2064.7073,4.99
158.2800,410.232,2045.4167,4.986
158.3000,413.281,2063.0989,4.992
158.3200,410.354,2048.4873,4.992
158.3400,412.427,2058.0107,4.99
158.3600,410.598,2048.8838,4.99
158.3800,413.769,2063.8799,4.988
158.4000,411.574,2052.9312,4.988
158.4200,412.305,2057.4019,4.99
158.4400,412.183,2057.6177,4.992
158.4600,415.477,2072.3992,4.988
158.4800,414.623,2069.7981,4.992
158.5000,411.208,2051.1055,4.988
158.5200,414.745,2069.5774,4.99
158.5400,411.696,2053.5398,4.988
158.5600,414.867,2070.1863,4.99
158.5800,411.818,2054.1482,4.988
158.6000,414.379,2068.5801,4.992
158.6200,412.183,2056.7932,4.99
158.6400,414.867,2070.1863,4.99
158.6600,411.696,2054.363,4.99
158.6800,418.161,2086.6233,4.99
158.7000,411.086,2050.4968,4.988
158.7200,413.647,2064.0984,4.99
158.7400,410.598,2048.0627,4.988
158.7600,413.769,2064.7073,4.99
158.7800,410.476,2048.2751,4.99
158.8000,414.013,2066.7529,4.992
158.8200,411.086,2051.3191,4.99
158.8400,412.671,2059.228,4.99
158.8600,425.968,2124.7283,4.988
158.8800,413.281,2062.2722,4.99
158.9000,425.48,2121.4434,4.986
158.9200,412.183,2056.7932,4.99
158.9400,412.671,2060.0537,4.992
158.9600,412.427,2058.0107,4.99
158.9800,414.867,2071.0161,4.992
159.0000,411.818,2054.1482,4.988
159.0200,414.501,2067.531,4.988
159.0400,411.696,2054.363,4.99
159.0600,414.257,2067.1423,4.99
159.0800,411.208,2051.1055,4.988
159.1000,414.867,2069.3567,4.988
159.1200,411.452,2053.1453,4.99
159.1400,414.501,2069.189,4.992
159.1600,427.188,2130.8137,4.988
159.1800,497.328,2480.6721,4.988
159.2000,769.719,3833.2007,4.98
159.2200,741.906,3697.6597,4.984
159.2400,734.587,3667.0583,4.992
159.2600,743.37,3707.9294,4.988
159.2800,738.857,3685.4187,4.988
159.3000,741.174,3696.9758,4.988
159.3200,1024.543,5102.2241,4.98
159.3400,1036.986,5170.4121,4.986
159.3600,1027.715,5126.2422,4.988
159.3800,1020.396,5087.6943,4.986
159.4000,1011.491,5047.3398,4.99
159.4200,741.418,3708.573,5.002
159.4400,736.539,3681.2219,4.998
159.4600,740.808,3698.1135,4.992
159.4800,738.003,3685.5869,4.994
159.5000,737.393,3679.5908,4.99
159.5200,737.881,3680.5503,4.988
159.5400,744.59,3718.4827,4.994
159.5600,738.735,3687.7651,4.992
159.5800,731.66,3649.5198,4.988
159.6000,734.221,3663.7627,4.99
159.6200,743.126,3711.1711,4.994
159.6400,741.174,3698.4583,4.99
159.6600,741.296,3697.5845,4.988
159.6800,723.365,3611.0381,4.992
159.7000,737.637,3682.2842,4.992
159.7200,744.224,3713.6775,4.99
159.7400,746.908,3728.5649,4.992
159.7600,736.051,3671.4224,4.988
159.7800,741.784,3698.5352,4.986
159.8000,733.367,3659.5012,4.99
159.8200,746.054,3719.8254,4.986
159.8400,739.345,3690.8101,4.992
159.8600,730.44,3643.4346,4.988
159.8800,732.514,3655.2446,4.99
159.9000,780.819,3893.1633,4.986
159.9200,728.976,3639.0483,4.992
159.9400,728.854,3638.4392,4.992
159.9600,736.051,3672.8945,4.99
159.9800,743.872,3713.4092,4.992
160.0000,736.553,3675.3992,4.99
160.0200,735.089,3669.5642,4.992
160.0400,741.432,3698.2627,4.988
160.0600,1006.387,5009.7949,4.978
160.0800,1022.123,5092.2168,4.982
160.1000,1014.926,5062.4512,4.988
160.1200,1040.787,5191.4453,4.988
160.1400,1042.861,5199.7046,4.986
160.1600,1034.932,5166.3809,4.992
160.1800,755.705,3775.5022,4.996
160.2000,724.354,3617.4238,4.994
160.2200,733.137,3658.3535,4.99
160.2400,725.696,3621.2229,4.99
160.2600,730.21,3643.7478,4.99
160.2800,728.99,3636.2019,4.988
160.3000,725.33,3617.946,4.988
160.3200,696.419,3475.1306,4.99
160.3400,749.971,3742.3552,4.99
160.3600,733.625,3659.3215,4.988
160.3800,733.259,3658.9622,4.99
160.4000,737.407,3678.186,4.988
160.4200,751.557,3750.2693,4.99
160.4400,744.604,3714.0847,4.988
160.4600,746.19,3723.488,4.99
160.4800,744.848,3716.7915,4.99
160.5000,738.627,3685.7485,4.99
160.5200,747.166,3728.3582,4.99
160.5400,743.384,3710.9729,4.992
160.5600,745.702,3721.053,4.99
160.5800,749.727,3739.6382,4.988
160.6000,748.386,3737.4397,4.994
160.6200,745.458,3718.3445,4.988
160.6400,743.018,3706.1738,4.988
160.6600,742.164,3704.8828,4.992
160.6800,737.041,3677.8345,4.99
160.7000,742.896,3707.0508,4.99
160.7200,740.091,3694.5344,4.992
160.7400,741.31,3697.6543,4.988
160.7600,724.842,3619.8608,4.994
160.7800,741.188,3698.5278,4.99
160.8000,738.017,3682.7048,4.99
160.8200,728.136,3631.9421,4.988
160.8400,747.898,3735.0027,4.994
160.8600,743.506,3710.0947,4.99
160.8800,738.261,3683.9221,4.99
160.9000,733.991,3665.5513,4.994
160.9200,736.675,3677.4817,4.992
160.9400,744.97,3715.9102,4.988
160.9600,743.262,3707.3909,4.988
160.9800,736.051,3671.4224,4.988
161.0000,726.536,3625.4146,4.99
161.0200,727.146,3628.4583,4.99
161.0400,732.026,3651.3457,4.988
161.0600,732.392,3654.636,4.99
161.0800,719.827,3593.3767,4.992
161.1000,715.558,3570.6343,4.99
161.1200,713.362,3558.2495,4.988
161.1400,712.63,3556.0237,4.99
161.1600,730.44,3643.4346,4.988
161.1800,729.098,3638.199,4.99
161.2000,723.731,3614.3127,4.994
161.2200,722.389,3603.2761,4.988
161.2400,727.39,3629.676,4.99
161.2600,749.713,3742.5674,4.992
161.2800,743.37,3710.9031,4.992
161.3000,740.442,3694.8054,4.99
161.3200,746.298,3725.5195,4.992
161.3400,783.381,3905.9375,4.986
161.3600,758.13,3781.5525,4.988
161.3800,746.664,3727.3467,4.992
161.4000,729.098,3636.741,4.988
161.4200,743.37,3710.9031,4.992
161.4400,745.078,3717.939,4.99
161.4600,754.227,3760.5759,4.986
161.4800,738.857,3688.3743,4.992
161.5000,747.883,3730.4404,4.988
161.5200,738.491,3683.5933,4.988
161.5400,730.806,3646.7219,4.99
161.5600,751.787,3749.9133,4.988
161.5800,730.562,3645.5042,4.99
161.6000,745.81,3720.1001,4.988
161.6200,745.444,3718.2744,4.988
161.6400,662.129,3304.0237,4.99
161.6600,739.711,3691.1577,4.99
161.6800,696.406,3477.8516,4.994
161.7000,728.244,3632.4812,4.988
161.7200,736.051,3669.9504,4.986
161.7400,736.783,3672.1267,4.984
161.7600,732.392,3654.636,4.99
161.7800,656.517,3276.0198,4.99
161.8000,731.782,3650.1284,4.988
161.8200,725.56,3617.6421,4.986
161.8400,732.879,3657.0662,4.99
161.8600,732.148,3653.4185,4.99
161.8800,774.354,3862.4778,4.988
161.9000,537.949,2689.7449,5
161.9200,540.511,2697.1497,4.99
161.9400,537.217,2682.8616,4.994
161.9600,534.411,2666.7109,4.99
161.9800,518.432,2588.0127,4.992
162.0000,534.533,2667.3196,4.99
162.0200,537.583,2683.6145,4.992
162.0400,534.046,2664.8894,4.99
162.0600,536.607,2677.6687,4.99
162.0800,521.969,2604.6252,4.99
162.1000,419.747,2096.2166,4.994
162.1200,411.452,2053.9685,4.992
162.1400,414.013,2066.7529,4.992
162.1600,411.208,2052.7505,4.992
162.1800,414.623,2070.6272,4.994
162.2000,411.33,2052.5366,4.99
162.2200,414.623,2068.9685,4.99
162.2400,410.232,2047.8782,4.992
162.2600,413.281,2063.0989,4.992
162.2800,411.086,2051.3191,4.99
162.3000,413.281,2061.4456,4.988
162.3200,411.33,2052.5366,4.99
162.3400,413.525,2062.6626,4.988
162.3600,412.671,2057.5776,4.986
162.3800,412.305,2056.5771,4.988
162.4000,412.793,2059.8369,4.99
162.4200,411.574,2052.9312,4.988
162.4400,413.403,2062.8809,4.99
162.4600,412.427,2057.1858,4.988
162.4800,414.867,2071.0161,4.992
162.5000,412.183,2057.6177,4.992
162.5200,414.745,2071.2366,4.994
162.5400,410.72,2049.4927,4.99
162.5600,414.989,2070.7952,4.99
162.5800,411.086,2050.4968,4.988
162.6000,416.819,2079.9268,4.99
162.6200,411.574,2053.7542,4.99
162.6400,413.769,2064.7073,4.99
162.6600,410.964,2049.8884,4.988
162.6800,414.501,2069.189,4.992
162.7000,410.598,2048.0627,4.988
162.7200,413.525,2064.3169,4.992
162.7400,413.769,2065.5349,4.992
162.7600,411.94,2055.5806,4.99
162.7800,429.505,2143.23,4.99
162.8000,412.671,2057.5776,4.986
162.8200,412.549,2060.2698,4.994
162.8400,412.671,2059.228,4.99
162.8600,419.381,2093.55,4.992
162.8800,411.574,2052.9312,4.988
162.9000,415.477,2073.23,4.99
162.9200,412.062,2057.0137,4.992
162.9400,415.355,2073.4521,4.992
162.9600,411.086,2050.4968,4.988
162.9800,413.281,2063.0989,4.992
163.0000,412.427,2057.1858,4.988
163.0200,413.403,2062.0542,4.988
163.0400,410.476,2047.4543,4.988
163.0600,413.525,2064.3169,4.992
163.0800,412.183,2055.9688,4.988
163.1000,413.403,2062.8809,4.99
163.1200,431.701,2152.4612,4.986
163.1400,411.574,2054.5774,4.992
163.1600,413.403,2063.708,4.992
163.1800,412.671,2058.4028,4.988
163.2000,413.281,2063.0989,4.992
163.2200,413.647,2063.2712,4.988
163.2400,414.257,2067.1423,4.99
163.2600,411.94,2054.7566,4.988
163.2800,491.717,2451.7009,4.986
163.3000,534.168,2663.3618,4.986
163.3200,538.071,2682.822,4.986
163.3400,413.159,2063.3159,4.994
163.3600,411.33,2052.5366,4.99
163.3800,412.549,2058.6194,4.99
163.4000,412.427,2057.1858,4.988
163.4200,413.769,2066.3625,4.994
163.4400,411.452,2052.3225,4.988
163.4600,414.135,2067.3621,4.992
163.4800,420.6,2098.7939,4.99
163.5000,426.212,2126.7979,4.99
163.5200,443.045,2210.7944,4.99
163.5400,421.576,2105.3506,4.994
163.5600,418.039,2086.0144,4.99
163.5800,415.721,2075.2793,4.992
163.6000,415.477,2072.3992,4.988
163.6200,436.824,2180.6255,4.992
163.6400,413.281,2061.4456,4.988
163.6600,414.379,2067.7512,4.99
163.6800,420.966,2100.6204,4.99
163.7000,414.257,2066.3137,4.988
163.7200,411.696,2053.5398,4.988
163.7400,415.607,2072.2166,4.986
163.7600,411.703,2054.3979,4.99
163.7800,412.313,2057.4417,4.99
163.8000,412.313,2057.4417,4.99
163.8200,412.191,2056.833,4.99
163.8400,412.801,2059.877,4.99
163.8600,412.801,2059.877,4.99
163.8800,413.411,2062.9209,4.99
163.9000,411.703,2054.3979,4.99
163.9200,413.411,2062.9209,4.99
163.9400,411.947,2054.7915,4.988
163.9600,414.265,2067.1824,4.99
163.9800,411.703,2053.5745,4.988
164.0000,415.363,2073.4922,4.992
164.0200,422.072,2106.9834,4.992
164.0400,414.509,2069.229,4.992
164.0600,410.483,2047.4891,4.988
164.0800,413.411,2063.7478,4.992
164.1000,410.727,2050.3491,4.992
164.1200,413.411,2062.9209,4.99
164.1400,410.24,2046.277,4.988
164.1600,413.655,2064.9658,4.992
164.1800,410.483,2048.3101,4.99
164.2000,413.533,2064.3567,4.992
164.2200,410.483,2048.3101,4.99
164.2400,412.557,2058.6594,4.99
164.2600,419.632,2094.803,4.992
164.2800,412.069,2057.8726,4.994
164.3000,411.337,2054.217,4.994
164.3200,412.069,2057.0486,4.992
164.3400,413.045,2061.9207,4.992
164.3600,412.069,2057.0486,4.992
164.3800,413.777,2064.7471,4.99
164.4000,412.679,2059.2681,4.99
164.4200,413.655,2065.793,4.994
164.4400,412.923,2060.4856,4.99
164.4600,413.045,2061.0945,4.99
164.4800,411.337,2051.749,4.988
164.5000,414.997,2070.835,4.99
164.5200,412.069,2055.4001,4.988
164.5400,414.143,2066.5735,4.99
164.5600,412.069,2055.4001,4.988
164.5800,413.899,2065.356,4.99
164.6000,411.459,2052.3574,4.988
164.6200,413.167,2061.7031,4.99
164.6400,410.361,2047.7013,4.99
164.6600,418.657,2089.0984,4.99
164.6800,411.947,2056.4395,4.992
164.7000,412.557,2057.8342,4.988
164.7200,409.996,2045.88,4.99
164.7400,412.313,2056.6172,4.988
164.7600,412.313,2057.4417,4.99
164.7800,417.559,2083.6194,4.99
164.8000,413.045,2060.2686,4.988
164.8200,412.801,2058.2258,4.986
164.8400,414.021,2065.9646,4.99
164.8600,412.801,2059.0513,4.988
164.8800,413.167,2062.5298,4.992
164.9000,410.971,2051.5674,4.992
164.9200,413.899,2066.1838,4.992
164.9400,410.727,2050.3491,4.992
164.9600,414.387,2069.4487,4.994
164.9800,411.581,2053.7891,4.99
165.0000,414.631,2069.8381,4.992
165.0200,410.971,2049.9233,4.988
165.0400,414.997,2070.0051,4.988
165.0600,411.825,2054.1831,4.988
165.0800,414.387,2067.791,4.99
165.1000,410.971,2049.9233,4.988
165.1200,413.899,2065.356,4.99
165.1400,410.727,2049.5276,4.99
165.1600,413.289,2063.1387,4.992
165.1800,410.849,2050.1365,4.99
165.2000,413.533,2062.7026,4.988
165.2200,410.24,2046.277,4.988
165.2400,413.167,2061.7031,4.99
165.2600,411.215,2051.9626,4.99
165.2800,411.947,2055.6155,4.99
165.3000,464.523,2318.8989,4.992
165.3200,411.093,2052.1763,4.992
165.3400,413.045,2061.0945,4.99
165.3600,410.849,2050.9583,4.992
165.3800,413.167,2061.7031,4.99
165.4000,410.118,2047.3092,4.992
165.4200,412.435,2057.2258,4.988
165.4400,410.971,2050.7451,4.99
165.4600,413.411,2063.7478,4.992
165.4800,411.581,2053.7891,4.99
165.5000,412.313,2056.6172,4.988
165.5200,413.777,2063.9197,4.988
165.5400,412.435,2057.2258,4.988
165.5600,423.292,2112.2271,4.99
165.5800,593.707,2957.8481,4.982
165.6000,750.947,3741.218,4.982
165.6200,742.53,3699.2844,4.982
165.6400,734.357,3662.9727,4.988
165.6600,718.255,3582.656,4.988
165.6800,731.429,3651.2937,4.992
165.7000,734.601,3665.6589,4.99
165.7200,1014.56,5052.5088,4.98
165.7400,1040.543,5190.228,4.988
165.7600,1016.146,5066.5039,4.986
165.7800,1018.097,5080.3037,4.99
165.8000,1013.828,5059.0015,4.99
165.8200,736.065,3681.7971,5.002
165.8400,740.7,3700.5371,4.996
165.8600,728.258,3635.4639,4.992
165.8800,732.649,3658.8491,4.994
165.9000,736.065,3674.4365,4.992
165.9200,736.065,3675.9087,4.994
165.9400,735.821,3673.2185,4.992
165.9600,731.552,3648.9814,4.988
165.9800,732.405,3656.166,4.992
166.0000,727.648,3632.4189,4.992
166.0200,736.675,3676.0081,4.99
166.0400,740.456,3697.8372,4.994
166.0600,746.068,3724.3716,4.992
166.0800,735.211,3667.2324,4.988
166.1000,737.285,3682.0012,4.994
166.1200,748.02,3731.1238,4.988
166.1400,742.164,3703.3982,4.99
166.1600,733.991,3661.1472,4.988
166.1800,736.675,3676.0081,4.99
166.2000,741.066,3697.9189,4.99
166.2200,740.578,3695.4841,4.99
166.2400,733.259,3658.9622,4.99
166.2600,740.456,3693.3945,4.988
166.2800,735.455,3666.9788,4.986
166.3000,751.313,3747.5491,4.988
166.3200,734.723,3664.7983,4.988
166.3400,737.041,3676.3606,4.988
166.3600,741.554,3698.8713,4.988
166.3800,744.36,3715.8452,4.992
166.4000,747.41,3728.0808,4.988
166.4200,733.991,3662.615,4.99
166.4400,730.942,3648.8625,4.992
166.4600,1018.829,5071.731,4.978
166.4800,1018.829,5075.8057,4.982
166.5000,1018.849,5082.0186,4.988
166.5200,1044.344,5213.3652,4.992
166.5400,1033.609,5155.6416,4.988
166.5600,750.962,3757.814,5.004
166.5800,765.722,3824.0156,4.994
166.6000,729.248,3640.406,4.992
166.6200,742.422,3703.2009,4.988
166.6400,739.129,3688.2537,4.99
166.6600,741.446,3699.8152,4.99
166.6800,736.811,3678.1604,4.992
166.7000,728.638,3634.4463,4.988
166.7200,751.693,3750.9478,4.99
166.7400,743.154,3708.3381,4.99
166.7600,729.37,3639.5562,4.99
166.7800,756.451,3770.1519,4.984
166.8000,741.69,3702.5166,4.992
166.8200,740.593,3697.0405,4.992
166.8400,745.838,3720.24,4.988
166.8600,771.7,3847.6963,4.986
166.8800,748.888,3735.4534,4.988
166.9000,739.007,3687.6448,4.99
166.9200,749.498,3738.4958,4.988
166.9400,742.666,3707.3889,4.992
166.9600,747.668,3729.3682,4.988
166.9800,739.861,3691.9062,4.99
167.0000,745.594,3722.0054,4.992
167.0200,740.958,3697.3804,4.99
167.0400,741.568,3700.4241,4.99
167.0600,738.763,3687.905,4.992
167.0800,738.153,3681.9072,4.988
167.1000,745.228,3717.1973,4.988
167.1200,747.912,3730.585,4.988
167.1400,748.4,3736.0129,4.992
167.1600,737.177,3678.5132,4.99
167.1800,738.153,3683.3833,4.99
167.2000,741.08,3696.5071,4.988
167.2200,765.966,3820.6384,4.988
167.2400,750.596,3746.9753,4.992
167.2600,734.249,3663.9023,4.99
167.2800,756.817,3775.0032,4.988
167.3000,736.323,3675.7244,4.992
167.3200,739.617,3692.1682,4.992
167.3400,773.407,3856.2073,4.986
167.3600,745.838,3720.24,4.988
167.3800,743.642,3709.2864,4.988
167.4000,738.397,3683.124,4.988
167.4200,729.736,3642.8423,4.992
167.4400,735.103,3668.1638,4.99
167.4600,723.392,3609.7261,4.99
167.4800,719.854,3593.5112,4.992
167.5000,713.389,3559.8108,4.99
167.5200,718.879,3587.2063,4.99
167.5400,718.025,3581.5088,4.988
167.5600,718.513,3586.8169,4.992
167.5800,730.467,3642.1084,4.986
167.6000,720.342,3597.3879,4.994
167.6200,719.854,3592.0713,4.99
167.6400,721.806,3603.2559,4.992
167.6600,728.272,3635.5337,4.992
167.6800,733.517,3661.717,4.992
167.7000,741.934,3702.2505,4.99
167.7200,749.742,3742.7122,4.992
167.7400,735.211,3667.2324,4.988
167.7600,722.646,3604.5581,4.988
167.7800,739.481,3691.4893,4.992
167.8000,728.014,3632.7896,4.99
167.8200,732.771,3655.0618,4.988
167.8400,734.845,3666.8762,4.99
167.8600,733.381,3661.0378,4.992
167.8800,742.408,3703.1311,4.988
167.9000,750.215,3742.0725,4.988
167.9200,730.21,3640.8271,4.986
167.9400,730.698,3647.6445,4.992
167.9600,728.868,3638.509,4.992
167.9800,729.112,3638.2688,4.99
168.0000,743.628,3709.2163,4.988
168.0200,745.702,3719.5615,4.988
168.0400,660.067,3297.6946,4.996
168.0600,742.896,3707.0508,4.99
168.0800,727.16,3627.074,4.988
168.1000,690.93,3446.3586,4.988
168.1200,726.916,3625.8569,4.988
168.1400,743.14,3703.8101,4.984
168.1600,731.552,3651.9077,4.992
168.1800,670.68,3348.0347,4.992
168.2000,733.747,3662.8652,4.992
168.2200,727.404,3629.7458,4.99
168.2400,726.428,3623.4226,4.988
168.2600,728.258,3634.0073,4.99
168.2800,752.899,3758.4719,4.992
168.3000,480.626,2403.1301,5
168.3200,542.839,2710.938,4.994
168.3400,539.789,2692.4675,4.988
168.3600,477.576,2385.0144,4.994
168.3800,538.813,2686.5215,4.986
168.4000,537.105,2681.228,4.992
168.4200,457.204,2283.2769,4.994
168.4400,413.289,2064.7917,4.996
168.4600,410.971,2050.7451,4.99
168.4800,413.289,2063.1387,4.992
168.5000,420.486,2098.2251,4.99
168.5200,413.167,2060.877,4.988
168.5400,412.801,2059.877,4.99
168.5600,412.313,2058.2666,4.992
168.5800,412.191,2056.833,4.99
168.6000,411.459,2053.1804,4.99
168.6200,413.533,2063.5295,4.99
168.6400,412.069,2057.0486,4.992
168.6600,413.899,2065.356,4.99
168.6800,411.581,2053.7891,4.99
168.7000,414.631,2069.0085,4.99
168.7200,411.581,2052.9661,4.988
168.7400,413.159,2060.8372,4.988
168.7600,411.94,2054.7566,4.988
168.7800,413.525,2064.3169,4.992
168.8000,410.598,2048.0627,4.988
168.8200,413.281,2063.0989,4.992
168.8400,411.574,2053.7542,4.99
168.8600,413.647,2064.9258,4.992
168.8800,411.086,2050.4968,4.988
168.9000,413.891,2065.3159,4.99
168.9200,410.598,2048.0627,4.988
168.9400,414.135,2067.3621,4.992
168.9600,410.72,2047.85,4.986
168.9800,413.281,2063.0989,4.992
169.0000,412.427,2058.0107,4.99
169.0200,412.183,2055.9688,4.988
169.0400,423.04,2109.2776,4.986
169.0600,413.403,2061.2275,4.986
169.0800,412.671,2059.228,4.99
169.1000,411.94,2054.7566,4.988
169.1200,414.379,2067.7512,4.99
169.1400,412.183,2056.7932,4.99
169.1600,413.525,2064.3169,4.992
169.1800,410.232,2047.0576,4.99
169.2000,414.623,2068.1394,4.988
169.2200,412.062,2055.3652,4.988
169.2400,414.013,2066.7529,4.992
169.2600,411.208,2051.1055,4.988
169.2800,414.379,2068.5801,4.992
169.3000,410.72,2049.4927,4.99
169.3200,547.586,2728.0735,4.982
169.3400,534.289,2665.0334,4.988
169.3600,536.607,2677.6687,4.99
169.3800,563.688,2812.803,4.99
169.4000,412.549,2059.4448,4.992
169.4200,411.33,2052.5366,4.99
169.4400,412.062,2056.1895,4.99
169.4600,413.769,2064.7073,4.99
169.4800,412.305,2057.4019,4.99
169.5000,413.647,2064.0984,4.99
169.5200,418.161,2085.7871,4.988
169.5400,414.257,2067.1423,4.99
169.5600,418.161,2086.6233,4.99
169.5800,414.501,2069.189,4.992
169.6000,411.086,2051.3191,4.99
169.6200,415.477,2073.23,4.99
169.6400,411.696,2054.363,4.99
169.6600,428.163,2136.5332,4.99
169.6800,411.086,2050.4968,4.988
169.7000,412.793,2059.8369,4.99
169.7200,410.598,2048.8838,4.99
169.7400,412.305,2059.051,4.994
169.7600,411.208,2051.928,4.99
169.7800,412.915,2060.4458,4.99
169.8000,412.062,2055.3652,4.988
169.8200,413.159,2061.6633,4.99
169.8400,411.086,2050.4968,4.988
169.8600,412.183,2055.9688,4.988
169.8800,414.501,2068.3599,4.99
169.9000,412.305,2056.5771,4.988
169.9200,413.159,2062.4897,4.992
169.9400,411.696,2053.5398,4.988
169.9600,412.793,2060.6626,4.992
169.9800,412.305,2056.5771,4.988
170.0000,414.257,2067.9709,4.992
170.0200,411.452,2053.1453,4.99
170.0400,413.403,2063.708,4.992
170.0600,410.72,2049.4927,4.99
170.0800,419.868,2094.3015,4.988
170.1000,410.72,2049.4927,4.99
170.1200,413.769,2066.3625,4.994
170.1400,411.208,2051.928,4.99
170.1600,417.673,2085.0237,4.992
170.1800,414.257,2066.3137,4.988
170.2000,413.769,2064.7073,4.99
170.2200,410.232,2045.4167,4.986
170.2400,413.03,2061.0195,4.99
170.2600,410.834,2050.8835,4.992
170.2800,412.42,2057.9758,4.99
170.3000,412.054,2056.9736,4.992
170.3200,412.176,2057.5825,4.992
170.3400,411.444,2053.9285,4.992
170.3600,412.054,2056.1494,4.99
170.3800,411.81,2055.7556,4.992
170.4000,411.688,2054.323,4.99
170.4200,414.005,2065.8848,4.99
170.4400,411.81,2055.7556,4.992
170.4600,412.786,2060.6279,4.992
170.4800,411.81,2054.9319,4.99
170.5000,414.607,2068.0596,4.988
170.5200,465.229,2318.7014,4.984
170.5400,427.171,2130.7288,4.988
170.5600,428.513,2138.2798,4.99
170.5800,417.901,2086.1619,4.992
170.6000,426.927,2129.512,4.988
170.6200,423.268,2112.1072,4.99
170.6400,413.876,2064.4136,4.988
170.6600,421.682,2103.3499,4.988
170.6800,413.388,2062.8059,4.99
170.7000,410.46,2048.1953,4.99
170.7200,413.022,2060.1538,4.988
170.7400,413.998,2065.8499,4.99
170.7600,411.192,2051.0256,4.988
170.7800,413.754,2066.2874,4.994
170.8000,413.388,2062.8059,4.99
170.8200,414.851,2070.1064,4.99
170.8400,411.314,2052.4568,4.99
170.8600,414.12,2067.2871,4.992
170.8800,411.68,2053.4597,4.988
170.9000,414.242,2066.239,4.988
170.9200,411.436,2053.0657,4.99
170.9400,414.607,2068.0596,4.988
170.9600,411.924,2055.5007,4.99
170.9800,414.851,2070.1064,4.99
171.0000,410.582,2047.983,4.988
171.0200,413.51,2064.2419,4.992
171.0400,410.582,2048.8042,4.99
171.0600,413.266,2061.3708,4.988
171.0800,410.826,2050.0215,4.99
171.1000,412.9,2060.3708,4.99
171.1200,412.046,2055.2854,4.988
171.1400,412.778,2061.4133,4.994
171.1600,411.07,2050.4172,4.988
171.1800,412.9,2060.3708,4.99
171.2000,411.436,2052.2427,4.988
171.2200,412.29,2056.5024,4.988
171.2400,414.859,2070.1462,4.99
171.2600,411.688,2053.4998,4.988
171.2800,413.395,2064.4946,4.994
171.3000,425.472,2122.2542,4.988
171.3200,598.686,2981.4561,4.98
171.3400,433.644,2167.3528,4.998
171.3600,412.908,2062.0625,4.994
171.3800,414.371,2067.7112,4.99
171.4000,411.932,2055.5405,4.99
171.4200,420.592,2099.5955,4.992
171.4400,427.911,2135.2759,4.99
171.4600,411.2,2052.7104,4.992
171.4800,414.127,2067.322,4.992
171.5000,411.2,2051.8879,4.99
171.5200,414.249,2067.1023,4.99
171.5400,411.078,2051.2791,4.99
171.5600,414.859,2070.1462,4.99
171.5800,410.956,2049.8484,4.988
171.6000,414.493,2068.3201,4.99
171.6200,410.346,2046.8059,4.988
171.6400,414.249,2067.9309,4.992
171.6600,415.347,2073.4121,4.992
171.6800,412.542,2059.4097,4.992
171.7000,410.956,2051.4924,4.992
171.7200,413.03,2061.0195,4.99
171.7400,431.571,2152.6763,4.988
171.7600,411.932,2057.1885,4.994
171.7800,412.298,2056.5425,4.988
171.8000,411.81,2054.9319,4.99
171.8200,432.669,2159.8838,4.992
171.8400,430.229,2145.1218,4.986
171.8600,414.249,2067.9309,4.992
171.8800,411.932,2054.7168,4.988
171.9000,413.639,2064.886,4.992
171.9200,411.566,2052.8911,4.988
171.9400,414.005,2065.8848,4.99
171.9600,411.81,2054.9319,4.99
171.9800,414.615,2069.7581,4.992
172.0000,410.712,2049.4529,4.99
172.0200,413.761,2065.4949,4.992
172.0400,410.712,2047.8101,4.986
172.0600,413.639,2063.2314,4.988
172.0800,411.688,2054.323,4.99
172.1000,413.395,2063.6677,4.992
172.1200,410.102,2046.4088,4.99
172.1400,414.005,2065.0569,4.988
172.1600,411.322,2051.6741,4.988
172.1800,412.786,2058.1511,4.986
172.2000,410.712,2048.6313,4.988
172.2200,412.42,2057.1509,4.988
172.2400,414.005,2065.8848,4.99
172.2600,418.153,2085.7473,4.988
172.2800,414.005,2065.8848,4.99
172.3000,410.59,2048.844,4.99
172.3200,414.371,2067.7112,4.99
172.3400,410.956,2049.8484,4.988
172.3600,414.371,2068.54,4.992
172.3800,410.956,2050.6704,4.99
172.4000,422.178,2107.5127,4.992
172.4200,410.834,2049.24,4.988
172.4400,413.274,2061.4106,4.988
172.4600,417.055,2080.2703,4.988
172.4800,413.274,2063.0637,4.992
172.5000,410.834,2049.24,4.988
172.5200,412.42,2057.1509,4.988
172.5400,412.176,2056.7581,4.99
172.5600,412.42,2057.9758,4.99
172.5800,412.542,2057.7595,4.988
172.6000,412.542,2059.4097,4.992
172.6200,412.786,2059.802,4.99
172.6400,412.176,2055.9338,4.988
172.6600,413.761,2065.4949,4.992
172.6800,412.054,2056.1494,4.99
172.7000,414.249,2067.9309,4.992
172.7200,411.932,2055.5405,4.99
172.7400,415.835,2075.8484,4.992
172.7600,411.81,2055.7556,4.992
172.7800,418.763,2089.6272,4.99
172.8000,410.834,2049.24,4.988
172.8200,413.761,2064.6672,4.99
172.8400,410.468,2047.4143,4.988
172.8600,413.274,2062.2371,4.99
172.8800,410.59,2048.0229,4.988
172.9000,413.517,2063.4497,4.99
172.9200,410.102,2045.5887,4.988
172.9400,412.908,2060.4109,4.99
172.9600,416.689,2079.2781,4.99
172.9800,413.517,2062.6228,4.988
173.0000,413.517,2062.6228,4.988
173.0200,412.176,2055.1096,4.986
173.0400,413.639,2063.2314,4.988
173.0600,411.2,2052.7104,4.992
173.0800,413.03,2061.0195,4.99
173.1000,413.883,2066.104,4.992
173.1200,414.493,2068.3201,4.99
173.1400,411.322,2051.6741,4.988
173.1600,414.859,2070.9763,4.992
173.1800,411.688,2055.1465,4.992
173.2000,435.352,2172.4062,4.99
173.2200,608.444,3030.051,4.98
173.2400,774.949,3862.3459,4.984
173.2600,741.282,3696.032,4.986
173.2800,734.817,3665.2673,4.988
173.3000,725.303,3620.7126,4.992
173.3200,734.207,3662.2244,4.988
173.3400,1014.521,5046.2275,4.974
173.3600,1007.69,5020.3115,4.982
173.3800,1035.624,5161.5503,4.984
173.4000,1025.988,5115.5762,4.986
173.4200,1023.304,5110.3804,4.994
173.4400,1015.985,5067.7329,4.988
173.4600,737.257,3687.7595,5.002
173.4800,732.134,3656.2771,4.994
173.5000,737.501,3681.605,4.992
173.5200,735.549,3670.3894,4.99
173.5400,733.841,3660.3989,4.988
173.5600,736.403,3674.6509,4.99
173.5800,735.549,3668.9185,4.988
173.6000,727.498,3631.6699,4.992
173.6200,735.793,3671.6069,4.99
173.6400,730.182,3645.0686,4.992
173.6600,730.06,3644.4595,4.992
173.6800,739.087,3686.5657,4.988
173.7000,742.746,3709.2734,4.994
173.7200,722.619,3605.8687,4.99
173.7400,730.196,3643.6777,4.99
173.7600,748.005,3734.041,4.992
173.7800,746.542,3725.2444,4.99
173.8000,731.416,3649.7659,4.99
173.8200,734.709,3667.6672,4.992
173.8400,727.268,3629.0671,4.99
173.8600,736.783,3676.5471,4.99
173.8800,723.731,3612.8652,4.992
173.9000,738.003,3682.6348,4.99
173.9200,736.173,3672.0308,4.988
173.9400,785.821,3921.2466,4.99
173.9600,735.319,3670.7124,4.992
173.9800,735.441,3668.3796,4.988
174.0000,740.808,3696.6316,4.99
174.0200,740.32,3692.7161,4.988
174.0400,743.37,3710.9031,4.992
174.0600,733.733,3662.7952,4.992
174.0800,727.512,3631.74,4.992
174.1000,1002.22,4993.0596,4.982
174.1200,1013.199,5047.7573,4.982
174.1400,1038.8149,5183.6865,4.99
174.1600,1020.884,5092.1689,4.988
174.1800,1030.886,5137.936,4.984
174.2000,787.284,3939.5693,5.004
174.2200,738.979,3693.4172,4.998
174.2400,741.052,3702.2957,4.996
174.2600,735.441,3671.3215,4.992
174.2800,745.322,3716.1755,4.986
174.3000,742.15,3704.813,4.992
174.3200,744.59,3716.9934,4.992
174.3400,741.052,3697.8494,4.99
174.3600,702.749,3505.312,4.988
174.3800,772.646,3855.5034,4.99
174.4000,732.514,3655.2446,4.99
174.4200,759.106,3786.4207,4.988
174.4400,743.126,3706.7124,4.988
174.4600,760.936,3795.5486,4.988
174.4800,744.956,3717.3303,4.99
174.5000,750.323,3744.1116,4.99
174.5200,749.469,3741.3494,4.992
174.5400,744.59,3715.5042,4.99
174.5600,748.859,3736.8064,4.99
174.5800,745.2,3720.0386,4.992
174.6000,747.274,3728.897,4.99
174.6200,740.564,3693.9333,4.988
174.6400,753.983,3762.3748,4.99
174.6600,766.547,3823.5364,4.988
174.6800,748.981,3735.9172,4.988
174.7000,746.908,3727.0708,4.99
174.7200,742.394,3703.061,4.988
174.7400,742.136,3703.2583,4.99
174.7600,747.747,3732.7532,4.992
174.7800,759.214,3788.4775,4.99
174.8000,732.622,3655.7837,4.99
174.8200,752.505,3756.5051,4.992
174.8400,742.99,3707.5198,4.99
174.8600,737.867,3679.0049,4.986
174.8800,745.796,3721.522,4.99
174.9000,746.893,3726.9958,4.99
174.9200,736.037,3674.2966,4.992
174.9400,739.209,3690.1313,4.992
174.9600,737.745,3682.823,4.992
174.9800,747.381,3727.9363,4.988
175.0000,749.089,3736.4558,4.988
175.0200,743.356,3707.8599,4.988
175.0400,728.474,3635.0852,4.99
175.0600,732.012,3652.7397,4.99
175.0800,755.676,3770.8232,4.99
175.1000,723.595,3612.1863,4.992
175.1200,723.351,3608.0747,4.988
175.1400,714.934,3568.9507,4.992
175.1600,718.228,3582.5212,4.988
175.1800,726.401,3624.7407,4.99
175.2000,735.427,3669.7805,4.99
175.2200,730.67,3646.043,4.99
175.2400,733.123,3658.2834,4.99
175.2600,729.586,3640.634,4.99
175.2800,719.583,3592.1584,4.992
175.3000,742.516,3703.6697,4.988
175.3200,740.199,3693.5928,4.99
175.3400,736.295,3671.1667,4.986
175.3600,733.855,3663.4041,4.992
175.3800,731.172,3650.0107,4.992
175.4000,730.318,3644.2866,4.99
175.4200,751.421,3748.0879,4.988
175.4400,726.536,3626.8679,4.992
175.4600,725.682,3621.1531,4.99
175.4800,733.611,3659.2517,4.988
175.5000,732.893,3658.6021,4.992
175.5200,736.309,3672.7092,4.988
175.5400,725.33,3619.3967,4.99
175.5600,729.356,3642.4038,4.994
175.5800,730.332,3644.3564,4.99
175.6000,728.38,3634.616,4.99
175.6200,735.699,3669.6665,4.988
175.6400,744.36,3711.3789,4.986
175.6600,754.241,3763.6626,4.99
175.6800,691.906,3453.9949,4.992
175.7000,753.631,3759.1113,4.988
175.7200,708.618,3537.4211,4.992
175.7400,733.747,3659.9299,4.988
175.7600,723.378,3605.3162,4.984
175.7800,758.876,3785.2732,4.988
175.8000,741.31,3697.6543,4.988
175.8200,1010.656,5024.9819,4.972
175.8400,694.712,3472.1707,4.998
175.8600,733.259,3660.429,4.992
175.8800,724.964,3614.6704,4.986
175.9000,726.428,3627.7812,4.994
175.9200,738.139,3681.8372,4.988
175.9400,694.712,3469.3916,4.994
175.9600,541.009,2700.7168,4.992
175.9800,419.51,2097.55,5
176.0000,410.971,2052.3892,4.994
176.0200,413.777,2066.4023,4.994
176.0400,488.555,2435.9353,4.986
176.0600,538.447,2686.8506,4.99
176.0800,456.594,2281.1436,4.996
176.1000,414.509,2069.229,4.992
176.1200,411.215,2051.1404,4.988
176.1400,414.509,2069.229,4.992
176.1600,411.215,2051.9626,4.99
176.1800,412.435,2059.7004,4.994
176.2000,411.337,2052.5715,4.99
176.2200,415.973,2076.5371,4.992
176.2400,411.467,2053.2202,4.99
176.2600,413.053,2061.9607,4.992
176.2800,411.589,2053.0059,4.988
176.3000,413.907,2066.2239,4.992
176.3200,413.175,2062.5696,4.992
176.3400,411.223,2051.1802,4.988
176.3600,415.981,2076.5771,4.992
176.3800,411.955,2055.6553,4.99
176.4000,413.297,2062.3518,4.99
176.4200,411.467,2051.5745,4.986
176.4400,415.005,2071.7051,4.992
176.4600,411.833,2055.0466,4.99
176.4800,413.907,2064.5681,4.988
176.5000,410.247,2045.4916,4.986
176.5200,413.663,2065.833,4.994
176.5400,411.101,2050.5718,4.988
176.5600,413.053,2061.9607,4.992
176.5800,411.467,2052.3975,4.988
176.6000,413.663,2064.1782,4.99
176.6200,410.735,2049.5674,4.99
176.6400,413.297,2062.3518,4.99
176.6600,430.131,2145.4934,4.988
176.6800,412.199,2056.873,4.99
176.7000,411.223,2052.0027,4.99
176.7200,413.053,2061.9607,4.992
176.7400,414.387,2067.791,4.99
176.7600,412.069,2056.2241,4.99
176.7800,414.387,2067.791,4.99
176.8000,411.703,2054.3979,4.99
176.8200,414.387,2067.791,4.99
176.8400,414.509,2067.5708,4.988
176.8600,414.875,2070.2261,4.99
176.8800,410.727,2048.7063,4.988
176.9000,414.875,2071.0562,4.992
176.9200,410.727,2050.3491,4.992
176.9400,414.143,2066.5735,4.99
176.9600,409.996,2044.2401,4.986
176.9800,414.631,2069.0085,4.99
177.0000,410.483,2048.3101,4.99
177.0200,412.801,2059.877,4.99
177.0400,409.752,2043.843,4.988
177.0600,413.411,2063.7478,4.992
177.0800,410.24,2047.0974,4.99
177.1000,412.923,2059.6599,4.988
177.1200,410.483,2047.4891,4.988
177.1400,412.923,2061.3118,4.992
177.1600,410.727,2049.5276,4.99
177.1800,412.679,2058.4426,4.988
177.2000,411.703,2053.5745,4.988
177.2200,412.679,2059.2681,4.99
177.2400,413.907,2065.396,4.99
177.2600,412.321,2056.6572,4.988
177.2800,414.517,2070.0979,4.994
177.3000,411.711,2053.6145,4.988
177.3200,421.714,2104.3528,4.99
177.3400,410.979,2049.9631,4.988
177.3600,420.982,2101.5422,4.992
177.3800,537.969,2681.2375,4.984
177.4000,535.042,2669.8594,4.99
177.4200,537.603,2682.6389,4.99
177.4400,535.652,2671.832,4.988
177.4600,437.329,2184.8958,4.996
177.4800,410.735,2051.2104,4.994
177.5000,414.273,2067.2222,4.99
177.5200,410.979,2050.7852,4.99
177.5400,423.544,2113.4844,4.99
177.5600,429.522,2142.4558,4.988
177.5800,437.817,2183.8311,4.988
177.6000,423.666,2114.9407,4.992
177.6200,418.177,2086.7031,4.99
177.6400,413.541,2064.3967,4.992
177.6600,412.809,2059.9167,4.99
177.6800,413.297,2062.3518,4.99
177.7000,411.223,2052.0027,4.99
177.7200,412.687,2059.3081,4.99
177.7400,411.589,2053.0059,4.988
177.7600,411.459,2052.3574,4.988
177.7800,421.096,2102.1113,4.992
177.8000,412.435,2058.8755,4.992
177.8200,414.265,2067.1824,4.99
177.8400,411.825,2055.0068,4.99
177.8600,414.875,2071.0562,4.992
177.8800,412.191,2056.0088,4.988
177.9000,414.021,2067.6208,4.994
177.9200,410.483,2048.3101,4.99
177.9400,413.899,2065.356,4.99
177.9600,414.875,2069.3965,4.988
177.9800,414.021,2065.9646,4.99
178.0000,410.727,2048.7063,4.988
178.0200,414.021,2065.9646,4.99
178.0400,410.118,2045.6686,4.988
178.0600,412.923,2060.4856,4.99
178.0800,410.727,2049.5276,4.99
178.1000,412.069,2057.0486,4.992
178.1200,412.801,2060.7026,4.992
178.1400,411.825,2055.0068,4.99
178.1600,412.435,2058.8755,4.992
178.1800,412.435,2058.0505,4.99
178.2000,412.435,2057.2258,4.988
178.2200,411.703,2054.3979,4.99
178.2400,413.777,2065.575,4.992
178.2600,410.735,2049.5674,4.99
178.2800,415.127,2070.6536,4.988
178.3000,426.716,2129.3127,4.99
178.3200,414.395,2067.8308,4.99
178.3400,410.857,2049.3547,4.988
178.3600,414.029,2066.0046,4.99
178.3800,410.125,2044.8833,4.986
178.4000,414.517,2068.4397,4.99
178.4200,410.979,2049.1414,4.986
178.4400,414.029,2066.8328,4.992
178.4600,410.735,2048.7461,4.988
178.4800,413.541,2063.5693,4.99
178.5000,411.833,2055.0466,4.99
178.5200,412.687,2058.4827,4.988
178.5400,411.467,2053.2202,4.99
178.5600,412.565,2059.5244,4.992
178.5800,412.565,2059.5244,4.992
178.6000,413.907,2065.396,4.99
178.6200,413.297,2063.1787,4.992
178.6400,412.565,2057.8743,4.988
178.6600,414.639,2070.7073,4.994
178.6800,411.955,2054.8315,4.988
178.7000,414.639,2069.0486,4.99
178.7200,411.101,2049.7498,4.986
178.7400,414.883,2070.2661,4.99
178.7600,410.24,2047.0974,4.99
178.7800,414.509,2068.3999,4.99
178.8000,411.581,2052.9661,4.988
178.8200,415.119,2070.6135,4.988
178.8400,411.093,2049.7097,4.986
178.8600,413.045,2061.0945,4.99
178.8800,409.63,2043.2344,4.988
178.9000,412.679,2059.2681,4.99
178.9200,410.361,2047.7013,4.99
178.9400,412.679,2060.0935,4.992
178.9600,410.849,2050.1365,4.99
178.9800,413.045,2061.0945,4.99
179.0000,413.167,2062.5298,4.992
179.0200,412.069,2055.4001,4.988
179.0400,413.533,2064.3567,4.992
179.0600,411.459,2052.3574,4.988
179.0800,413.655,2064.9658,4.992
179.1000,411.337,2051.749,4.988
179.1200,414.143,2067.4019,4.992
179.1400,411.825,2055.0068,4.99
179.1600,414.753,2070.447,4.992
179.1800,410.727,2049.5276,4.99
179.2000,414.875,2070.2261,4.99
179.2200,410.971,2051.5674,4.992
179.2400,415.119,2070.6135,4.988
179.2600,410.971,2049.9233,4.988
179.2800,413.289,2062.312,4.99
179.3000,410.605,2048.0977,4.988
179.3200,413.411,2062.9209,4.99
179.3400,411.703,2054.3979,4.99
179.3600,412.435,2058.8755,4.992
179.3800,411.581,2052.9661,4.988
179.4000,538.081,2683.948,4.988
179.4200,534.178,2664.4797,4.988
179.4400,411.215,2054.4299,4.996
179.4600,413.899,2067.0115,4.994
179.4800,411.093,2051.354,4.99
179.5000,414.631,2069.8381,4.992
179.5200,410.849,2050.1365,4.99
179.5400,414.021,2065.9646,4.99
179.5600,410.849,2049.3147,4.988
179.5800,413.777,2065.575,4.992
179.6000,411.581,2054.6123,4.992
179.6200,431.465,2153.0103,4.99
179.6400,410.118,2046.4888,4.99
179.6600,412.679,2059.2681,4.99
179.6800,410.361,2047.7013,4.99
179.7000,413.167,2061.7031,4.99
179.7200,411.459,2053.1804,4.99
179.7400,411.337,2053.3943,4.992
179.7600,415.249,2072.9231,4.992
179.7800,411.589,2053.8289,4.99
179.8000,414.273,2068.8794,4.994
179.8200,410.613,2048.9587,4.99
179.8400,414.761,2070.4868,4.992
179.8600,411.589,2052.1826,4.986
179.8800,414.883,2070.2661,4.99
179.9000,411.711,2055.2612,4.992
179.9200,415.005,2070.875,4.99
179.9400,411.711,2053.6145,4.988
179.9600,423.788,2115.5498,4.992
179.9800,410.369,2046.9205,4.988
180.0000,412.931,2058.874,4.986
180.0200,410.735,2048.7461,4.988
180.0400,413.053,2061.1345,4.99
180.0600,412.321,2056.6572,4.988
180.0800,412.443,2058.9155,4.992
180.1000,412.443,2058.9155,4.992
180.1200,412.199,2056.0486,4.988
180.1400,412.199,2057.6975,4.992
180.1600,412.321,2058.3066,4.992
180.1800,413.785,2065.6147,4.992
180.2000,411.345,2052.6116,4.99
180.2200,413.907,2064.5681,4.988
180.2400,411.711,2053.6145,4.988
180.2600,419.632,2094.803,4.992
180.2800,411.703,2053.5745,4.988
180.3000,414.997,2071.665,4.992
180.3200,410.605,2048.9189,4.99
180.3400,414.753,2071.2764,4.994
180.3600,410.483,2047.4891,4.988
180.3800,413.289,2063.1387,4.992
180.4000,410.24,2047.9181,4.992
180.4200,413.045,2061.9207,4.992
180.4400,409.508,2043.4448,4.99
180.4600,413.899,2064.5281,4.988
180.4800,417.193,2080.9585,4.988
180.5000,412.679,2058.4426,4.988
180.5200,413.777,2065.575,4.992
180.5400,411.825,2054.1831,4.988
180.5600,414.265,2067.1824,4.99
180.5800,412.191,2056.0088,4.988
180.6000,413.655,2064.1384,4.99
180.6200,411.581,2053.7891,4.99
180.6400,414.265,2066.3538,4.988
180.6600,412.435,2058.0505,4.99
180.6800,414.387,2067.791,4.99
180.7000,411.337,2052.5715,4.99
180.7200,414.143,2067.4019,4.992
180.7400,411.825,2055.8306,4.992
180.7600,413.655,2063.311,4.988
180.7800,409.996,2045.88,4.99
180.8000,413.533,2063.5295,4.99
180.8200,410.118,2045.6686,4.988
180.8400,420.486,2098.2251,4.99
180.8600,410.849,2050.9583,4.992
180.8800,412.679,2059.2681,4.99
180.9000,414.265,2068.011,4.992
180.9200,413.777,2064.7471,4.99
180.9400,411.825,2055.0068,4.99
180.9600,412.191,2056.833,4.99
180.9800,412.679,2059.2681,4.99
181.0000,414.631,2069.0085,4.99
181.0200,414.265,2067.1824,4.99
181.0400,411.337,2054.217,4.994
181.0600,414.265,2067.1824,4.99
181.0800,410.849,2050.1365,4.99
181.1000,414.509,2069.229,4.992
181.1200,411.947,2055.6155,4.99
181.1400,414.997,2070.835,4.99
181.1600,411.947,2054.7915,4.988
181.1800,415.363,2072.6614,4.99
181.2000,410.483,2048.3101,4.99
181.2200,414.265,2068.011,4.992
181.2400,410.971,2050.7451,4.99
181.2600,413.655,2063.311,4.988
181.2800,592.731,2951.8005,4.98
181.3000,429.147,2143.1602,4.994
181.3200,426.342,2128.2993,4.992
181.3400,423.17,2111.6182,4.99
181.3600,424.024,2115.8796,4.99
181.3800,425.488,2122.3342,4.988
181.4000,546.01,2721.314,4.984
181.4200,412.313,2059.0911,4.994
181.4400,411.337,2054.217,4.994
181.4600,412.069,2057.0486,4.992
181.4800,412.557,2057.8342,4.988
181.5000,415.973,2076.5371,4.992
181.5200,412.923,2060.4856,4.99
181.5400,415.485,2073.27,4.99
181.5600,411.093,2051.354,4.99
181.5800,414.875,2070.2261,4.99
181.6000,411.093,2051.354,4.99
181.6200,414.509,2067.5708,4.988
181.6400,411.337,2051.749,4.988
181.6600,414.509,2068.3999,4.99
181.6800,410.605,2048.0977,4.988
181.7000,413.899,2066.1838,4.992
181.7200,410.971,2049.1016,4.986
181.7400,413.899,2064.5281,4.988
181.7600,412.443,2058.0903,4.99
181.7800,412.199,2056.873,4.99
181.8000,412.443,2057.2656,4.988
181.8200,412.931,2059.6997,4.988
181.8400,412.443,2058.0903,4.99
181.8600,411.467,2052.3975,4.988
181.8800,413.053,2061.1345,4.99
181.9000,412.077,2055.4399,4.988
181.9200,414.517,2069.2688,4.992
181.9400,411.955,2055.6553,4.99
181.9600,414.883,2069.4363,4.988
181.9800,412.077,2055.4399,4.988
182.0000,413.785,2064.7871,4.99
182.0200,410.857,2050.1763,4.99
182.0400,415.249,2072.0923,4.99
182.0600,411.101,2050.5718,4.988
182.0800,414.517,2069.2688,4.992
182.1000,411.589,2053.8289,4.99
182.1200,413.663,2065.0056,4.992
182.1400,419.518,2092.5557,4.988
182.1600,413.175,2060.9167,4.988
182.1800,411.101,2051.394,4.99
182.2000,412.199,2056.873,4.99
182.2200,411.467,2052.3975,4.988
182.2400,413.053,2060.3083,4.988
182.2600,431.831,2156.564,4.994
182.2800,412.069,2057.0486,4.992
182.3000,415.119,2073.1042,4.994
182.3200,411.337,2053.3943,4.992
182.3400,414.265,2068.011,4.992
182.3600,411.337,2053.3943,4.992
182.3800,414.143,2067.4019,4.992
182.4000,410.971,2050.7451,4.99
182.4200,414.509,2069.229,4.992
182.4400,411.581,2053.7891,4.99
182.4600,414.509,2069.229,4.992
182.4800,411.337,2052.5715,4.99
182.5000,413.777,2064.7471,4.99
182.5200,411.215,2051.9626,4.99
182.5400,413.045,2061.0945,4.99
182.5600,419.145,2090.6951,4.988
182.5800,412.435,2058.0505,4.99
182.6000,412.313,2057.4417,4.99
182.6200,412.313,2055.7925,4.986
182.6400,424.39,2117.7061,4.99
182.6600,419.388,2092.7461,4.99
182.6800,413.533,2063.5295,4.99
182.7000,411.703,2053.5745,4.988
182.7200,412.923,2062.1375,4.994
182.7400,411.825,2055.0068,4.99
182.7600,419.03,2091.7979,4.992
182.7800,411.223,2052.0027,4.99
182.8000,415.127,2072.3142,4.992
182.8200,411.223,2051.1802,4.988
182.8400,413.663,2064.1782,4.99
182.8600,410.979,2049.9631,4.988
182.8800,413.907,2066.2239,4.992
182.9000,411.101,2051.394,4.99
182.9200,414.151,2066.6133,4.99
182.9400,411.833,2055.0466,4.99
182.9600,415.859,2075.9683,4.992
182.9800,409.271,2042.2622,4.99
183.0000,412.199,2056.873,4.99
183.0200,413.053,2061.1345,4.99
183.0400,411.955,2055.6553,4.99
183.0600,413.541,2063.5693,4.99
183.0800,411.955,2054.8315,4.988
183.1000,414.029,2066.8328,4.992
183.1200,412.565,2057.8743,4.988
183.1400,414.273,2067.2222,4.99
183.1600,411.589,2053.8289,4.99
183.1800,421.226,2102.7603,4.992
183.2000,415.615,2073.9187,4.99
183.2200,415.615,2073.9187,4.99
183.2400,411.467,2052.3975,4.988
183.2600,413.777,2064.7471,4.99
183.2800,410.483,2049.1311,4.992
183.3000,413.289,2062.312,4.99
183.3200,409.874,2044.4514,4.988
183.3400,413.045,2061.0945,4.99
183.3600,418.169,2085.8269,4.988
183.3800,412.801,2060.7026,4.992
183.4000,411.337,2051.749,4.988
183.4200,470.623,2348.4087,4.99
183.4400,412.313,2057.4417,4.99
183.4600,415.607,2073.8789,4.99
183.4800,411.825,2055.0068,4.99
183.5000,414.021,2066.793,4.992
183.5200,411.337,2051.749,4.988
183.5400,414.143,2066.5735,4.99
183.5600,412.801,2059.877,4.99
183.5800,428.537,2138.3994,4.99
183.6000,423.17,2113.311,4.994
183.6200,420.73,2099.4426,4.99
183.6400,434.881,2170.926,4.992
183.6600,417.437,2083.0105,4.99
183.6800,411.825,2055.0068,4.99
183.7000,416.827,2081.634,4.994
183.7200,412.679,2059.2681,4.99
183.7400,412.313,2058.2666,4.992
183.7600,411.833,2055.0466,4.99
183.7800,414.883,2071.0959,4.992
183.8000,410.857,2050.1763,4.99
183.8200,422.446,2109.6953,4.994
183.8400,413.053,2061.9607,4.992
183.8600,414.151,2067.4419,4.992
183.8800,411.955,2056.4792,4.992
183.9000,413.175,2061.7432,4.99
183.9200,410.491,2048.3501,4.99
183.9400,415.127,2072.3142,4.992
183.9600,409.515,2043.4799,4.99
183.9800,413.907,2064.5681,4.988
184.0000,411.345,2053.4343,4.992
184.0200,413.175,2061.7432,4.99
184.0400,410.979,2050.7852,4.99
184.0600,419.274,2091.3386,4.988
184.0800,420.86,2100.9331,4.992
184.1000,418.542,2088.5244,4.99
184.1200,421.104,2102.1511,4.992
184.1400,417.445,2083.0505,4.99
184.1600,412.565,2059.5244,4.992
184.1800,410.613,2048.9587,4.99
184.2000,413.541,2064.3967,4.992
184.2200,412.321,2058.3066,4.992
184.2400,413.419,2062.9607,4.99
184.2600,412.687,2060.1335,4.992
184.2800,411.711,2053.6145,4.988
184.3000,413.663,2065.0056,4.992
184.3200,411.345,2052.6116,4.99
184.3400,413.663,2064.1782,4.99
184.3600,411.711,2055.2612,4.992
184.3800,414.517,2068.4397,4.99
184.4000,411.711,2054.4377,4.99
184.4200,414.517,2069.2688,4.992
184.4400,411.833,2054.2229,4.988
184.4600,415.371,2072.7012,4.99
184.4800,412.443,2057.2656,4.988
184.5000,413.175,2061.7432,4.99
184.5200,410.369,2046.0999,4.986
184.5400,414.395,2067.8308,4.99
184.5600,410.003,2045.0948,4.988
184.5800,413.541,2063.5693,4.99
184.6000,411.589,2053.0059,4.988
184.6200,412.565,2058.6992,4.99
184.6400,413.175,2060.9167,4.988
184.6600,413.053,2061.1345,4.99
184.6800,410.979,2050.7852,4.99
184.7000,412.077,2055.4399,4.988
184.7200,415.615,2072.2563,4.986
184.7400,413.419,2062.9607,4.99
184.7600,414.525,2068.4797,4.99
184.7800,412.085,2056.304,4.99
184.8000,414.647,2069.918,4.992
184.8200,411.353,2052.6514,4.99
184.8400,432.457,2157.0955,4.988
184.8600,429.408,2141.887,4.988
184.8800,415.135,2071.5237,4.99
184.9000,410.743,2049.6074,4.99
184.9200,413.427,2063.0007,4.99
184.9400,410.621,2048.1775,4.988
184.9600,414.037,2066.0444,4.99
184.9800,410.743,2049.6074,4.99
185.0000,411.719,2055.3013,4.992
185.0200,411.231,2052.0425,4.99
185.0400,412.939,2059.7397,4.988
185.0600,412.085,2056.304,4.99
185.0800,411.963,2055.6953,4.99
185.1000,410.987,2050.825,4.99
185.1200,412.817,2059.9568,4.99
185.1400,413.183,2063.436,4.994
185.1600,412.451,2057.3054,4.988
185.1800,413.305,2063.2185,4.992
185.2000,411.597,2054.6921,4.992
185.2200,415.013,2070.9148,4.99
185.2400,411.231,2052.0425,4.99
185.2600,419.648,2095.7222,4.994
185.2800,413.061,2061.1743,4.99
185.3000,413.183,2061.7832,4.99
185.3200,409.767,2044.7372,4.99
185.3400,415.257,2071.3018,4.988
185.3600,418.428,2087.1189,4.988
185.3800,413.061,2060.3481,4.988
185.4000,412.817,2060.7825,4.992
185.4200,418.672,2089.1731,4.99
185.4400,533.588,2659.4028,4.984
185.4600,430.506,2151.6692,4.998
185.4800,410.377,2047.7812,4.99
185.5000,417.819,2086.5881,4.994
185.5200,412.817,2059.9568,4.99
185.5400,412.573,2059.5645,4.992
185.5600,413.427,2063.0007,4.99
185.5800,414.525,2068.4797,4.99
185.6000,412.695,2060.1736,4.992
185.6200,412.207,2056.0884,4.988
185.6400,415.867,2076.8398,4.994
185.6600,411.475,2052.4373,4.988
185.6800,415.135,2070.6934,4.988
185.7000,412.817,2059.9568,4.99
185.7200,414.525,2068.4797,4.99
185.7400,415.013,2070.0847,4.988
185.7600,414.159,2066.6533,4.99
185.7800,411.475,2052.4373,4.988
185.8000,413.427,2063.0007,4.99
185.8200,413.183,2061.7832,4.99
185.8400,412.451,2058.9553,4.992
185.8600,411.475,2053.2603,4.99
185.8800,418.428,2087.1189,4.988
185.9000,413.915,2064.6079,4.988
185.9200,411.719,2054.4778,4.99
185.9400,416.111,2077.2261,4.992
185.9600,412.451,2058.9553,4.992
185.9800,414.647,2069.0884,4.99
186.0000,410.987,2050.825,4.99
186.0200,412.817,2060.7825,4.992
186.0400,410.011,2045.9547,4.99
186.0600,413.671,2065.0457,4.992
186.0800,410.621,2048.9988,4.99
186.1000,413.793,2065.6548,4.992
186.1200,410.987,2051.6472,4.992
186.1400,415.257,2072.1323,4.99
186.1600,411.353,2052.6514,4.99
186.1800,411.719,2055.3013,4.992
186.2000,411.475,2053.2603,4.99
186.2200,412.573,2058.7393,4.99
186.2400,411.963,2057.3433,4.994
186.2600,411.963,2054.0476,4.986
186.2800,413.427,2062.1738,4.988
186.3000,412.207,2055.2642,4.986
186.3200,413.549,2065.2637,4.994
186.3400,411.719,2054.4778,4.99
186.3600,415.135,2071.5237,4.99
186.3800,414.159,2065.825,4.988
186.4000,417.209,2081.8728,4.99
186.4200,411.109,2049.7896,4.986
186.4400,414.647,2069.918,4.992
186.4600,410.011,2045.9547,4.99
186.4800,413.915,2065.4358,4.99
186.5000,410.621,2048.9988,4.99
186.5200,413.427,2062.1738,4.988
186.5400,411.353,2052.6514,4.99
186.5600,412.451,2057.3054,4.988
186.5800,412.573,2057.9141,4.988
186.6000,412.817,2059.9568,4.99
186.6200,412.817,2059.9568,4.99
186.6400,412.817,2059.9568,4.99
186.6600,413.305,2061.5652,4.988
186.6800,411.353,2053.4741,4.992
186.7000,413.671,2065.0457,4.992
186.7200,411.719,2052.8308,4.986
186.7400,415.013,2070.9148,4.99
186.7600,411.231,2052.0425,4.99
186.7800,414.647,2069.918,4.992
186.8000,411.475,2052.4373,4.988
186.8200,413.915,2065.4358,4.99
186.8400,410.987,2050.0032,4.988
186.8600,413.427,2063.8276,4.992
186.8800,410.377,2046.1398,4.986
186.9000,413.183,2060.9568,4.988
186.9200,411.841,2055.9104,4.992
186.9400,413.915,2066.2637,4.992
186.9600,410.987,2050.0032,4.988
186.9800,412.329,2056.697,4.988
187.0000,412.939,2060.5654,4.99
187.0200,417.087,2081.2642,4.99
187.0400,412.939,2061.3916,4.992
187.0600,411.597,2053.8689,4.99
187.0800,414.281,2068.0908,4.992
187.1000,412.329,2058.3464,4.992
187.1200,414.159,2066.6533,4.99
187.1400,411.597,2053.8689,4.99
187.1600,415.135,2072.354,4.992
187.1800,410.255,2047.1724,4.99
187.2000,414.281,2067.2622,4.99
187.2200,410.621,2048.9988,4.99
187.2400,413.183,2060.9568,4.988
187.2600,413.541,2062.7424,4.988
187.2800,412.931,2060.5256,4.99
187.3000,411.223,2052.8252,4.992
187.3200,412.931,2060.5256,4.99
187.3400,412.687,2060.1335,4.992
187.3600,411.467,2053.2202,4.99
187.3800,411.467,2054.0435,4.992
187.4000,411.711,2054.4377,4.99
187.4200,412.321,2058.3066,4.992
187.4400,534.432,2663.6091,4.984
187.4600,537.847,2681.7051,4.986
187.4800,533.822,2662.7041,4.988
187.5000,536.993,2678.521,4.988
187.5200,552.12,2755.0786,4.99
187.5400,437.939,2187.9431,4.996
187.5600,410.247,2048.7734,4.994
187.5800,414.395,2068.6599,4.992
187.6000,410.735,2049.5674,4.99
187.6200,412.565,2059.5244,4.992
187.6400,412.199,2056.0486,4.988
187.6600,411.711,2055.2612,4.992
187.6800,413.053,2062.7866,4.994
187.7000,412.199,2057.6975,4.992
187.7200,413.785,2064.7871,4.99
187.7400,411.589,2053.0059,4.988
187.7600,414.029,2066.8328,4.992
187.7800,410.613,2048.9587,4.99
187.8000,420.738,2099.4827,4.99
187.8200,420.25,2096.207,4.988
187.8400,667.887,3323.4058,4.976
187.8600,631.291,3147.6169,4.986
187.8800,551.388,2754.7344,4.996
187.9000,410.369,2048.562,4.992
187.9200,413.297,2062.3518,4.99
187.9400,410.735,2048.7461,4.988
187.9600,420.006,2095.8298,4.99
187.9800,410.857,2048.533,4.986
188.0000,411.467,2053.2202,4.99
188.0200,411.955,2056.4792,4.992
188.0400,412.321,2057.4817,4.99
188.0600,413.175,2061.7432,4.99
188.0800,412.199,2056.0486,4.988
188.1000,412.809,2059.9167,4.99
188.1200,412.077,2056.2642,4.99
188.1400,414.395,2068.6599,4.992
188.1600,411.955,2055.6553,4.99
188.1800,413.907,2067.0515,4.994
188.2000,411.955,2055.6553,4.99
188.2200,413.541,2064.3967,4.992
188.2400,411.101,2050.5718,4.988
188.2600,413.663,2064.1782,4.99
188.2800,410.979,2050.7852,4.99
188.3000,413.053,2062.7866,4.994
188.3200,411.101,2050.5718,4.988
188.3400,430.131,2146.3538,4.99
188.3600,410.247,2047.1324,4.99
188.3800,412.565,2059.5244,4.992
188.4000,410.369,2047.7412,4.99
188.4200,430.497,2148.1799,4.99
188.4400,415.371,2072.7012,4.99
188.4600,411.467,2052.3975,4.988
188.4800,418.665,2089.1382,4.99
188.5000,411.711,2053.6145,4.988
188.5200,413.785,2064.7871,4.99
188.5400,411.101,2050.5718,4.988
188.5600,414.151,2066.6133,4.99
188.5800,411.223,2051.1802,4.988
188.6000,414.395,2068.6599,4.992
188.6200,413.785,2063.9595,4.988
188.6400,413.663,2064.1782,4.99
188.6600,411.101,2050.5718,4.988
188.6800,413.907,2065.396,4.99
188.7000,411.833,2055.0466,4.99
188.7200,413.663,2064.1782,4.99
188.7400,411.345,2052.6116,4.99
188.7600,412.557,2057.0093,4.986
188.7800,411.703,2053.5745,4.988
188.8000,411.947,2056.4395,4.992
188.8200,412.191,2056.833,4.99
188.8400,412.191,2056.0088,4.988
188.8600,412.679,2058.4426,4.988
188.8800,411.581,2054.6123,4.992
188.9000,413.411,2062.9209,4.99
188.9200,411.825,2055.0068,4.99
188.9400,413.655,2064.9658,4.992
188.9600,411.703,2055.2214,4.992
188.9800,412.923,2058.8342,4.986
189.0000,413.045,2061.9207,4.992
189.0200,414.265,2067.1824,4.99
189.0400,410.24,2047.9181,4.992
189.0600,414.143,2067.4019,4.992
189.0800,411.581,2053.7891,4.99
189.1000,414.143,2068.2302,4.994
189.1200,411.093,2051.354,4.99
189.1400,413.045,2060.2686,4.988
189.1600,409.752,2043.843,4.988
189.1800,413.045,2060.2686,4.988
189.2000,530.64,2645.7712,4.986
189.2200,551.5,2750.8818,4.988
189.2400,418.169,2086.6633,4.99
189.2600,421.584,2104.5474,4.992
189.2800,411.825,2055.8306,4.992
189.3000,416.705,2078.5244,4.988
189.3200,411.825,2055.0068,4.99
189.3400,413.045,2061.9207,4.992
189.3600,410.24,2047.0974,4.99
189.3800,412.923,2059.6599,4.988
189.4000,410.24,2047.0974,4.99
189.4200,412.313,2058.2666,4.992
189.4400,411.215,2051.9626,4.99
189.4600,536.129,2674.2117,4.988
189.4800,535.641,2670.7061,4.986
189.5000,537.583,2682.5391,4.99
189.5200,433.043,2163.4827,4.996
189.5400,412.793,2061.4883,4.994
189.5600,411.574,2053.7542,4.99
189.5800,417.185,2083.4219,4.994
189.6000,412.183,2055.9688,4.988
189.6200,414.623,2069.7981,4.992
189.6400,429.017,2140.7947,4.99
189.6600,415.111,2071.4038,4.99
189.6800,411.086,2049.6748,4.986
189.7000,414.623,2068.9685,4.99
189.7200,411.94,2054.7566,4.988
189.7400,414.013,2066.7529,4.992
189.7600,410.712,2050.2744,4.992
189.7800,412.42,2057.1509,4.988
189.8000,411.2,2051.8879,4.99
189.8200,412.786,2059.802,4.99
189.8400,412.542,2059.4097,4.992
189.8600,412.298,2057.3669,4.99
189.8800,412.786,2060.6279,4.992
189.9000,412.908,2060.4109,4.99
189.9200,411.932,2055.5405,4.99
189.9400,566.97,2823.5105,4.98
189.9600,754.212,3754.4673,4.978
189.9800,742.868,3702.4541,4.984
190.0000,738.491,3683.5933,4.988
190.0200,738.125,3680.2913,4.986
190.0400,743.248,3708.8074,4.99
190.0600,754.959,3765.7354,4.988
190.0800,738.979,3686.0271,4.988
190.1000,753.495,3758.4329,4.988
190.1200,747.03,3727.6797,4.99
190.1400,778.136,3879.7861,4.986
190.1600,973.188,4844.5298,4.978
190.1800,1017.956,5067.3853,4.978
190.2000,1005.88,5015.3179,4.986
190.2200,1023.811,5110.8643,4.992
190.2400,1021.372,5096.646,4.99
190.2600,1021.494,5101.3413,4.994
190.2800,731.66,3656.8367,4.998
190.3000,738.125,3686.1963,4.994
190.3200,734.953,3670.3552,4.994
190.3400,771.67,3850.6331,4.99
190.3600,741.296,3697.5845,4.988
190.3800,740.442,3691.844,4.986
190.4000,731.782,3651.592,4.99
190.4200,742.638,3704.2783,4.988
190.4400,735.441,3668.3796,4.988
190.4600,736.295,3674.1118,4.99
190.4800,748.737,3736.1975,4.99
190.5000,751.665,3750.8081,4.99
190.5200,735.563,3670.4592,4.99
190.5400,742.272,3705.4219,4.992
190.5600,743.614,3709.1467,4.988
190.5800,742.882,3706.9812,4.99
190.6000,815.097,4065.7036,4.988
190.6200,749.103,3738.0239,4.99
190.6400,742.882,3705.4954,4.988
190.6600,780.941,3896.8953,4.99
190.6800,736.051,3675.8389,4.994
190.7000,728.61,3637.2212,4.992
190.7200,735.807,3671.6768,4.99
190.7400,746.786,3726.4619,4.99
190.7600,736.187,3672.1008,4.988
190.7800,741.92,3702.1807,4.99
190.8000,729.478,3641.5544,4.992
190.8200,1000.531,4978.6421,4.976
190.8400,1033.9561,5155.3052,4.986
190.8600,1033.834,5156.7637,4.988
190.8800,1017.975,5077.6592,4.988
190.9000,1033.3459,5160.5298,4.994
190.9200,1019.195,5085.7827,4.99
190.9400,756.315,3778.5496,4.996
190.9600,718.011,3585.7468,4.994
190.9800,727.16,3628.5281,4.99
191.0000,793.521,3958.0828,4.988
191.0200,726.794,3623.7949,4.986
191.0400,730.82,3648.2537,4.992
191.0600,730.942,3648.8625,4.992
191.0800,735.455,3668.4495,4.988
191.1000,753.997,3762.4448,4.99
191.1200,741.554,3700.3545,4.99
191.1400,734.235,3663.8325,4.99
191.1600,751.069,3746.332,4.988
191.1800,738.749,3686.3574,4.99
191.2000,746.068,3722.8792,4.99
191.2200,741.92,3702.1807,4.99
191.2400,747.532,3728.6895,4.988
191.2600,746.298,3725.5195,4.992
191.2800,742.882,3704.0098,4.986
191.3000,739.345,3687.8525,4.988
191.3200,748.371,3734.3711,4.99
191.3400,741.54,3701.7676,4.992
191.3600,741.784,3704.4692,4.994
191.3800,753.251,3758.7222,4.99
191.4000,743.614,3709.1467,4.988
191.4200,738.125,3683.2437,4.99
191.4400,751.421,3749.5908,4.99
191.4600,744.59,3715.5042,4.99
191.4800,733.611,3662.1863,4.992
191.5000,737.881,3682.0259,4.99
191.5200,738.979,3686.0271,4.988
191.5400,730.196,3645.1384,4.992
191.5600,741.662,3702.3767,4.992
191.5800,735.075,3669.4946,4.992
191.6000,750.201,3743.5027,4.99
191.6200,746.298,3722.5342,4.988
191.6400,740.686,3694.5415,4.988
191.6600,733.489,3660.1101,4.99
191.6800,740.442,3694.8054,4.99
191.7000,740.686,3696.0229,4.99
191.7200,743.126,3708.1985,4.99
191.7400,734.343,3667.3091,4.994
191.7600,754.105,3761.4756,4.988
191.7800,721.901,3605.1736,4.994
191.8000,731.904,3652.2007,4.99
191.8200,735.563,3668.988,4.988
191.8400,724.463,3613.6213,4.988
191.8600,720.437,3594.9805,4.99
191.8800,714.948,3566.1606,4.988
191.9000,714.094,3564.7573,4.992
191.9200,720.803,3595.3652,4.988
191.9400,732.27,3654.0273,4.99
191.9600,729.22,3638.8074,4.99
191.9800,725.804,3620.3103,4.988
192.0000,717.631,3579.5432,4.988
192.0200,743.004,3709.0762,4.992
192.0400,734.221,3663.7627,4.99
192.0600,731.05,3649.4016,4.992
192.0800,738.979,3687.5051,4.99
192.1000,728,3634.176,4.992
192.1200,728.732,3637.8301,4.992
192.1400,746.542,3722.2583,4.986
192.1600,736.295,3674.1118,4.99
192.1800,732.27,3652.5627,4.988
192.2000,733.489,3660.1101,4.99
192.2200,733.123,3655.3513,4.986
192.2400,724.707,3616.2876,4.99
192.2600,727.404,3631.2007,4.992
192.2800,724.964,3617.5701,4.99
192.3000,728.502,3633.7681,4.988
192.3200,734.357,3664.4412,4.99
192.3400,725.33,3619.3967,4.99
192.3600,1009.924,5031.4414,4.982
192.3800,1007.363,5020.6973,4.984
192.4000,1007.485,5025.335,4.988
192.4200,1011.266,5044.1948,4.988
192.4400,1010.046,5040.1294,4.99
192.4600,1006.387,5019.8584,4.988
192.4800,1006.509,5022.4795,4.99
192.5000,1009.192,5037.8867,4.992
192.5200,1014.194,5060.8276,4.99
192.5400,1012.608,5052.9136,4.99
192.5600,1010.29,5039.3262,4.988
192.5800,1010.29,5043.3677,4.992
192.6000,1013.218,5055.9575,4.99
192.6200,1011.754,5052.6997,4.994
192.6400,1007.241,5026.1323,4.99
192.6600,1009.558,5037.6943,4.99
192.6800,1012.974,5054.7402,4.99
192.7000,1009.924,5039.5205,4.99
192.7200,1010.046,5042.1499,4.992
192.7400,1009.314,5034.4585,4.988
192.7600,1011.735,5046.5342,4.988
192.7800,1011.857,5049.166,4.99
192.8000,1012.589,5054.8442,4.992
192.8200,1007.466,5027.2549,4.99
192.8400,1006.856,5024.2114,4.99
192.8600,1010.881,5046.3179,4.992
192.8800,1014.053,5060.124,4.99
192.9000,1011.491,5047.3398,4.99
192.9200,1008.685,5033.3379,4.99
192.9400,1011.369,5044.7085,4.988
192.9600,1015.028,5062.9595,4.988
192.9800,1012.345,5049.5767,4.988
193.0000,1008.319,5029.4951,4.988
193.0200,1008.319,5033.5283,4.992
193.0400,1010.271,5041.252,4.99
193.0600,1012.833,5054.0366,4.99
193.0800,1012.345,5051.6011,4.99
193.1000,1006.246,5017.1426,4.986
193.1200,1009.173,5033.7549,4.988
193.1400,1011.613,5047.9487,4.99
193.1600,1009.661,5040.228,4.992
193.1800,1008.075,5028.2783,4.988
193.2000,1007.953,5029.6851,4.99
193.2200,1012.711,5055.4536,4.992
193.2400,1012.955,5052.6196,4.988
193.2600,1011.51,5047.4346,4.99
193.2800,1011.754,5048.6523,4.99
193.3000,1009.07,5031.2231,4.986
193.3200,1011.144,5045.6084,4.99
193.3400,1011.144,5041.564,4.986
193.3600,1011.144,5047.6309,4.992
193.3800,1010.29,5039.3262,4.988
193.4000,1010.046,5040.1294,4.99
193.4200,1011.998,5051.894,4.992
193.4400,1013.462,5059.2021,4.992
193.4600,1007.729,5026.5522,4.988
193.4800,1008.826,5030.0063,4.986
193.5000,1010.778,5041.7607,4.988
193.5200,1013.725,5060.5151,4.992
193.5400,1011.895,5045.3086,4.986
193.5600,1008.846,5032.124,4.988
193.5800,1009.699,5038.3975,4.99
193.6000,1012.017,5051.9893,4.992
193.6200,1010.431,5044.0718,4.992
193.6400,1008.846,5034.1411,4.99
193.6600,1007.87,5029.271,4.99
193.6800,1007.748,5028.6621,4.99
193.7000,1014.579,5062.749,4.99
193.7200,1008.358,5031.7061,4.99
193.7400,1007.992,5029.8799,4.99
193.7600,1008.48,5030.2979,4.988
193.7800,1012.505,5050.375,4.988
193.8000,1009.577,5041.8276,4.994
193.8200,1008.724,5031.5151,4.988
193.8400,1010.309,5037.4009,4.986
193.8600,1011.041,5043.0723,4.988
193.8800,1011.407,5050.9663,4.994
193.9000,1008.236,5031.0977,4.99
193.9200,1008.114,5030.4888,4.99
193.9400,1011.895,5047.332,4.988
193.9600,1013.481,5059.2974,4.992
193.9800,1008.358,5033.7231,4.992
194.0000,1007.992,5027.8643,4.988
194.0200,1007.26,5026.2271,4.99
194.0400,1010.675,5045.2896,4.992
194.0600,1012.383,5049.7661,4.988
194.0800,1010.309,5037.4009,4.986
194.1000,1007.382,5026.8359,4.99
194.1200,1008.602,5030.9067,4.988
194.1400,1011.773,5050.771,4.992
194.1600,1011.041,5045.0942,4.99
194.1800,1007.992,5029.8799,4.99
194.2000,1008.602,5030.9067,4.988
194.2200,1012.993,5056.8608,4.992
194.2400,1011.285,5046.312,4.99
194.2600,1011.895,5053.4038,4.994
194.2800,1008.48,5028.2812,4.986
194.3000,1029.95,5139.4502,4.99
194.3200,1033.243,5155.8823,4.99
194.3400,965.54,4819.9756,4.992
194.3600,1029.462,5132.8979,4.986
194.3800,983.35,4908.8833,4.992
194.4000,736.933,3686.1387,5.002
194.4200,703.996,3515.7559,4.994
194.4400,738.275,3685.469,4.992
194.4600,729.858,3644.9106,4.994
194.4800,658.982,3292.2739,4.996
194.5000,734.859,3666.9463,4.99
194.5200,727.296,3629.207,4.99
194.5400,728.028,3632.8596,4.99
194.5600,728.394,3636.1428,4.992
194.5800,764.502,3814.865,4.99
194.6000,540.653,2702.1838,4.998
194.6200,539.433,2692.8496,4.992
194.6400,482.343,2408.8208,4.994
194.6600,541.019,2699.6846,4.99
194.6800,541.019,2700.7668,4.992
194.7000,540.409,2696.6409,4.99
194.7200,541.019,2698.6025,4.988
194.7400,410.247,2048.7734,4.994
194.7600,412.191,2057.6575,4.992
194.7800,413.777,2064.7471,4.99
194.8000,411.337,2051.749,4.988
194.8200,414.021,2065.9646,4.99
194.8400,412.679,2059.2681,4.99
194.8600,415.851,2075.0964,4.99
194.8800,411.581,2052.1428,4.986
194.9000,414.021,2066.793,4.992
194.9200,410.971,2049.9233,4.988
194.9400,414.387,2067.791,4.99
194.9600,411.093,2051.354,4.99
194.9800,412.923,2059.6599,4.988
195.0000,411.581,2053.7891,4.99
195.0200,413.045,2060.2686,4.988
195.0400,411.093,2052.1763,4.992
195.0600,413.167,2060.877,4.988
195.0800,412.069,2057.0486,4.992
195.1000,412.801,2059.0513,4.988
195.1200,412.923,2059.6599,4.988
195.1400,412.191,2057.6575,4.992
195.1600,412.313,2056.6172,4.988
195.1800,411.703,2054.3979,4.99
195.2000,413.167,2061.7031,4.99
195.2200,411.947,2054.7915,4.988
195.2400,415.363,2071.8306,4.988
195.2600,411.093,2051.354,4.99
195.2800,414.265,2068.011,4.992
195.3000,410.483,2048.3101,4.99
195.3200,414.631,2069.0085,4.99
195.3400,582.118,2900.1118,4.982
195.3600,413.899,2067.0115,4.994
195.3800,415.119,2072.2739,4.992
195.4000,428.05,2135.9692,4.99
195.4200,415.729,2074.4875,4.99
195.4400,429.757,2143.6279,4.988
195.4600,414.631,2069.8381,4.992
195.4800,426.952,2129.6365,4.988
195.5000,412.313,2057.4417,4.99
195.5200,414.143,2066.5735,4.99
195.5400,411.581,2052.9661,4.988
195.5600,415.485,2074.1011,4.992
195.5800,420.242,2097.0076,4.99
195.6000,414.631,2069.0085,4.99
195.6200,421.096,2100.4268,4.988
195.6400,414.265,2066.3538,4.988
195.6600,414.997,2069.175,4.986
195.6800,413.045,2061.9207,4.992
195.7000,411.215,2052.7854,4.992
195.7200,412.435,2058.0505,4.99
195.7400,411.093,2050.5317,4.988
195.7600,413.045,2060.2686,4.988
195.7800,412.313,2058.2666,4.992
195.8000,416.705,2079.3577,4.99
195.8200,412.801,2059.877,4.99
195.8400,413.167,2061.7031,4.99
195.8600,414.265,2067.1824,4.99
195.8800,411.825,2055.0068,4.99
195.9000,414.387,2067.791,4.99
195.9200,411.581,2052.9661,4.988
195.9400,414.509,2067.5708,4.988
195.9600,411.703,2054.3979,4.99
195.9800,414.875,2071.0562,4.992
196.0000,417.437,2082.1758,4.988
196.0200,424.756,2119.5325,4.99
196.0400,410.483,2046.6682,4.986
196.0600,413.899,2066.1838,4.992
196.0800,410.483,2046.6682,4.986
196.1000,413.045,2060.2686,4.988
196.1200,410.727,2050.3491,4.992
196.1400,412.191,2056.833,4.99
196.1600,410.971,2050.7451,4.99
196.1800,413.167,2060.877,4.988
196.2000,411.581,2052.1428,4.986
196.2200,412.435,2057.2258,4.988
196.2400,412.435,2057.2258,4.988
196.2600,414.753,2069.6174,4.99
196.2800,414.021,2067.6208,4.994
196.3000,411.337,2051.749,4.988
196.3200,414.143,2067.4019,4.992
196.3400,411.825,2054.1831,4.988
196.3600,414.753,2068.7878,4.988
196.3800,410.727,2047.8848,4.986
196.4000,414.265,2066.3538,4.988
196.4200,412.069,2054.5762,4.986
196.4400,414.509,2067.5708,4.988
196.4600,411.581,2052.9661,4.988
196.4800,413.777,2065.575,4.992
196.5000,410.849,2050.1365,4.99
196.5200,416.095,2076.314,4.99
196.5400,410.971,2051.5674,4.992
196.5600,413.045,2061.0945,4.99
196.5800,411.825,2055.0068,4.99
196.6000,413.045,2060.2686,4.988
196.6200,423.414,2112.8357,4.99
196.6400,412.313,2056.6172,4.988
196.6600,413.411,2062.9209,4.99
196.6800,412.069,2056.2241,4.99
196.7000,412.923,2062.1375,4.994
196.7200,412.557,2057.8342,4.988
196.7400,413.045,2061.9207,4.992
196.7600,412.069,2056.2241,4.99
196.7800,414.631,2069.0085,4.99
196.8000,410.971,2050.7451,4.99
196.8200,415.485,2072.439,4.988
196.8400,411.215,2050.3181,4.986
196.8600,416.705,2078.5244,4.988
196.8800,411.215,2051.1404,4.988
196.9000,415.241,2072.8831,4.992
196.9200,410.483,2048.3101,4.99
196.9400,412.557,2057.8342,4.988
196.9600,411.093,2050.5317,4.988
196.9800,413.167,2061.7031,4.99
197.0000,410.849,2049.3147,4.988
197.0200,412.801,2058.2258,4.986
197.0400,414.509,2067.5708,4.988
197.0600,413.167,2060.877,4.988
197.0800,412.435,2058.0505,4.99
197.1000,411.459,2053.1804,4.99
197.1200,412.435,2058.8755,4.992
197.1400,411.825,2054.1831,4.988
197.1600,413.289,2063.1387,4.992
197.1800,410.849,2049.3147,4.988
197.2000,413.533,2065.1838,4.994
197.2200,411.093,2050.5317,4.988
197.2400,413.899,2064.5281,4.988
197.2600,410.727,2047.8848,4.986
197.2800,414.021,2066.793,4.992
197.3000,411.093,2052.1763,4.992
197.3200,414.509,2068.3999,4.99
197.3400,409.63,2043.2344,4.988
197.3600,413.289,2062.312,4.99
197.3800,411.093,2052.1763,4.992
197.4000,414.387,2067.791,4.99
197.4200,409.874,2044.4514,4.988
197.4400,412.923,2060.4856,4.99
197.4600,409.996,2045.0601,4.988
197.4800,412.801,2059.877,4.99
197.5000,493.8,2461.0991,4.984
197.5200,535.763,2671.3145,4.986
197.5400,426.83,2131.5889,4.994
197.5600,413.899,2065.356,4.99
197.5800,411.215,2052.7854,4.992
197.6000,412.191,2057.6575,4.992
197.6200,416.705,2078.5244,4.988
197.6400,418.535,2088.4895,4.99
197.6600,425.854,2125.8633,4.992
197.6800,438.784,2189.532,4.99
197.7000,426.22,2126.8376,4.99
197.7200,419.388,2093.585,4.992
197.7400,411.947,2055.6155,4.99
197.7600,412.801,2060.7026,4.992
197.7800,421.584,2104.5474,4.992
197.8000,411.337,2051.749,4.988
197.8200,414.509,2068.3999,4.99
197.8400,411.337,2050.9263,4.986
197.8600,414.021,2065.9646,4.99
197.8800,411.215,2052.7854,4.992
197.9000,414.143,2066.5735,4.99
197.9200,428.659,2138.1511,4.988
197.9400,414.875,2071.0562,4.992
197.9600,412.801,2060.7026,4.992
197.9800,414.143,2066.5735,4.99
198.0000,410.971,2049.9233,4.988
198.0200,414.135,2066.5337,4.99
198.0400,425.846,2124.1199,4.988
198.0600,428.163,2137.3896,4.992
198.0800,419.259,2092.9409,4.992
198.1000,418.527,2088.4497,4.99
198.1200,421.942,2106.3345,4.992
198.1400,411.208,2050.2832,4.986
198.1600,417.673,2084.1882,4.99
198.1800,423.65,2113.166,4.988
198.2000,413.891,2064.4883,4.988
198.2200,411.33,2050.8914,4.986
198.2400,413.525,2063.4897,4.99
198.2600,410.476,2048.2751,4.99
198.2800,412.915,2059.6201,4.988
198.3000,414.013,2065.0969,4.988
198.3200,412.671,2057.5776,4.986
198.3400,411.452,2052.3225,4.988
198.3600,413.159,2061.6633,4.99
198.3800,411.452,2051.4998,4.986
198.4000,413.159,2061.6633,4.99
198.4200,411.696,2053.5398,4.988
198.4400,412.671,2058.4028,4.988
198.4600,412.183,2056.7932,4.99
198.4800,411.818,2054.1482,4.988
198.5000,413.891,2064.4883,4.988
198.5200,412.183,2055.1445,4.986
198.5400,429.017,2140.7947,4.99
198.5600,416.941,2078.8679,4.986
198.5800,414.501,2068.3599,4.99
198.6000,411.452,2053.1453,4.99
198.6200,423.406,2112.7959,4.99
198.6400,410.72,2049.4927,4.99
198.6600,413.647,2063.2712,4.988
198.6800,414.867,2070.1863,4.99
198.7000,419.99,2094.9102,4.988
198.7200,410.232,2047.0576,4.99
198.7400,414.013,2066.7529,4.992
198.7600,412.42,2057.9758,4.99
198.7800,412.786,2059.802,4.99
198.8000,412.054,2056.1494,4.99
198.8200,412.298,2057.3669,4.99
198.8400,412.054,2056.9736,4.992
198.8600,412.42,2057.9758,4.99
198.8800,451.088,2250.0269,4.988
198.9000,726.888,3618.4485,4.978
198.9200,719.814,3587.5532,4.984
198.9400,739.819,3693.1763,4.992
198.9600,747.625,3727.6582,4.986
198.9800,735.061,3666.4841,4.988
199.0000,738.599,3682.6545,4.986
199.0200,729.206,3638.7378,4.99
199.0400,744.454,3713.3364,4.988
199.0600,752.383,3752.8862,4.988
199.0800,727.376,3632.5156,4.994
199.1000,742.38,3704.4761,4.99
199.1200,1025.988,5111.4722,4.982
199.1400,1008.422,5027.9922,4.986
199.1600,1016.595,5068.7427,4.986
199.1800,1016.961,5070.5674,4.986
199.2000,1023.06,5105.0693,4.99
199.2200,730.304,3654.4414,5.004
199.2400,736.647,3680.2881,4.996
199.2600,737.149,3678.3733,4.99
199.2800,735.441,3669.8503,4.99
199.3000,743.736,3714.2178,4.994
199.3200,737.271,3676.0332,4.986
199.3400,739.833,3688.8074,4.986
199.3600,730.318,3644.2866,4.99
199.3800,735.319,3670.7124,4.992
199.4000,734.831,3665.3369,4.988
199.4200,722.511,3603.8848,4.988
199.4400,733.001,3660.6069,4.994
199.4600,738.247,3683.8523,4.99
199.4800,737.271,3677.5076,4.988
199.5000,735.197,3667.1626,4.988
199.5200,747.654,3732.2888,4.992
199.5400,733.503,3658.7129,4.988
199.5600,719.475,3588.7412,4.988
199.5800,734.113,3661.7554,4.988
199.6000,767.659,3832.1538,4.992
199.6200,718.011,3581.4387,4.988
199.6400,730.82,3646.7917,4.99
199.6600,732.893,3657.136,4.99
199.6800,740.335,3691.3105,4.986
199.7000,734.967,3667.4851,4.99
199.7200,736.797,3676.6169,4.99
199.7400,746.678,3724.4297,4.988
199.7600,994.92,4954.7017,4.98
199.7800,1013.34,5050.4868,4.984
199.8000,1026.27,5116.9824,4.986
199.8200,1019.317,5082.3149,4.986
199.8400,1016.268,5073.21,4.992
199.8600,1032.4919,5148.0049,4.986
199.8800,753.509,3764.5308,4.996
199.9000,718.865,3591.4495,4.996
199.9200,726.55,3628.3906,4.994
199.9400,726.916,3627.3108,4.99
199.9600,724.72,3614.9031,4.988
199.9800,726.184,3620.7537,4.986
200.0000,728.868,3637.051,4.99
200.0200,697.517,3480.6099,4.99
200.0400,744.604,3715.5737,4.99
200.0600,729.478,3640.0952,4.99
200.0800,728.868,3637.051,4.99
200.1000,741.432,3699.7456,4.99
200.1200,740.7,3693.1304,4.986
200.1400,752.045,3749.6963,4.986
200.1600,753.753,3758.2124,4.986
200.1800,742.286,3704.0071,4.99
200.2000,743.384,3710.9729,4.992
200.2200,746.8,3725.0383,4.988
200.2400,744.726,3723.6301,5
200.2600,748.386,3735.9429,4.992
200.2800,738.749,3683.4026,4.986
200.3000,749.727,3741.1375,4.99
200.3200,747.898,3730.5151,4.988
200.3400,746.434,3723.2129,4.988
200.3600,747.898,3730.5151,4.988
200.3800,748.386,3734.4458,4.99
200.4000,741.31,3700.6196,4.992
200.4200,742.164,3703.3982,4.99
200.4400,729.112,3639.7273,4.992
200.4600,746.922,3724.1531,4.986
200.4800,743.384,3712.4595,4.994
200.5000,745.58,3720.4441,4.99
200.5200,733.259,3657.4956,4.988
200.5400,766.074,3822.709,4.99
200.5600,747.898,3730.5151,4.988
200.5800,755.705,3767.9453,4.986
200.6000,738.017,3684.1812,4.992
200.6200,740.822,3698.1836,4.992
200.6400,747.898,3729.0195,4.986
200.6600,741.432,3699.7456,4.99
200.6800,738.261,3683.9221,4.99
200.7000,733.381,3656.6377,4.986
200.7200,697.029,3479.5688,4.992
200.7400,744.36,3712.8674,4.988
200.7600,742.164,3701.9141,4.988
200.7800,743.018,3709.146,4.992
200.8000,723.378,3608.2095,4.988
200.8200,715.937,3569.6619,4.986
200.8400,719.475,3588.7412,4.988
200.8600,723.378,3608.2095,4.988
200.8800,737.041,3677.8345,4.99
200.9000,729.112,3636.8105,4.988
200.9200,721.427,3598.4778,4.988
200.9400,724.11,3613.3086,4.99
200.9600,741.188,3698.5278,4.99
200.9800,751.435,3749.6604,4.99
201.0000,737.163,3678.4434,4.99
201.0200,746.298,3724.0266,4.99
201.0400,740.686,3694.5415,4.988
201.0600,739.589,3689.0698,4.988
201.0800,749.103,3736.5259,4.988
201.1000,739.223,3691.6797,4.994
201.1200,736.417,3674.7207,4.99
201.1400,734.465,3664.9802,4.99
201.1600,729.952,3641.0007,4.988
201.1800,728,3632.7197,4.99
201.2000,732.392,3654.636,4.99
201.2200,730.318,3641.3655,4.986
201.2400,735.441,3668.3796,4.988
201.2600,735.685,3669.5967,4.988
201.2800,724.95,3617.5005,4.99
201.3000,1016.736,5063.3452,4.98
201.3200,1009.051,5031.1284,4.986
201.3400,1010.515,5036.4072,4.984
201.3600,1011.003,5040.8608,4.986
201.3800,1013.321,5054.4448,4.988
201.4000,1033.814,5158.7314,4.99
201.4200,1040.767,5193.4268,4.99
201.4400,1008.929,5032.5381,4.988
201.4600,1008.319,5027.4785,4.986
201.4800,1013.321,5058.4985,4.992
201.5000,1011.369,5046.731,4.99
201.5200,1009.783,5034.7783,4.986
201.5400,1006.368,5019.7632,4.988
201.5600,1009.417,5034.9717,4.988
201.5800,1014.419,5063.98,4.992
201.6000,1012.101,5050.3838,4.99
201.6200,1010.393,5041.8608,4.99
201.6400,1011.247,5044.1001,4.988
201.6600,1013.321,5054.4448,4.988
201.6800,1015.76,5072.7056,4.994
201.7000,1013.077,5053.228,4.988
201.7200,1011.125,5043.4912,4.988
201.7400,1009.295,5036.3818,4.99
201.7600,1009.539,5037.5996,4.99
201.7800,1014.175,5058.7046,4.988
201.8000,1012.223,5055.0415,4.994
201.8200,1009.905,5035.3867,4.986
201.8400,1011.247,5046.1226,4.99
201.8600,1011.857,5051.1904,4.992
201.8800,1015.028,5069.0498,4.994
201.9000,1008.319,5029.4951,4.988
201.9200,1010.759,5045.709,4.992
201.9400,1012.955,5056.6714,4.992
201.9600,1014.419,5061.9507,4.99
201.9800,1018.566,5084.6816,4.992
202.0000,1012.345,5053.626,4.992
202.0200,1011.876,5049.2607,4.99
202.0400,1013.95,5057.5825,4.988
202.0600,1014.072,5060.2192,4.99
202.0800,1014.438,5062.0454,4.99
202.1000,1011.022,5047.022,4.992
202.1200,1009.924,5039.5205,4.99
202.1400,1010.9,5044.3911,4.99
202.1600,1013.828,5056.9741,4.988
202.1800,1012.242,5053.1123,4.992
202.2000,1011.388,5046.8257,4.99
202.2200,1007.607,5025.9438,4.988
202.2400,1012.73,5051.4971,4.988
202.2600,1013.218,5055.9575,4.99
202.2800,1011.51,5047.4346,4.99
202.3000,1008.704,5035.4502,4.992
202.3200,1010.412,5037.9141,4.986
202.3400,1011.266,5046.2173,4.99
202.3600,1012.12,5052.5029,4.992
202.3800,1011.998,5047.8457,4.988
202.4000,1009.436,5035.0664,4.988
202.4200,1011.51,5045.4116,4.988
202.4400,1014.682,5065.2925,4.992
202.4600,1012.73,5053.5225,4.99
202.4800,1007.973,5029.7852,4.99
202.5000,1008.826,5032.0239,4.988
202.5200,1011.754,5050.6763,4.992
202.5400,1013.218,5057.9844,4.992
202.5600,1013.706,5058.3926,4.99
202.5800,1010.656,5043.1733,4.99
202.6000,1009.924,5039.5205,4.99
202.6200,1012.486,5050.2803,4.988
202.6400,1013.462,5057.1748,4.99
202.6600,1010.412,5041.9556,4.99
202.6800,1010.29,5039.3262,4.988
202.7000,1013.096,5053.3228,4.988
202.7200,1011.51,5047.4346,4.99
202.7400,1011.876,5051.2852,4.992
202.7600,1007.363,5024.7266,4.988
202.7800,1008.216,5030.9976,4.99
202.8000,1009.314,5034.4585,4.988
202.8200,1013.218,5057.9844,4.992
202.8400,1013.096,5057.3755,4.992
202.8600,1010.534,5042.5645,4.99
202.8800,1008.826,5032.0239,4.988
202.9000,1012.486,5050.2803,4.988
202.9200,1014.072,5062.2476,4.992
202.9400,1009.924,5037.501,4.988
202.9600,1008.582,5032.8237,4.99
202.9800,1009.924,5041.5405,4.992
203.0000,1013.828,5056.9741,4.988
203.0200,1015.048,5065.0894,4.99
203.0400,1010.656,5045.1948,4.992
203.0600,1009.192,5033.8496,4.988
203.0800,1013.34,5054.54,4.988
203.1000,1012.974,5052.7144,4.988
203.1200,1013.462,5059.2021,4.992
203.1400,1011.022,5047.022,4.992
203.1600,1009.68,5038.3027,4.99
203.1800,1012.242,5051.0874,4.99
203.2000,1012.486,5054.3306,4.992
203.2200,1011.144,5047.6309,4.992
203.2400,1012.73,5053.5225,4.99
203.2600,1046.52,5224.228,4.992
203.2800,1022.02,5099.8799,4.99
203.3000,1030.072,5137.999,4.988
203.3200,940.41,4694.5269,4.992
203.3400,1027.754,5128.4922,4.99
203.3600,1033.365,5152.3579,4.986
203.3800,685.82,3433.2151,5.006
203.4000,733.151,3659.8899,4.992
203.4200,766.942,3825.5068,4.988
203.4400,742.788,3706.512,4.99
203.4600,688.625,3433.4844,4.986
203.4800,738.397,3684.6008,4.99
203.5000,727.784,3628.731,4.986
203.5200,729.492,3638.7061,4.988
203.5400,740.715,3693.2051,4.986
203.5600,750.962,3747.3,4.99
203.5800,523.941,2619.7048,5
203.6000,540.409,2699.8833,4.996
203.6200,466.24,2328.4026,4.994
203.6400,556.268,2774.6648,4.988
203.6600,547.85,2733.7712,4.99
203.6800,533.822,2663.7717,4.99
203.7000,536.506,2677.1648,4.99
203.7200,533.578,2663.6213,4.992
203.7400,411.833,2056.6941,4.994
203.7600,415.127,2073.1443,4.994
203.7800,410.857,2050.998,4.992
203.8000,414.273,2068.051,4.992
203.8200,411.711,2053.6145,4.988
203.8400,414.151,2066.6133,4.99
203.8600,412.077,2055.4399,4.988
203.8800,413.907,2065.396,4.99
203.9000,410.369,2046.0999,4.986
203.9200,412.809,2060.7424,4.992
203.9400,435.499,2172.269,4.988
203.9600,413.175,2060.9167,4.988
203.9800,429.034,2140.8796,4.99
204.0000,411.955,2054.8315,4.988
204.0200,414.021,2066.793,4.992
204.0400,411.581,2052.9661,4.988
204.0600,414.387,2067.791,4.99
204.0800,411.947,2054.7915,4.988
204.1000,414.509,2069.229,4.992
204.1200,411.215,2051.9626,4.99
204.1400,414.265,2068.011,4.992
204.1600,411.581,2053.7891,4.99
204.1800,415.241,2072.0525,4.99
204.2000,411.093,2050.5317,4.988
204.2200,414.143,2067.4019,4.992
204.2400,411.093,2051.354,4.99
204.2600,413.533,2064.3567,4.992
204.2800,410.727,2049.5276,4.99
204.3000,412.557,2059.4846,4.992
204.3200,410.849,2050.1365,4.99
204.3400,413.289,2061.4856,4.988
204.3600,411.825,2054.1831,4.988
204.3800,412.923,2060.4856,4.99
204.4000,411.215,2051.9626,4.99
204.4200,413.045,2061.0945,4.99
204.4400,429.879,2145.0962,4.99
204.4600,415.729,2073.6562,4.988
204.4800,411.581,2052.9661,4.988
204.5000,411.703,2055.2214,4.992
204.5200,414.387,2067.791,4.99
204.5400,411.093,2051.354,4.99
204.5600,415.241,2072.8831,4.992
204.5800,411.947,2056.4395,4.992
204.6000,415.485,2073.27,4.99
204.6200,413.655,2062.4839,4.986
204.6400,413.533,2064.3567,4.992
204.6600,410.727,2049.5276,4.99
204.6800,427.562,2132.6792,4.988
204.7000,422.194,2105.9036,4.988
204.7200,425.488,2122.3342,4.988
204.7400,422.072,2105.2952,4.988
204.7600,418.047,2086.8906,4.992
204.7800,412.321,2057.4817,4.99
204.8000,412.809,2061.5681,4.994
204.8200,412.931,2060.5256,4.99
204.8400,412.687,2059.3081,4.99
204.8600,411.345,2052.6116,4.99
204.8800,413.785,2064.7871,4.99
204.9000,412.199,2056.873,4.99
204.9200,415.005,2071.7051,4.992
204.9400,412.321,2056.6572,4.988
204.9600,413.419,2063.7878,4.992
204.9800,413.297,2062.3518,4.99
205.0000,413.663,2064.1782,4.99
205.0200,411.223,2052.0027,4.99
205.0400,422.568,2108.6143,4.99
205.0600,418.421,2087.084,4.988
205.0800,419.518,2093.3948,4.99
205.1000,419.03,2090.9597,4.99
205.1200,419.274,2092.177,4.99
205.1400,414.151,2067.4419,4.992
205.1600,412.077,2055.4399,4.988
205.1800,414.517,2068.4397,4.99
205.2000,412.809,2059.9167,4.99
205.2200,415.249,2072.0923,4.99
205.2400,411.955,2056.4792,4.992
205.2600,415.249,2072.0923,4.99
205.2800,410.979,2049.9631,4.988
205.3000,414.273,2068.051,4.992
205.3200,411.711,2053.6145,4.988
205.3400,414.395,2067.0022,4.988
205.3600,410.613,2048.1377,4.988
205.3800,413.663,2064.1782,4.99
205.4000,411.589,2053.8289,4.99
205.4200,413.175,2061.7432,4.99
205.4400,411.345,2052.6116,4.99
205.4600,414.151,2066.6133,4.99
205.4800,411.223,2052.8252,4.992
205.5000,414.151,2066.6133,4.99
205.5200,413.663,2063.3511,4.988
205.5400,412.565,2057.0491,4.986
205.5600,536.262,2671.6572,4.982
205.5800,535.53,2671.2236,4.988
205.6000,545.899,2721.8523,4.986
205.6200,412.687,2060.959,4.994
205.6400,418.299,2087.312,4.99
205.6600,412.809,2060.7424,4.992
205.6800,411.955,2055.6553,4.99
205.7000,413.053,2061.1345,4.99
205.7200,411.833,2055.0466,4.99
205.7400,412.687,2058.4827,4.988
205.7600,412.443,2059.7402,4.994
205.7800,412.443,2058.0903,4.99
205.8000,414.395,2067.8308,4.99
205.8200,411.101,2049.7498,4.986
205.8400,415.493,2073.3101,4.99
205.8600,412.321,2057.4817,4.99
205.8800,414.029,2065.1765,4.988
205.9000,413.053,2061.1345,4.99
205.9200,415.371,2073.532,4.992
205.9400,411.223,2052.0027,4.99
205.9600,414.517,2069.2688,4.992
205.9800,411.467,2053.2202,4.99
206.0000,414.517,2068.4397,4.99
206.0200,410.613,2048.1377,4.988
206.0400,412.565,2057.8743,4.988
206.0600,411.467,2052.3975,4.988
206.0800,412.565,2059.5244,4.992
206.1000,411.345,2052.6116,4.99
206.1200,420.86,2100.0913,4.99
206.1400,419.396,2092.7859,4.99
206.1600,413.785,2063.9595,4.988
206.1800,411.955,2054.8315,4.988
206.2000,412.443,2056.4407,4.986
206.2200,412.931,2059.6997,4.988
206.2400,413.053,2060.3083,4.988
206.2600,414.273,2068.051,4.992
206.2800,417.689,2084.2681,4.99
206.3000,415.493,2072.479,4.988
206.3200,412.199,2056.0486,4.988
206.3400,415.005,2070.875,4.99
206.3600,410.491,2048.3501,4.99
206.3800,414.029,2066.8328,4.992
206.4000,410.735,2049.5674,4.99
206.4200,415.127,2071.4836,4.99
206.4400,411.101,2051.394,4.99
206.4600,413.907,2066.2239,4.992
206.4800,413.419,2061.3071,4.986
206.5000,414.395,2069.4885,4.994
206.5200,410.857,2049.3547,4.988
206.5400,413.175,2062.5696,4.992
206.5600,410.735,2049.5674,4.99
206.5800,412.321,2056.6572,4.988
206.6000,412.077,2056.2642,4.99
206.6200,413.297,2062.3518,4.99
206.6400,418.177,2086.7031,4.99
206.6600,412.321,2058.3066,4.992
206.6800,412.199,2057.6975,4.992
206.7000,412.809,2058.2656,4.986
206.7200,412.931,2061.3516,4.992
206.7400,440.5,2198.095,4.99
206.7600,722.66,3594.5107,4.974
206.7800,729.492,3635.7883,4.984
206.8000,734.737,3661.9294,4.984
206.8200,734.737,3663.3987,4.986
206.8400,741.202,3697.1157,4.988
206.8600,742.178,3703.468,4.99
206.8800,729.979,3641.1353,4.988
206.9000,742.3,3705.5615,4.992
206.9200,758.647,3785.6482,4.99
206.9400,727.296,3630.6619,4.992
206.9600,738.153,3681.9072,4.988
206.9800,1018.605,5070.6157,4.978
207.0000,1016.653,5069.0322,4.986
207.0200,1022.508,5102.3145,4.99
207.0400,1022.386,5103.751,4.992
207.0600,1027.022,5124.8394,4.99
207.0800,725.466,3628.7808,5.002
207.1000,748.4,3739.0063,4.996
207.1200,741.69,3705.4832,4.996
207.1400,738.275,3685.469,4.992
207.1600,751.815,3753.0605,4.992
207.1800,738.275,3683.9922,4.99
207.2000,732.053,3651.4802,4.988
207.2200,743.886,3710.5032,4.988
207.2400,737.055,3676.4302,4.988
207.2600,738.031,3684.251,4.992
207.2800,725.954,3622.5103,4.99
207.3000,733.517,3661.717,4.992
207.3200,740.105,3694.6042,4.992
207.3400,739.861,3690.4268,4.988
207.3600,731.931,3649.4082,4.986
207.3800,745.35,3720.7871,4.992
207.4000,737.177,3678.5132,4.99
207.4200,719.244,3587.5891,4.988
207.4400,731.443,3649.9004,4.99
207.4600,777.311,3875.6726,4.986
207.4800,722.904,3607.2908,4.99
207.5000,727.052,3626.5354,4.988
207.5200,734.249,3663.9023,4.99
207.5400,746.936,3727.2104,4.99
207.5600,737.665,3677.9976,4.986
207.5800,741.568,3700.4241,4.99
207.6000,722.904,3610.1826,4.994
207.6200,991.157,4930.0146,4.974
207.6400,1032.999,5148.4673,4.984
207.6600,1027.876,5127.0454,4.988
207.6800,1014.091,5056.2578,4.986
207.7000,1015.799,5068.8369,4.99
207.7200,1032.877,5149.9243,4.986
207.7400,750.84,3752.6985,4.998
207.7600,720.22,3595.3381,4.992
207.7800,723.162,3610.0247,4.992
207.8000,730.847,3648.3882,4.992
207.8200,724.992,3617.71,4.99
207.8400,728.285,3632.6853,4.988
207.8600,723.284,3609.187,4.99
207.8800,719.014,3589.3179,4.992
207.9000,748.048,3732.7593,4.99
207.9200,732.067,3650.0862,4.986
207.9400,725.724,3621.3625,4.99
207.9600,749.512,3741.5642,4.992
207.9800,747.316,3730.6016,4.992
208.0000,740.851,3696.8464,4.99
208.0200,746.462,3723.3523,4.988
208.0400,743.046,3706.3135,4.988
208.0600,748.292,3730.9839,4.986
208.0800,746.34,3724.2366,4.99
208.1000,745.852,3720.3096,4.988
208.1200,746.462,3724.845,4.99
208.1400,746.706,3724.5693,4.988
208.1600,743.534,3711.7217,4.992
208.1800,750.122,3740.1084,4.986
208.2000,748.414,3733.0889,4.988
208.2200,741.704,3701.1028,4.99
208.2400,744.266,3715.376,4.992
208.2600,745.242,3720.248,4.992
208.2800,735.605,3670.6687,4.99
208.3000,758.173,3783.283,4.99
208.3200,733.043,3659.3508,4.992
208.3400,744.998,3717.5398,4.99
208.3600,737.191,3675.6343,4.986
208.3800,746.218,3725.1204,4.992
208.4000,746.218,3725.1204,4.992
208.4200,744.754,3714.833,4.988
208.4400,755.489,3771.4011,4.992
208.4600,758.295,3783.8918,4.99
208.4800,739.509,3690.1497,4.99
208.5000,749.39,3739.4561,4.99
208.5200,745.242,3718.7573,4.99
208.5400,737.191,3677.1086,4.988
208.5600,721.454,3601.4983,4.992
208.5800,739.509,3688.6707,4.988
208.6000,747.316,3726.1174,4.986
208.6200,730.725,3646.3174,4.99
208.6400,718.648,3583.179,4.986
208.6600,724.87,3615.6514,4.988
208.6800,718.404,3586.2727,4.992
208.7000,724.016,3611.3916,4.988
208.7200,745.73,3721.1924,4.99
208.7400,733.165,3657.0269,4.988
208.7600,756.709,3772.9509,4.986
208.7800,728.895,3638.644,4.992
208.8000,720.966,3597.6201,4.99
208.8200,731.823,3651.7966,4.99
208.8400,739.997,3692.585,4.99
208.8600,750.244,3743.7175,4.99
208.8800,732.799,3658.1328,4.992
208.9000,735.727,3669.8062,4.988
208.9200,730.603,3642.7866,4.986
208.9400,755.489,3772.9121,4.994
208.9600,726.212,3622.3452,4.988
208.9800,724.016,3612.8396,4.99
209.0000,737.435,3679.8005,4.99
209.0200,730.603,3647.1704,4.992
209.0400,735.971,3672.4951,4.99
209.0600,727.188,3628.668,4.99
209.0800,733.043,3656.4185,4.988
209.1000,739.997,3692.585,4.99
209.1200,732.067,3654.4785,4.992
209.1400,993.738,4942.8525,4.974
209.1600,1013.378,5050.6763,4.984
209.1800,1016.55,5068.5181,4.986
209.2000,1015.818,5066.8999,4.988
209.2200,1009.841,5037.0869,4.988
209.2400,1013.378,5054.7295,4.988
209.2600,1013.622,5057.9736,4.99
209.2800,1013.725,5058.4873,4.99
209.3000,1014.335,5061.5317,4.99
209.3200,1012.627,5053.0088,4.99
209.3400,1012.261,5049.1577,4.988
209.3600,1011.285,5046.312,4.99
209.3800,1014.335,5061.5317,4.99
209.4000,1015.555,5067.6191,4.99
209.4200,1013.725,5060.5151,4.992
209.4400,1013.847,5057.0688,4.988
209.4600,1015.555,5063.5571,4.986
209.4800,1014.945,5062.5454,4.988
209.5000,1016.775,5073.707,4.99
209.5200,1014.232,5058.9893,4.988
209.5400,1013.622,5057.9736,4.99
209.5600,1012.402,5049.8608,4.988
209.5800,1016.55,5074.6177,4.992
209.6000,1015.208,5069.9487,4.994
209.6200,1013.012,5054.9297,4.99
209.6400,1012.768,5051.6865,4.988
209.6600,1014.354,5061.6265,4.99
209.6800,1014.11,5058.3804,4.988
209.7000,1010.938,5044.5806,4.99
209.7200,1009.841,5037.0869,4.988
209.7400,1011.792,5046.8184,4.988
209.7600,1013.622,5053.9194,4.986
209.7800,1015.208,5067.9185,4.992
209.8000,1013.134,5055.5381,4.99
209.8200,1009.353,5034.6528,4.988
209.8400,1010.695,5041.3467,4.988
209.8600,1013.988,5059.7998,4.99
209.8800,1013.744,5054.5278,4.986
209.9000,1010.572,5044.7759,4.992
209.9200,1011.67,5048.2329,4.99
209.9400,1012.89,5054.3208,4.99
209.9600,1016.55,5074.6177,4.992
209.9800,1015.33,5068.5273,4.992
210.0000,1013.134,5053.5122,4.988
210.0200,1011.548,5045.6011,4.988
210.0400,1011.304,5046.4067,4.99
210.0600,1014.476,5064.2642,4.992
210.0800,1014.354,5061.6265,4.99
210.1000,1009.475,5033.2422,4.986
210.1200,1012.158,5048.644,4.988
210.1400,1011.792,5046.8184,4.988
210.1600,1016.428,5074.0088,4.992
210.1800,1014.11,5060.4087,4.99
210.2000,1011.304,5044.3843,4.988
210.2200,1013.012,5052.9038,4.988
210.2400,1014.11,5060.4087,4.99
210.2600,1016.794,5073.8018,4.99
210.2800,1013.378,5054.7295,4.988
210.3000,1010.329,5041.5415,4.99
210.3200,1012.646,5051.0781,4.988
210.3400,1014.964,5066.7002,4.992
210.3600,1015.574,5065.6831,4.988
210.3800,1012.768,5053.7119,4.99
210.4000,1011.792,5044.7949,4.986
210.4200,1013.134,5055.5381,4.99
210.4400,1015.086,5069.3394,4.994
210.4600,1014.232,5065.0747,4.994
210.4800,1012.89,5056.3472,4.992
210.5000,1012.524,5048.4448,4.986
210.5200,1013.622,5060.001,4.992
210.5400,1015.208,5065.8877,4.99
210.5600,1015.818,5070.9634,4.992
210.5800,1011.304,5048.4297,4.992
210.6000,1010.695,5043.3677,4.99
210.6200,1010.329,5041.5415,4.99
210.6400,1014.354,5061.6265,4.99
210.6600,1015.086,5067.3096,4.992
210.6800,1009.353,5036.6714,4.99
210.7000,1011.67,5048.2329,4.99
210.7200,1013.866,5057.1636,4.988
210.7400,1017.038,5077.0537,4.992
210.7600,1010.816,5043.9717,4.99
210.7800,1011.548,5049.6475,4.992
210.8000,1012.402,5051.8857,4.99
210.8200,1014.964,5066.7002,4.992
210.8400,1015.696,5068.3228,4.99
210.8600,1014.598,5064.8735,4.992
210.8800,1012.524,5050.4697,4.988
210.9000,1011.06,5043.167,4.988
210.9200,1016.428,5069.9429,4.988
210.9400,1016.672,5075.2266,4.992
210.9600,1015.818,5068.9316,4.99
210.9800,1011.304,5048.4297,4.992
211.0000,1011.792,5044.7949,4.986
211.0200,1014.354,5059.5977,4.988
211.0400,1016.672,5075.2266,4.992
211.0600,1016.184,5068.7256,4.988
211.0800,990.81,4946.1235,4.992
211.1000,1025.577,5113.5273,4.986
211.1200,1032.897,5154.1558,4.99
211.1400,1002.765,5003.7974,4.99
211.1600,1048.8781,5233.9014,4.99
211.1800,1033.995,5159.6348,4.99
211.2000,676.805,3384.0249,5
211.2200,732.311,3657.1609,4.994
211.2400,695.836,3472.2214,4.99
211.2600,726.212,3625.2502,4.992
211.2800,687.784,3433.4177,4.992
211.3000,687.296,3429.6069,4.99
211.3200,732.311,3654.2317,4.99
211.3400,726.822,3626.8418,4.99
211.3600,759.393,3787.8523,4.988
211.3800,575.309,2878.8464,5.004
211.4000,527.488,2635.3298,4.996
211.4200,531.636,2652.8635,4.99
211.4400,535.174,2671.5886,4.992
211.4600,534.686,2668.083,4.99
211.4800,548.593,2736.3818,4.988
211.5000,535.296,2670.0564,4.988
211.5200,536.638,2678.897,4.992
211.5400,414.403,2070.3574,4.996
211.5600,430.75,2149.4424,4.99
211.5800,414.525,2068.4797,4.99
211.6000,443.071,2210.9243,4.99
211.6200,411.841,2055.9104,4.992
211.6400,415.135,2071.5237,4.99
211.6600,410.377,2047.7812,4.99
211.6800,415.013,2070.0847,4.988
211.7000,422.454,2107.2007,4.988
211.7200,425.138,2120.5884,4.988
211.7400,442.827,2210.5925,4.992
211.7600,419.038,2090.1614,4.988
211.7800,420.258,2097.0874,4.99
211.8000,413.671,2063.3909,4.988
211.8200,412.451,2058.9553,4.992
211.8400,423.674,2114.1333,4.99
211.8600,412.329,2057.5217,4.99
211.8800,419.038,2090.9995,4.99
211.9000,411.109,2050.6118,4.988
211.9200,412.695,2059.3479,4.99
211.9400,412.329,2055.8726,4.986
211.9600,412.695,2059.3479,4.99
211.9800,412.573,2057.9141,4.988
212.0000,413.671,2065.0457,4.992
212.0200,418.421,2087.9207,4.99
212.0400,422.69,2110.0686,4.992
212.0600,417.567,2081.989,4.986
212.0800,420.372,2097.6562,4.99
212.1000,425.374,2123.467,4.992
212.1200,412.687,2060.1335,4.992
212.1400,413.541,2065.2236,4.994
212.1600,412.321,2057.4817,4.99
212.1800,414.273,2068.8794,4.994
212.2000,414.029,2066.8328,4.992
212.2200,414.761,2070.4868,4.992
212.2400,428.424,2136.979,4.988
212.2600,414.761,2070.4868,4.992
212.2800,411.231,2051.2202,4.988
212.3000,417.087,2080.4299,4.988
212.3200,411.719,2052.8308,4.986
212.3400,413.671,2064.2183,4.99
212.3600,410.987,2050.0032,4.988
212.3800,413.915,2065.4358,4.99
212.4000,413.915,2066.2637,4.992
212.4200,413.305,2062.3918,4.99
212.4400,410.499,2048.3899,4.99
212.4600,413.427,2062.1738,4.988
212.4800,411.719,2053.6543,4.988
212.5000,413.915,2065.4358,4.99
212.5200,413.915,2064.6079,4.988
212.5400,412.451,2058.1304,4.99
212.5600,413.915,2066.2637,4.992
212.5800,412.939,2060.5654,4.99
212.6000,415.623,2073.9585,4.99
212.6200,411.719,2055.3013,4.992
212.6400,415.013,2071.7449,4.992
212.6600,412.207,2056.0884,4.988
212.6800,415.257,2072.1323,4.99
212.7000,412.207,2056.0884,4.988
212.7200,415.989,2076.6172,4.992
212.7400,411.841,2055.0864,4.99
212.7600,414.525,2070.1377,4.994
212.7800,410.613,2048.1377,4.988
212.8000,413.663,2065.0056,4.992
212.8200,410.247,2047.1324,4.99
212.8400,413.541,2064.3967,4.992
212.8600,410.735,2049.5674,4.99
212.8800,416.225,2076.9626,4.99
212.9000,411.711,2053.6145,4.988
212.9200,414.151,2066.6133,4.99
212.9400,410.857,2050.1763,4.99
212.9600,412.565,2057.8743,4.988
212.9800,411.955,2055.6553,4.99
213.0000,412.687,2059.3081,4.99
213.0200,413.419,2062.9607,4.99
213.0400,411.711,2053.6145,4.988
213.0600,414.273,2068.051,4.992
213.0800,412.565,2058.6992,4.99
213.1000,414.639,2069.8779,4.992
213.1200,412.321,2055.8325,4.986
213.1400,414.761,2070.4868,4.992
213.1600,411.955,2054.0076,4.986
213.1800,415.249,2072.9231,4.992
213.2000,411.467,2052.3975,4.988
213.2200,414.639,2069.0486,4.99
213.2400,410.247,2046.312,4.988
213.2600,415.493,2071.6482,4.986
213.2800,411.093,2051.354,4.99
213.3000,413.411,2062.094,4.988
213.3200,410.849,2050.1365,4.99
213.3400,413.777,2063.9197,4.988
213.3600,411.337,2052.5715,4.99
213.3800,413.167,2061.7031,4.99
213.4000,411.337,2052.5715,4.99
213.4200,413.655,2064.1384,4.99
213.4400,412.801,2059.0513,4.988
213.4600,412.679,2059.2681,4.99
213.4800,412.435,2058.8755,4.992
213.5000,414.265,2066.3538,4.988
213.5200,413.289,2062.312,4.99
213.5400,429.879,2143.3767,4.986
213.5600,413.899,2065.356,4.99
213.5800,412.313,2057.4417,4.99
213.6000,429.391,2142.6609,4.99
213.6200,412.923,2062.1375,4.994
213.6400,413.167,2063.356,4.994
213.6600,414.997,2071.665,4.992
213.6800,412.191,2056.833,4.99
213.7000,414.143,2065.7454,4.988
213.7200,413.045,2061.0945,4.99
213.7400,414.631,2069.0085,4.99
213.7600,411.825,2055.0068,4.99
213.7800,413.663,2064.1782,4.99
213.8000,411.101,2051.394,4.99
213.8200,414.151,2067.4419,4.992
213.8400,412.199,2056.873,4.99
213.8600,424.764,2120.4219,4.992
213.8800,411.223,2052.0027,4.99
213.9000,414.029,2066.0046,4.99
213.9200,411.467,2052.3975,4.988
213.9400,414.029,2065.1765,4.988
213.9600,411.467,2053.2202,4.99
213.9800,413.907,2065.396,4.99
214.0000,410.613,2048.9587,4.99
214.0200,412.443,2057.2656,4.988
214.0400,412.687,2059.3081,4.99
214.0600,420.128,2096.4385,4.99
214.0800,413.419,2062.134,4.988
214.1000,412.077,2055.4399,4.988
214.1200,412.565,2059.5244,4.992
214.1400,411.833,2054.2229,4.988
214.1600,413.419,2062.134,4.988
214.1800,411.955,2054.8315,4.988
214.2000,414.883,2070.2661,4.99
214.2200,412.199,2056.0486,4.988
214.2400,414.273,2066.3938,4.988
214.2600,412.321,2056.6572,4.988
214.2800,414.761,2069.6572,4.99
214.3000,411.345,2051.7888,4.988
214.3200,414.151,2066.6133,4.99
214.3400,411.589,2053.8289,4.99
214.3600,415.005,2070.875,4.99
214.3800,411.467,2052.3975,4.988
214.4000,414.883,2069.4363,4.988
214.4200,410.735,2048.7461,4.988
214.4400,414.761,2069.6572,4.99
214.4600,411.223,2052.0027,4.99
214.4800,414.517,2069.2688,4.992
214.5000,415.249,2071.262,4.988
214.5200,412.565,2058.6992,4.99
214.5400,412.321,2057.4817,4.99
214.5600,413.175,2060.9167,4.988
214.5800,418.299,2087.312,4.99
214.6000,412.687,2058.4827,4.988
214.6200,412.931,2060.5256,4.99
214.6400,412.443,2058.9155,4.992
214.6600,415.493,2074.1411,4.992
214.6800,413.907,2064.5681,4.988
214.7000,413.907,2066.2239,4.992
214.7200,411.223,2052.0027,4.99
214.7400,413.785,2066.4424,4.994
214.7600,411.345,2052.6116,4.99
214.7800,415.371,2072.7012,4.99
214.8000,411.101,2050.5718,4.988
214.8200,414.883,2069.4363,4.988
214.8400,411.467,2052.3975,4.988
214.8600,414.761,2070.4868,4.992
214.8800,411.467,2052.3975,4.988
214.9000,413.663,2064.1782,4.99
214.9200,411.345,2051.7888,4.988
214.9400,414.029,2066.0046,4.99
214.9600,410.491,2048.3501,4.99
214.9800,414.029,2066.0046,4.99
215.0000,410.613,2047.3165,4.986
215.0200,411.955,2054.8315,4.988
215.0400,412.443,2058.0903,4.99
215.0600,413.175,2061.7432,4.99
215.0800,412.931,2059.6997,4.988
215.1000,415.493,2072.479,4.988
215.1200,412.443,2057.2656,4.988
215.1400,413.663,2064.1782,4.99
215.1600,412.809,2059.9167,4.99
215.1800,413.419,2063.7878,4.992
215.2000,413.053,2061.1345,4.99
215.2200,411.223,2050.3579,4.986
215.2400,414.883,2069.4363,4.988
215.2600,411.711,2053.6145,4.988
215.2800,589.693,2935.4917,4.978
215.3000,414.517,2069.2688,4.992
215.3200,414.395,2068.6599,4.992
215.3400,415.493,2074.1411,4.992
215.3600,414.273,2067.2222,4.99
215.3800,415.005,2070.875,4.99
215.4000,427.57,2131.009,4.984
215.4200,415.371,2072.7012,4.99
215.4400,411.711,2054.4377,4.99
215.4600,415.615,2073.9187,4.99
215.4800,412.199,2056.873,4.99
215.5000,415.127,2071.4836,4.99
215.5200,411.223,2051.1802,4.988
215.5400,413.411,2062.9209,4.99
215.5600,411.459,2053.1804,4.99
215.5800,413.899,2066.1838,4.992
215.6000,414.753,2068.7878,4.988
215.6200,539.789,2688.1492,4.98
215.6400,539.179,2689.4248,4.988
215.6600,417.071,2083.6868,4.996
215.6800,416.949,2080.5754,4.99
215.7000,414.021,2065.9646,4.99
215.7200,412.801,2060.7026,4.992
215.7400,413.045,2060.2686,4.988
215.7600,414.143,2066.5735,4.99
215.7800,412.557,2057.8342,4.988
215.8000,414.143,2066.5735,4.99
215.8200,412.313,2056.6172,4.988
215.8400,416.095,2075.4819,4.988
215.8600,411.947,2055.6155,4.99
215.8800,415.607,2074.7102,4.992
215.9000,411.337,2051.749,4.988
215.9200,415.119,2071.4436,4.99
215.9400,411.459,2051.5347,4.986
215.9600,415.607,2073.8789,4.99
215.9800,412.313,2057.4417,4.99
216.0000,415.729,2074.4875,4.99
216.0200,410.849,2050.1365,4.99
216.0400,413.045,2060.2686,4.988
216.0600,410.727,2048.7063,4.988
216.0800,413.289,2063.1387,4.992
216.1000,411.337,2051.749,4.988
216.1200,412.679,2059.2681,4.99
216.1400,413.777,2063.9197,4.988
216.1600,412.923,2060.4856,4.99
216.1800,412.557,2057.8342,4.988
216.2000,413.167,2061.7031,4.99
216.2200,412.679,2057.6174,4.986
216.2400,430.367,2146.6707,4.988
216.2600,413.533,2062.7026,4.988
216.2800,412.435,2058.0505,4.99
216.3000,415.363,2073.4922,4.992
216.3200,412.191,2056.0088,4.988
216.3400,415.607,2074.7102,4.992
216.3600,412.679,2058.4426,4.988
216.3800,415.607,2073.8789,4.99
216.4000,412.069,2055.4001,4.988
216.4200,427.928,2135.3606,4.99
216.4400,411.459,2054.0034,4.992
216.4600,415.363,2071.8306,4.988
216.4800,410.727,2049.5276,4.99
216.5000,414.143,2066.5735,4.99
216.5200,411.215,2051.9626,4.99
216.5400,422.934,2110.4404,4.99
216.5600,412.077,2055.4399,4.988
216.5800,413.541,2062.7424,4.988
216.6000,415.859,2074.3047,4.988
216.6200,412.443,2057.2656,4.988
216.6400,412.565,2057.8743,4.988
216.6600,412.809,2059.0913,4.988
216.6800,412.931,2060.5256,4.99
216.7000,416.591,2078.7891,4.99
216.7200,413.419,2062.9607,4.99
216.7400,412.687,2060.1335,4.992
216.7600,421.104,2100.4668,4.988
216.7800,411.467,2052.3975,4.988
216.8000,415.249,2072.0923,4.99
216.8200,411.955,2054.0076,4.986
216.8400,415.737,2074.5276,4.99
216.8600,411.223,2052.8252,4.992
216.8800,414.883,2070.2661,4.99
216.9000,411.223,2051.1802,4.988
216.9200,415.127,2072.3142,4.992
216.9400,410.857,2050.1763,4.99
216.9600,414.395,2067.8308,4.99
216.9800,411.711,2054.4377,4.99
217.0000,415.005,2071.7051,4.992
217.0200,411.589,2053.0059,4.988
217.0400,427.57,2132.7192,4.988
217.0600,414.883,2070.2661,4.99
217.0800,412.809,2059.9167,4.99
217.1000,425.984,2123.9563,4.986
217.1200,415.737,2072.8647,4.986
217.1400,412.565,2058.6992,4.99
217.1600,425.496,2122.374,4.988
217.1800,415.615,2073.9187,4.99
217.2000,411.711,2053.6145,4.988
217.2200,428.424,2138.6926,4.992
217.2400,411.467,2053.2202,4.99
217.2600,414.761,2070.4868,4.992
217.2800,416.347,2077.5713,4.99
217.3000,413.785,2064.7871,4.99
217.3200,411.589,2054.6523,4.992
217.3400,423.422,2112.8757,4.99
217.3600,411.711,2055.2612,4.992
217.3800,412.443,2057.2656,4.988
217.4000,418.055,2085.2583,4.988
217.4200,413.053,2061.1345,4.99
217.4400,412.931,2061.3516,4.992
217.4600,418.542,2087.6875,4.988
217.4800,410.979,2051.6072,4.992
217.5000,412.321,2057.4817,4.99
217.5200,420.006,2096.6702,4.992
217.5400,412.077,2057.0884,4.992
217.5600,413.663,2065.833,4.994
217.5800,423.056,2111.0493,4.99
217.6000,418.786,2089.7422,4.99
217.6200,410.735,2047.9247,4.986
217.6400,574.322,2862.4211,4.984
217.6600,412.199,2056.873,4.99
217.6800,411.955,2056.4792,4.992
217.7000,421.47,2103.1353,4.99
217.7200,411.955,2056.4792,4.992
217.7400,412.321,2056.6572,4.988
217.7600,419.518,2093.3948,4.99
217.7800,412.443,2057.2656,4.988
217.8000,417.445,2083.0505,4.99
217.8200,424.276,2117.1372,4.99
217.8400,414.395,2068.6599,4.992
217.8600,412.321,2056.6572,4.988
217.8800,414.883,2069.4363,4.988
217.9000,411.345,2052.6116,4.99
217.9200,413.907,2064.5681,4.988
217.9400,420.982,2101.5422,4.992
217.9600,413.907,2064.5681,4.988
217.9800,411.101,2051.394,4.99
218.0000,418.908,2089.5129,4.988
218.0200,410.247,2046.312,4.988
218.0400,412.809,2059.9167,4.99
218.0600,413.175,2060.9167,4.988
218.0800,412.931,2058.874,4.986
218.1000,413.419,2062.9607,4.99
218.1200,412.077,2056.2642,4.99
218.1400,414.761,2071.3164,4.994
218.1600,412.077,2056.2642,4.99
218.1800,422.568,2110.3044,4.994
218.2000,411.955,2055.6553,4.99
218.2200,415.737,2074.5276,4.99
218.2400,411.467,2052.3975,4.988
218.2600,415.249,2072.0923,4.99
218.2800,411.963,2055.6953,4.99
218.3000,413.427,2064.6545,4.994
218.3200,420.38,2097.696,4.99
218.3400,413.915,2065.4358,4.99
218.3600,411.841,2054.2629,4.988
218.3800,414.525,2068.4797,4.99
218.4000,410.377,2048.6021,4.992
218.4200,413.061,2060.3481,4.988
218.4400,410.865,2050.2163,4.99
218.4600,413.915,2065.4358,4.99
218.4800,412.085,2055.48,4.988
218.5000,413.427,2063.0007,4.99
218.5200,411.841,2054.2629,4.988
218.5400,412.939,2059.7397,4.988
218.5600,414.525,2068.4797,4.99
218.5800,412.085,2055.48,4.988
218.6000,416.111,2076.3938,4.99
218.6200,411.719,2053.6543,4.988
218.6400,414.403,2068.7,4.992
218.6600,411.963,2056.5193,4.992
218.6800,415.013,2071.7449,4.992
218.7000,411.475,2053.2603,4.99
218.7200,419.404,2092.8259,4.99
218.7400,418.428,2087.1189,4.988
218.7600,429.042,2141.7776,4.992
218.7800,436.719,2178.3542,4.988
218.8000,417.933,2085.4856,4.99
218.8200,420.738,2099.4827,4.99
218.8400,427.326,2132.3567,4.99
218.8600,412.443,2057.2656,4.988
218.8800,413.175,2061.7432,4.99
218.9000,413.297,2061.5254,4.988
218.9200,414.273,2067.2222,4.99
218.9400,430.253,2146.1018,4.988
218.9600,412.809,2060.7424,4.992
218.9800,412.565,2057.8743,4.988
219.0000,413.541,2063.5693,4.99
219.0200,430.619,2148.7886,4.99
219.0400,420.982,2101.5422,4.992
219.0600,417.567,2081.989,4.986
219.0800,419.762,2094.6123,4.99
219.1000,414.395,2067.8308,4.99
219.1200,411.711,2054.4377,4.99
219.1400,413.419,2062.9607,4.99
219.1600,411.223,2050.3579,4.986
219.1800,414.395,2067.0022,4.988
219.2000,411.345,2051.7888,4.988
219.2200,413.663,2064.1782,4.99
219.2400,412.321,2058.3066,4.992
219.2600,414.883,2070.2661,4.99
219.2800,411.955,2054.8315,4.988
219.3000,414.395,2067.0022,4.988
219.3200,411.833,2055.0466,4.99
219.3400,414.639,2069.0486,4.99
219.3600,416.835,2079.1729,4.988
219.3800,414.395,2067.8308,4.99
219.4000,410.979,2049.1414,4.986
219.4200,413.785,2065.6147,4.992
219.4400,411.223,2050.3579,4.986
219.4600,421.836,2104.9614,4.99
219.4800,416.347,2075.906,4.986
219.5000,413.541,2063.5693,4.99
219.5200,412.077,2057.9126,4.994
219.5400,412.931,2060.5256,4.99
219.5600,412.443,2058.0903,4.99
219.5800,412.931,2059.6997,4.988
219.6000,414.395,2070.3174,4.996
219.6200,412.809,2059.0913,4.988
219.6400,423.544,2114.3318,4.992
219.6600,536.872,2675.7703,4.984
219.6800,535.774,2672.4407,4.988
219.7000,536.14,2673.1941,4.986
219.7200,536.018,2673.6577,4.988
219.7400,536.75,2677.3088,4.988
219.7600,412.321,2059.9558,4.996
219.7800,412.939,2062.2173,4.994
219.8000,412.085,2056.304,4.99
219.8200,414.159,2066.6533,4.99
219.8400,411.719,2054.4778,4.99
219.8600,415.257,2072.9629,4.992
219.8800,412.695,2058.5227,4.988
219.9000,415.867,2075.1763,4.99
219.9200,412.085,2056.304,4.99
219.9400,415.623,2074.79,4.992
219.9600,411.109,2050.6118,4.988
219.9800,419.282,2091.3787,4.988
220.0000,413.671,2063.3909,4.988
220.0200,414.525,2069.3088,4.992
220.0400,412.207,2056.0884,4.988
220.0600,413.793,2064.8269,4.99
220.0800,411.963,2054.0476,4.986
220.1000,413.671,2064.2183,4.99
220.1200,411.231,2052.0425,4.99
220.1400,413.671,2064.2183,4.99
220.1600,410.255,2046.3519,4.988
220.1800,412.939,2060.5654,4.99
220.2000,410.987,2050.825,4.99
220.2200,413.793,2064.8269,4.99
220.2400,411.231,2051.2202,4.988
220.2600,412.695,2059.3479,4.99
220.2800,414.281,2068.0908,4.992
220.3000,412.207,2056.9128,4.99
220.3200,414.159,2066.6533,4.99
220.3400,411.719,2053.6543,4.988
220.3600,414.647,2069.0884,4.99
220.3800,411.109,2050.6118,4.988
220.4000,416.477,2078.22,4.99
220.4200,412.085,2055.48,4.988
220.4400,415.501,2074.1812,4.992
220.4600,423.43,2112.9155,4.99
220.4800,415.013,2072.575,4.994
220.5000,414.159,2066.6533,4.99
220.5200,414.281,2067.2622,4.99
220.5400,410.751,2049.6475,4.99
220.5600,413.069,2059.562,4.986
220.5800,410.263,2047.2123,4.99
220.6000,412.825,2059.1711,4.988
220.6200,412.093,2056.344,4.99
220.6400,413.557,2063.6494,4.99
220.6600,411.727,2055.3411,4.992
220.6800,412.825,2060.8225,4.992
220.7000,411.971,2055.7354,4.99
220.7200,413.313,2062.4316,4.99
220.7400,412.825,2059.9968,4.99
220.7600,412.703,2060.2134,4.992
220.7800,414.899,2071.1758,4.992
220.8000,410.629,2047.3962,4.986
220.8200,422.95,2110.5205,4.99
220.8400,624.727,3111.1404,4.98
220.8600,556.777,2780.5442,4.994
220.8800,538.966,2691.5962,4.994
220.9000,411.483,2054.946,4.994
220.9200,413.801,2066.5222,4.994
220.9400,411.971,2055.7354,4.99
220.9600,413.191,2061.823,4.99
220.9800,409.897,2045.386,4.99
221.0000,413.557,2063.6494,4.99
221.0200,415.753,2074.6074,4.99
221.0400,412.825,2058.3455,4.986
221.0600,413.923,2065.4756,4.99
221.0800,411.849,2055.1265,4.99
221.1000,413.313,2062.4316,4.99
221.1200,412.459,2056.5208,4.986
221.1400,413.313,2063.2585,4.992
221.1600,412.093,2055.5198,4.988
221.1800,414.289,2067.302,4.99
221.2000,412.581,2057.9539,4.988
221.2200,414.655,2069.1284,4.99
221.2400,411.849,2055.1265,4.99
221.2600,415.509,2073.3899,4.99
221.2800,411.719,2054.4778,4.99
221.3000,412.695,2059.3479,4.99
221.3200,410.377,2047.7812,4.99
221.3400,413.427,2063.0007,4.99
221.3600,410.865,2049.3945,4.988
221.3800,413.427,2062.1738,4.988
221.4000,411.597,2053.8689,4.99
221.4200,413.915,2064.6079,4.988
221.4400,411.109,2050.6118,4.988
221.4600,413.671,2063.3909,4.988
221.4800,410.865,2050.2163,4.99
221.5000,413.183,2061.7832,4.99
221.5200,411.353,2052.6514,4.99
221.5400,413.061,2061.1743,4.99
221.5600,413.427,2064.6545,4.994
221.5800,429.774,2144.572,4.99
221.6000,414.525,2068.4797,4.99
221.6200,412.573,2058.7393,4.99
221.6400,427.09,2132.8875,4.994
221.6600,565.306,2815.2241,4.98
221.6800,411.475,2052.4373,4.988
221.7000,413.305,2062.3918,4.99
221.7200,411.475,2053.2603,4.99
221.7400,413.915,2064.6079,4.988
221.7600,411.841,2054.2629,4.988
221.7800,463.086,2308.0208,4.984
221.8000,808.205,4018.3955,4.972
221.8200,744.524,3710.7078,4.984
221.8400,748.672,3731.3813,4.984
221.8600,733.423,3656.8469,4.986
221.8800,743.792,3708.5469,4.986
221.9000,746.232,3723.6975,4.99
221.9200,742.328,3701.2476,4.986
221.9400,737.571,3681.9543,4.992
221.9600,757.822,3780.0161,4.988
221.9800,727.933,3632.3855,4.99
222.0000,963.258,4795.0986,4.978
222.0200,1021.693,5088.0312,4.98
222.0400,1014.861,5062.1265,4.988
222.0600,1022.913,5106.3818,4.992
222.0800,1021.449,5097.0303,4.99
222.1000,1019.863,5089.1162,4.99
222.1200,737.083,3685.415,5
222.1400,737.815,3683.1726,4.992
222.1600,749.892,3744.9607,4.994
222.1800,750.746,3746.2222,4.99
222.2000,731.959,3653.9392,4.992
222.2200,818.086,4078.9768,4.986
222.2400,733.423,3659.7805,4.99
222.2600,747.086,3726.4648,4.988
222.2800,737.313,3679.1917,4.99
222.3000,740.729,3696.2375,4.99
222.3200,743.29,3707.5303,4.988
222.3400,749.634,3740.6733,4.99
222.3600,742.07,3705.8977,4.994
222.3800,739.631,3690.7585,4.99
222.4000,730.359,3643.0308,4.988
222.4200,749.268,3737.3486,4.988
222.4400,729.139,3639.8618,4.992
222.4600,741.095,3698.0637,4.99
222.4800,736.825,3676.7566,4.99
222.5000,772.324,3853.8965,4.99
222.5200,747.438,3728.2207,4.988
222.5400,737.923,3683.7117,4.992
222.5600,751.708,3751.0227,4.99
222.5800,764.273,3810.6653,4.986
222.6000,750.244,3745.2183,4.992
222.6200,743.168,3708.4082,4.99
222.6400,737.557,3680.4092,4.99
222.6600,996.178,4958.9741,4.978
222.6800,1009.841,5033.0479,4.984
222.7000,1008.133,5024.5352,4.984
222.7200,1009.353,5032.6343,4.986
222.7400,1018.014,5079.8896,4.99
222.7600,820.877,4106.0269,5.002
222.7800,742.07,3705.8977,4.994
222.8000,735.849,3676.3015,4.996
222.8200,733.775,3661.5371,4.99
222.8400,729.993,3641.2048,4.988
222.8600,741.826,3700.228,4.988
222.8800,738.045,3684.3206,4.992
222.9000,733.775,3661.5371,4.99
222.9200,704.253,3514.2222,4.99
222.9400,749.512,3740.0649,4.99
222.9600,731.091,3649.6064,4.992
222.9800,745.486,3716.9934,4.986
223.0000,750.488,3744.9348,4.99
223.0200,745.364,3719.3662,4.99
223.0400,743.778,3711.4521,4.99
223.0600,743.534,3710.2344,4.99
223.0800,744.022,3711.1816,4.988
223.1000,746.462,3723.3523,4.988
223.1200,743.778,3712.9399,4.992
223.1400,752.562,3755.2842,4.99
223.1600,744.632,3717.2031,4.992
223.1800,749.268,3738.8472,4.99
223.2000,753.172,3755.3157,4.986
223.2200,742.558,3705.3643,4.99
223.2400,750.244,3742.217,4.988
223.2600,744.51,3715.1047,4.99
223.2800,744.768,3716.3921,4.99
223.3000,744.28,3713.9573,4.99
223.3200,742.084,3702.999,4.99
223.3400,753.43,3758.1086,4.988
223.3600,748.794,3734.9844,4.988
223.3800,742.938,3707.2605,4.99
223.4000,738.547,3685.3494,4.99
223.4200,746.476,3726.4084,4.992
223.4400,746.598,3725.5239,4.99
223.4600,738.547,3683.8723,4.988
223.4800,740.011,3695.6147,4.994
223.5000,734.399,3663.1821,4.988
223.5200,736.839,3673.8792,4.986
223.5400,751.112,3746.5466,4.988
223.5600,748.184,3733.438,4.99
223.5800,744.158,3711.8601,4.988
223.6000,733.545,3660.3894,4.99
223.6200,731.837,3653.3303,4.992
223.6400,728.299,3635.6687,4.992
223.6600,722.078,3603.1692,4.99
223.6800,720.736,3595.0312,4.988
223.7000,720.858,3598.5229,4.992
223.7200,719.15,3588.5583,4.99
223.7400,717.076,3578.209,4.99
223.7600,719.516,3590.3845,4.99
223.7800,733.165,3658.4932,4.99
223.8000,724.138,3613.4485,4.99
223.8200,724.382,3611.7688,4.986
223.8400,717.794,3580.3564,4.988
223.8600,735.361,3667.9807,4.988
223.8800,734.263,3663.9722,4.99
223.9000,745.73,3719.7012,4.988
223.9200,741.826,3700.228,4.988
223.9400,747.194,3728.4978,4.99
223.9600,734.141,3663.3633,4.99
223.9800,750.366,3744.3264,4.99
224.0000,731.213,3648.7527,4.99
224.0200,639.11,3190.437,4.992
224.0400,736.703,3674.6746,4.988
224.0600,748.048,3731.2632,4.988
224.0800,729.505,3638.771,4.988
224.1000,733.165,3657.0269,4.988
224.1200,734.629,3665.7986,4.99
224.1400,732.067,3653.0142,4.99
224.1600,729.383,3638.1624,4.988
224.1800,742.436,3706.2405,4.992
224.2000,733.653,3662.396,4.992
224.2200,786.597,3923.5457,4.988
224.2400,729.993,3644.125,4.992
224.2600,731.945,3653.8696,4.992
224.2800,731.715,3651.2578,4.99
224.3000,730.007,3641.2749,4.988
224.3200,730.129,3644.8042,4.992
224.3400,753.796,3762.9497,4.992
224.3600,730.373,3646.022,4.992
224.3800,730.495,3643.709,4.988
224.4000,733.789,3660.1394,4.988
224.4200,730.617,3645.7786,4.99
224.4400,780.512,3891.6331,4.986
224.4600,745.134,3718.2183,4.99
224.4800,782.83,3903.1904,4.986
224.5000,739.889,3693.5259,4.992
224.5200,755.626,3767.5513,4.986
224.5400,691.091,3449.9263,4.992
224.5600,748.184,3731.9419,4.988
224.5800,717.442,3580.0354,4.99
224.6000,739.645,3689.3494,4.988
224.6200,731.349,3647.9688,4.988
224.6400,743.304,3706.1138,4.986
224.6600,732.813,3656.7366,4.99
224.6800,675.598,3372.5854,4.992
224.7000,740.255,3692.3918,4.988
224.7200,727.079,3628.124,4.99
224.7400,731.715,3651.2578,4.99
224.7600,730.007,3644.1951,4.992
224.7800,765.005,3815.845,4.988
224.8000,518.339,2589.6216,4.996
224.8200,502.724,2510.6035,4.994
224.8400,414.525,2071.7959,4.998
224.8600,428.798,2140.5596,4.992
224.8800,454.538,2268.1445,4.99
224.9000,538.102,2684.0527,4.988
224.9200,537.98,2683.4441,4.988
224.9400,538.102,2682.9766,4.986
224.9600,537.98,2684.52,4.99
224.9800,413.671,2065.0457,4.992
225.0000,415.745,2074.5674,4.99
225.0200,412.329,2056.697,4.988
225.0400,414.037,2066.0444,4.99
225.0600,414.281,2068.0908,4.992
225.0800,413.915,2064.6079,4.988
225.1000,415.745,2074.5674,4.99
225.1200,413.183,2061.7832,4.99
225.1400,415.867,2074.3445,4.988
225.1600,413.427,2063.0007,4.99
225.1800,416.233,2077.8352,4.992
225.2000,413.305,2062.3918,4.99
225.2200,416.477,2077.3872,4.988
225.2400,413.061,2060.3481,4.988
225.2600,416.477,2079.0532,4.992
225.2800,412.451,2058.9553,4.992
225.3000,415.745,2073.7361,4.988
225.3200,413.183,2060.9568,4.988
225.3400,415.379,2072.7412,4.99
225.3600,413.427,2062.1738,4.988
225.3800,416.721,2078.6042,4.988
225.4000,413.305,2061.5652,4.988
225.4200,415.257,2072.1323,4.99
225.4400,414.403,2068.7,4.992
225.4600,412.939,2058.9138,4.986
225.4800,414.769,2070.5269,4.992
225.5000,415.379,2071.9104,4.988
225.5200,424.162,2117.4167,4.992
225.5400,412.451,2058.1304,4.99
225.5600,415.501,2073.3499,4.99
225.5800,412.573,2059.5645,4.992
225.6000,415.013,2070.9148,4.99
225.6200,415.623,2073.1274,4.988
225.6400,415.013,2071.7449,4.992
225.6600,412.817,2059.9568,4.99
225.6800,456.856,2277.884,4.986
225.7000,414.403,2067.0422,4.988
225.7200,415.013,2071.7449,4.992
225.7400,414.769,2068.8679,4.988
225.7600,419.526,2092.5957,4.988
225.7800,424.528,2118.3948,4.99
225.8000,429.164,2140.6699,4.988
225.8200,423.308,2111.4604,4.988
225.8400,420.746,2098.6809,4.988
225.8600,415.379,2073.572,4.992
225.8800,417.087,2081.2642,4.99
225.9000,417.819,2084.0811,4.988
225.9200,413.427,2063.0007,4.99
225.9400,412.939,2059.7397,4.988
225.9600,415.623,2073.1274,4.988
225.9800,416.477,2078.22,4.99
226.0000,414.647,2069.918,4.992
226.0200,421.112,2102.1912,4.992
226.0400,421.478,2102.3323,4.988
226.0600,423.552,2112.6772,4.988
226.0800,421.844,2105.8452,4.992
226.1000,414.159,2066.6533,4.99
226.1200,412.939,2059.7397,4.988
226.1400,414.403,2067.8708,4.99
226.1600,412.817,2060.7825,4.992
226.1800,414.037,2066.0444,4.99
226.2000,415.745,2073.7361,4.988
226.2200,415.867,2076.0081,4.992
226.2400,416.111,2076.3938,4.99
226.2600,415.623,2072.2961,4.986
226.2800,414.769,2069.6973,4.99
226.3000,415.745,2075.3992,4.992
226.3200,413.671,2063.3909,4.988
226.3400,413.915,2065.4358,4.99
226.3600,414.159,2066.6533,4.99
226.3800,413.793,2063.9995,4.988
226.4000,413.549,2062.7825,4.988
226.4200,414.403,2067.0422,4.988
226.4400,413.671,2064.2183,4.99
226.4600,414.281,2065.6052,4.986
226.4800,414.769,2068.0383,4.986
226.5000,413.549,2063.6094,4.99
226.5200,415.013,2069.2549,4.986
226.5400,413.907,2065.396,4.99
226.5600,415.371,2071.8706,4.988
226.5800,414.639,2068.2192,4.988
226.6000,415.615,2073.9187,4.99
226.6200,415.981,2074.9131,4.988
226.6400,438.061,2185.9243,4.99
226.6600,416.225,2076.9626,4.99
226.6800,416.957,2078.9475,4.986
226.7000,416.225,2076.1304,4.988
226.7200,415.127,2072.3142,4.992
226.7400,413.297,2061.5254,4.988
226.7600,412.931,2060.5256,4.99
226.7800,413.297,2061.5254,4.988
226.8000,412.199,2056.0486,4.988
226.8200,412.931,2060.5256,4.99
226.8400,412.809,2058.2656,4.986
226.8600,414.029,2064.3486,4.986
226.8800,415.371,2071.8706,4.988
226.9000,416.347,2077.5713,4.99
226.9200,416.835,2080.0066,4.99
226.9400,417.079,2081.2241,4.99
226.9600,414.517,2067.6108,4.988
226.9800,412.931,2060.5256,4.99
227.0000,412.565,2058.6992,4.99
227.0200,420.738,2099.4827,4.99
227.0400,417.201,2080.9985,4.988
227.0600,414.151,2066.6133,4.99
227.0800,414.151,2066.6133,4.99
227.1000,415.127,2071.4836,4.99
227.1200,416.347,2076.7388,4.988
227.1400,416.225,2077.7952,4.992
227.1600,422.568,2107.769,4.988
227.1800,413.297,2063.1787,4.992
227.2000,414.395,2068.6599,4.992
227.2200,413.541,2062.7424,4.988
227.2400,414.273,2067.2222,4.99
227.2600,414.273,2067.2222,4.99
227.2800,414.517,2068.4397,4.99
227.3000,416.103,2077.1863,4.992
227.3200,415.493,2073.3101,4.99
227.3400,415.249,2072.0923,4.99
227.3600,414.761,2070.4868,4.992
227.3800,412.443,2058.9155,4.992
227.4000,412.565,2057.0491,4.986
227.4200,413.785,2064.7871,4.99
227.4400,414.395,2068.6599,4.992
227.4600,416.103,2075.5217,4.988
227.4800,416.835,2080.8403,4.992
227.5000,415.859,2075.9683,4.992
227.5200,414.029,2065.1765,4.988
227.5400,507.106,2527.4163,4.984
227.5600,524.551,2618.5588,4.992
227.5800,416.469,2079.8462,4.994
227.6000,418.177,2086.7031,4.99
227.6200,418.542,2086.8503,4.986
227.6400,417.201,2081.8328,4.99
227.6600,417.323,2083.2764,4.992
227.6800,412.809,2058.2656,4.986
227.7000,537.847,2680.6294,4.984
227.7200,536.506,2677.1648,4.99
227.7400,535.652,2671.832,4.988
227.7600,415.249,2072.0923,4.99
227.7800,413.785,2063.9595,4.988
227.8000,415.005,2069.2151,4.986
227.8200,413.785,2063.9595,4.988
227.8400,415.127,2071.4836,4.99
227.8600,415.493,2074.1411,4.992
227.8800,416.591,2079.6223,4.992
227.9000,417.079,2081.2241,4.99
227.9200,415.005,2070.0449,4.988
227.9400,412.565,2059.5244,4.992
227.9600,412.565,2058.6992,4.99
227.9800,414.151,2064.957,4.986
228.0000,415.005,2070.0449,4.988
228.0200,415.005,2070.875,4.99
228.0400,415.859,2075.1365,4.99
228.0600,418.542,2088.5244,4.99
228.0800,418.542,2088.5244,4.99
228.1000,414.029,2066.0046,4.99
228.1200,413.297,2060.699,4.986
228.1400,414.029,2065.1765,4.988
228.1600,414.761,2069.6572,4.99
228.1800,414.639,2069.0486,4.99
228.2000,416.103,2077.1863,4.992
228.2200,419.396,2094.4636,4.994
228.2400,415.615,2073.9187,4.99
228.2600,413.297,2061.5254,4.988
228.2800,418.542,2086.0134,4.984
228.3000,412.565,2059.5244,4.992
228.3200,413.785,2065.6147,4.992
228.3400,413.175,2060.9167,4.988
228.3600,415.737,2072.8647,4.986
228.3800,416.225,2077.7952,4.992
228.4000,416.225,2076.9626,4.99
228.4200,414.151,2064.957,4.986
228.4400,415.371,2072.7012,4.99
228.4600,413.541,2062.7424,4.988
228.4800,414.273,2066.3938,4.988
228.5000,415.005,2070.0449,4.988
228.5200,415.615,2073.9187,4.99
228.5400,416.949,2080.5754,4.99
228.5600,415.363,2073.4922,4.992
228.5800,419.876,2095.1812,4.99
228.6000,414.143,2065.7454,4.988
228.6200,413.045,2060.2686,4.988
228.6400,412.923,2059.6599,4.988
228.6600,414.387,2068.6199,4.992
228.6800,415.729,2075.3193,4.992
228.7000,416.461,2078.1404,4.99
228.7200,415.973,2076.5371,4.992
228.7400,413.289,2062.312,4.99
228.7600,413.411,2062.094,4.988
228.7800,413.045,2059.4424,4.986
228.8000,412.931,2059.6997,4.988
228.8200,414.151,2065.7852,4.988
228.8400,415.249,2072.0923,4.99
228.8600,416.957,2080.6152,4.99
228.8800,417.811,2086.5481,4.994
228.9000,415.127,2070.6536,4.988
228.9200,413.541,2063.5693,4.99
228.9400,414.029,2066.0046,4.99
228.9600,413.297,2062.3518,4.99
228.9800,415.005,2070.875,4.99
229.0000,415.371,2073.532,4.992
229.0200,416.591,2079.6223,4.992
229.0400,417.201,2082.6675,4.992
229.0600,415.859,2075.1365,4.99
229.0800,413.297,2061.5254,4.988
229.1000,413.053,2061.1345,4.99
229.1200,414.151,2066.6133,4.99
229.1400,414.761,2068.8279,4.988
229.1600,415.249,2072.0923,4.99
229.1800,416.469,2078.1802,4.99
229.2000,415.615,2073.9187,4.99
229.2200,424.764,2118.7229,4.988
229.2400,413.053,2060.3083,4.988
229.2600,413.541,2062.7424,4.988
229.2800,413.785,2064.7871,4.99
229.3000,414.395,2067.0022,4.988
229.3200,433.181,2160.7068,4.988
229.3400,415.859,2074.3047,4.988
229.3600,416.469,2077.3474,4.988
229.3800,415.005,2071.7051,4.992
229.4000,413.663,2063.3511,4.988
229.4200,412.931,2059.6997,4.988
229.4400,413.297,2062.3518,4.99
229.4600,430.009,2145.7449,4.99
229.4800,415.737,2074.5276,4.99
229.5000,415.981,2074.9131,4.988
229.5200,415.249,2072.0923,4.99
229.5400,416.225,2076.9626,4.99
229.5600,414.395,2067.0022,4.988
229.5800,431.351,2152.4414,4.99
229.6000,414.273,2066.3938,4.988
229.6200,414.029,2065.1765,4.988
229.6400,415.615,2073.0876,4.988
229.6600,415.615,2073.9187,4.99
229.6800,416.103,2078.0183,4.994
229.7000,414.273,2068.051,4.992
229.7200,443.672,2214.8105,4.992
229.7400,423.666,2113.2458,4.988
229.7600,417.445,2084.7205,4.994
229.7800,413.785,2064.7871,4.99
229.8000,421.104,2100.4668,4.988
229.8200,413.785,2064.7871,4.99
229.8400,413.297,2061.5254,4.988
229.8600,413.297,2062.3518,4.99
229.8800,414.273,2067.2222,4.99
229.9000,416.469,2078.1802,4.99
229.9200,416.225,2076.9626,4.99
229.9400,414.761,2069.6572,4.99
229.9600,413.541,2064.3967,4.992
229.9800,412.199,2056.0486,4.988
230.0000,413.785,2063.9595,4.988
230.0200,414.395,2068.6599,4.992
230.0400,414.883,2069.4363,4.988
230.0600,413.907,2064.5681,4.988
230.0800,416.591,2077.9558,4.988
230.1000,607.015,3021.7209,4.978
230.1200,439.769,2196.2065,4.994
230.1400,419.884,2095.2212,4.99
230.1600,421.226,2101.9177,4.99
230.1800,420.982,2099.8582,4.988
230.2000,420.616,2098.0325,4.988
230.2200,435.133,2170.4434,4.988
230.2400,416.347,2077.5713,4.99
230.2600,422.446,2108.8506,4.992
230.2800,416.225,2076.9626,4.99
230.3000,415.737,2074.5276,4.99
230.3200,413.663,2064.1782,4.99
230.3400,413.297,2060.699,4.986
230.3600,413.297,2062.3518,4.99
230.3800,415.493,2072.479,4.988
230.4000,415.493,2074.1411,4.992
230.4200,415.737,2076.1907,4.994
230.4400,416.591,2079.6223,4.992
230.4600,414.883,2070.2661,4.99
230.4800,413.297,2061.5254,4.988
230.5000,418.786,2089.7422,4.99
230.5200,414.273,2065.5652,4.986
230.5400,414.517,2068.4397,4.99
230.5600,414.517,2068.4397,4.99
230.5800,417.567,2083.6592,4.99
230.6000,416.225,2077.7952,4.992
230.6200,415.737,2076.1907,4.994
230.6400,427.082,2131.1392,4.99
230.6600,420.738,2099.4827,4.99
230.6800,419.762,2093.7727,4.988
230.7000,419.152,2091.5684,4.99
230.7200,420.616,2098.0325,4.988
230.7400,416.713,2078.5645,4.988
230.7600,416.713,2080.2314,4.992
230.7800,417.323,2081.6072,4.988
230.8000,416.111,2076.3938,4.99
230.8200,416.843,2079.2129,4.988
230.8400,415.257,2072.1323,4.99
230.8600,414.159,2064.9968,4.986
230.8800,412.817,2059.1311,4.988
230.9000,414.769,2070.5269,4.992
230.9200,413.793,2064.8269,4.99
230.9400,415.135,2070.6934,4.988
230.9600,415.745,2074.5674,4.99
230.9800,416.843,2080.8801,4.992
231.0000,415.501,2073.3499,4.99
231.0200,414.159,2066.6533,4.99
231.0400,413.671,2065.0457,4.992
231.0600,420.38,2096.8555,4.988
231.0800,420.502,2096.623,4.986
231.1000,420.502,2096.623,4.986
231.1200,421.478,2104.0183,4.992
231.1400,415.379,2073.572,4.992
231.1600,416.843,2080.0464,4.99
231.1800,416.355,2077.6113,4.99
231.2000,416.721,2080.2712,4.992
231.2200,414.525,2069.3088,4.992
231.2400,413.061,2061.1743,4.99
231.2600,414.159,2065.825,4.988
231.2800,414.525,2068.4797,4.99
231.3000,414.891,2070.3059,4.99
231.3200,415.013,2070.9148,4.99
231.3400,415.989,2075.7852,4.99
231.3600,416.965,2080.6553,4.99
231.3800,416.721,2080.2712,4.992
231.4000,413.183,2062.6096,4.992
231.4200,422.82,2108.1807,4.986
231.4400,414.281,2066.4336,4.988
231.4600,413.915,2065.4358,4.99
231.4800,414.891,2070.3059,4.99
231.5000,416.233,2077.0027,4.99
231.5200,416.355,2079.2769,4.994
231.5400,415.745,2074.5674,4.99
231.5600,415.623,2073.9585,4.99
231.5800,413.793,2064.8269,4.99
231.6000,413.427,2063.0007,4.99
231.6200,413.305,2061.5652,4.988
231.6400,413.061,2061.1743,4.99
231.6600,414.769,2068.8679,4.988
231.6800,417.209,2081.8728,4.99
231.7000,417.575,2083.6992,4.99
231.7200,513.337,2559.4983,4.986
231.7400,537.492,2679.9351,4.986
231.7600,538.468,2684.8015,4.986
231.7800,538.59,2686.4871,4.988
231.8000,538.955,2690.4634,4.992
231.8200,443.315,2214.8018,4.996
231.8400,412.329,2059.1711,4.994
231.8600,414.037,2065.2166,4.988
231.8800,413.183,2061.7832,4.99
231.9000,415.135,2072.354,4.992
231.9200,434.653,2168.0493,4.988
231.9400,417.331,2082.4814,4.99
231.9600,416.233,2076.1702,4.988
231.9800,412.939,2059.7397,4.988
232.0000,414.159,2065.825,4.988
232.0200,412.695,2058.5227,4.988
232.0400,422.942,2109.6345,4.988
232.0600,414.159,2066.6533,4.99
232.0800,414.647,2069.918,4.992
232.1000,416.599,2078.8289,4.99
232.1200,452.464,2257.7952,4.99
232.1400,666.924,3318.6138,4.976
232.1600,758.539,3779.0413,4.982
232.1800,763.785,3806.7043,4.984
232.2000,736.337,3672.8489,4.988
232.2200,732.311,3657.1609,4.994
232.2400,734.507,3666.6592,4.992
232.2600,732.189,3653.623,4.99
232.2800,740.851,3695.3647,4.988
232.3000,741.568,3698.9412,4.988
232.3200,746.082,3724.4412,4.992
232.3400,737.787,3680.0815,4.988
232.3600,997.379,4966.9478,4.98
232.3800,1018.361,5079.5845,4.988
232.4000,1023.606,5105.7466,4.988
232.4200,1021.898,5097.2271,4.988
232.4400,1014.213,5064.98,4.994
232.4600,757.793,3790.4807,5.002
232.4800,734.981,3673.4353,4.998
232.5000,747.058,3729.3135,4.992
232.5200,733.883,3663.5439,4.992
232.5400,737.665,3679.4729,4.988
232.5600,734.859,3668.4163,4.992
232.5800,735.957,3670.9534,4.988
232.6000,736.323,3675.7244,4.992
232.6200,749.01,3737.5598,4.99
232.6400,749.01,3739.0581,4.992
232.6600,760.111,3791.4338,4.988
232.6800,751.937,3749.158,4.986
232.7000,736.811,3676.6865,4.99
232.7200,744.252,3712.3291,4.988
232.7400,735.713,3669.7363,4.988
232.7600,741.568,3700.4241,4.99
232.7800,737.543,3678.8645,4.988
232.8000,730.955,3648.9275,4.992
232.8200,755.231,3765.5818,4.986
232.8400,744.374,3714.4263,4.99
232.8600,742.788,3707.9978,4.992
232.8800,734.371,3667.4485,4.994
232.9000,729.492,3638.7061,4.988
232.9200,752.669,3758.8291,4.994
232.9400,744.74,3716.2524,4.99
232.9600,751.084,3747.9089,4.99
232.9800,727.174,3628.5981,4.99
233.0000,747.79,3731.4719,4.99
233.0200,1016.287,5063.1416,4.982
233.0400,1022.02,5097.8359,4.988
233.0600,1037.025,5174.7544,4.99
233.0800,1015.067,5059.0942,4.984
233.1000,1012.139,5050.5732,4.99
233.1200,752.181,3760.9053,5
233.1400,742.544,3711.2351,4.998
233.1600,726.93,3627.3806,4.99
233.1800,733.761,3664.4023,4.994
233.2000,727.418,3632.7256,4.994
233.2200,729.492,3640.165,4.99
233.2400,730.223,3645.2734,4.992
233.2600,726.564,3625.5544,4.99
233.2800,747.18,3728.428,4.99
233.3000,701.909,3503.9297,4.992
233.3200,739.969,3690.9653,4.988
233.3400,746.8,3726.5317,4.99
233.3600,743.994,3714.0183,4.992
233.3800,748.264,3732.3406,4.988
233.4000,742.652,3707.3188,4.992
233.4200,747.776,3732.8979,4.992
233.4400,752.411,3753.0261,4.988
233.4600,742.774,3706.4421,4.99
233.4800,735.089,3668.094,4.99
233.5000,741.066,3697.9189,4.99
233.5200,752.045,3754.2087,4.992
233.5400,746.692,3723.0063,4.986
233.5600,742.422,3704.6855,4.99
233.5800,747.302,3729.0369,4.99
233.6000,743.398,3709.5559,4.99
233.6200,749.62,3742.103,4.992
233.6400,741.812,3701.6418,4.99
233.6600,748.034,3731.1936,4.988
233.6800,740.227,3692.2522,4.988
233.7000,735.347,3669.3813,4.99
233.7200,734.371,3664.511,4.99
233.7400,730.589,3647.1003,4.992
233.7600,731.077,3648.0742,4.99
233.7800,754.011,3764.0229,4.992
233.8000,750.962,3745.7983,4.988
233.8200,751.571,3750.3391,4.99
233.8400,736.201,3676.5876,4.994
233.8600,742.056,3702.8594,4.99
233.8800,736.689,3676.0781,4.99
233.9000,750.596,3743.9729,4.988
233.9200,749.986,3742.4302,4.99
233.9400,743.52,3710.1648,4.99
233.9600,724.978,3619.0903,4.992
233.9800,729.614,3642.2332,4.992
234.0000,725.588,3622.1355,4.992
234.0200,731.809,3650.2634,4.988
234.0400,721.196,3598.7678,4.99
234.0600,720.22,3596.7786,4.994
234.0800,718.513,3586.8169,4.992
234.1000,717.903,3583.772,4.992
234.1200,713.633,3561.0286,4.99
234.1400,733.395,3661.1079,4.992
234.1600,722.904,3605.845,4.988
234.1800,724.246,3613.9873,4.99
234.2000,717.903,3582.3359,4.99
234.2200,723.27,3609.1172,4.99
234.2400,744.008,3711.1118,4.988
234.2600,738.885,3687.0361,4.99
234.2800,727.784,3633.0979,4.992
234.3000,737.665,3679.4729,4.988
234.3200,748.766,3736.342,4.99
234.3400,733.151,3659.8899,4.992
234.3600,744.862,3713.8821,4.986
234.3800,736.811,3675.2131,4.988
234.4000,740.593,3695.5591,4.99
234.4200,736.689,3674.6047,4.988
234.4400,739.251,3687.3838,4.988
234.4600,728.15,3634.925,4.992
234.4800,729.614,3640.7737,4.99
234.5000,730.223,3643.8127,4.99
234.5200,753.523,3758.5728,4.988
234.5400,730.589,3645.6389,4.99
234.5600,726.32,3624.3367,4.99
234.5800,731.321,3649.2915,4.99
234.6000,727.174,3627.1438,4.988
234.6200,733.273,3659.0322,4.99
234.6400,728.272,3634.0769,4.99
234.6600,728.882,3635.6633,4.988
234.6800,727.296,3629.207,4.99
234.7000,729.248,3638.9473,4.99
234.7200,727.906,3632.2507,4.99
234.7400,727.052,3623.6274,4.984
234.7600,728.638,3635.9036,4.99
234.7800,771.822,3849.8481,4.988
234.8000,791.462,3947.8123,4.988
234.8200,768.894,3838.3188,4.992
234.8400,749.986,3740.9302,4.988
234.8600,746.936,3725.7166,4.988
234.8800,672.523,3357.2349,4.992
234.9000,755.109,3766.4836,4.988
234.9200,700.702,3496.5029,4.99
234.9400,722.904,3607.2908,4.99
234.9600,742.666,3704.418,4.988
234.9800,739.007,3689.123,4.992
235.0000,759.623,3790.5186,4.99
235.0200,695.335,3471.1125,4.992
235.0400,762.428,3802.9907,4.988
235.0600,736.567,3673.9963,4.988
235.0800,733.029,3656.3486,4.988
235.1000,743.764,3708.4072,4.986
235.1200,654.713,3273.5649,5
235.1400,551.754,2755.4595,4.994
235.1600,518.573,2589.7534,4.994
235.1800,413.663,2065.833,4.994
235.2000,413.175,2061.7432,4.99
235.2200,446.356,2225.531,4.986
235.2400,539.189,2688.3965,4.986
235.2600,413.541,2065.2236,4.994
235.2800,413.907,2066.2239,4.992
235.3000,413.533,2064.3567,4.992
235.3200,414.997,2070.835,4.99
235.3400,429.513,2144.1289,4.992
235.3600,417.559,2084.4546,4.992
235.3800,417.559,2084.4546,4.992
235.4000,414.143,2067.4019,4.992
235.4200,412.435,2057.2258,4.988
235.4400,412.923,2059.6599,4.988
235.4600,414.509,2068.3999,4.99
235.4800,415.363,2072.6614,4.99
235.5000,422.438,2107.9656,4.99
235.5200,423.292,2112.2271,4.99
235.5400,423.536,2114.2917,4.992
235.5600,444.396,2219.3135,4.994
235.5800,416.949,2081.4094,4.992
235.6000,418.291,2088.1086,4.992
235.6200,413.289,2062.312,4.99
235.6400,413.533,2062.7026,4.988
235.6600,414.021,2065.9646,4.99
235.6800,413.777,2064.7471,4.99
235.7000,414.753,2068.7878,4.988
235.7200,416.461,2078.9734,4.992
235.7400,418.413,2088.7178,4.992
235.7600,537.593,2680.4387,4.986
235.7800,414.631,2069.8381,4.992
235.8000,412.801,2059.877,4.99
235.8200,412.679,2059.2681,4.99
235.8400,422.194,2106.748,4.99
235.8600,415.119,2072.2739,4.992
235.8800,415.241,2071.2222,4.988
235.9000,416.217,2076.9229,4.99
235.9200,416.461,2078.9734,4.992
235.9400,414.143,2066.5735,4.99
235.9600,413.899,2064.5281,4.988
235.9800,414.265,2066.3538,4.988
236.0000,414.143,2066.5735,4.99
236.0200,414.143,2065.7454,4.988
236.0400,414.387,2066.9624,4.988
236.0600,416.583,2078.749,4.99
236.0800,423.78,2115.5098,4.992
236.1000,415.119,2072.2739,4.992
236.1200,424.39,2118.5549,4.992
236.1400,412.557,2057.8342,4.988
236.1600,413.777,2063.0923,4.986
236.1800,414.631,2069.0085,4.99
236.2000,414.631,2070.6672,4.994
236.2200,415.607,2074.7102,4.992
236.2400,422.56,2109.4194,4.992
236.2600,414.265,2067.1824,4.99
236.2800,412.801,2059.877,4.99
236.3000,413.899,2064.5281,4.988
236.3200,413.167,2061.7031,4.99
236.3400,413.411,2063.7478,4.992
236.3600,415.119,2071.4436,4.99
236.3800,415.851,2075.0964,4.99
236.4000,415.851,2074.2649,4.988
236.4200,416.217,2077.7554,4.992
236.4400,413.777,2064.7471,4.99
236.4600,412.679,2058.4426,4.988
236.4800,432.441,2157.0156,4.988
236.5000,415.607,2073.8789,4.99
236.5200,414.753,2068.7878,4.988
236.5400,415.973,2076.5371,4.992
236.5600,432.197,2155.7986,4.988
236.5800,416.705,2079.3577,4.99
236.6000,421.462,2103.0952,4.99
236.6200,412.801,2059.877,4.99
236.6400,413.167,2060.877,4.988
236.6600,413.899,2065.356,4.99
236.6800,415.363,2071,4.986
236.7000,415.363,2072.6614,4.99
236.7200,416.217,2076.0903,4.988
236.7400,417.559,2084.4546,4.992
236.7600,414.631,2069.8381,4.992
236.7800,412.801,2059.0513,4.988
236.8000,413.411,2060.4407,4.984
236.8200,413.533,2063.5295,4.99
236.8400,414.265,2068.011,4.992
236.8600,414.631,2068.1794,4.988
236.8800,417.193,2080.1243,4.986
236.9000,416.949,2082.2434,4.994
236.9200,415.241,2072.8831,4.992
236.9400,412.069,2056.2241,4.99
236.9600,413.411,2062.094,4.988
236.9800,413.777,2065.575,4.992
237.0000,413.533,2063.5295,4.99
237.0200,414.753,2070.447,4.992
237.0400,415.363,2072.6614,4.99
237.0600,416.339,2077.5315,4.99
237.0800,416.217,2076.9229,4.99
237.1000,413.899,2066.1838,4.992
237.1200,418.413,2087.0439,4.988
237.1400,413.167,2062.5298,4.992
237.1600,413.655,2063.311,4.988
237.1800,414.631,2069.8381,4.992
237.2000,415.485,2073.27,4.99
237.2200,416.827,2079.9666,4.99
237.2400,415.119,2072.2739,4.992
237.2600,413.533,2062.7026,4.988
237.2800,412.557,2058.6594,4.99
237.3000,412.679,2059.2681,4.99
237.3200,413.777,2065.575,4.992
237.3400,414.021,2065.1367,4.988
237.3600,415.119,2070.6135,4.988
237.3800,416.583,2078.749,4.99
237.4000,416.705,2079.3577,4.99
237.4200,414.875,2071.0562,4.992
237.4400,412.679,2058.4426,4.988
237.4600,414.021,2064.3086,4.986
237.4800,414.021,2066.793,4.992
237.5000,415.973,2076.5371,4.992
237.5200,417.559,2083.6194,4.99
237.5400,415.973,2077.3691,4.994
237.5600,432.685,2159.0981,4.99
237.5800,423.17,2112.4648,4.992
237.6000,421.462,2103.0952,4.99
237.6200,421.34,2103.3293,4.992
237.6400,414.631,2069.0085,4.99
237.6600,413.899,2066.1838,4.992
237.6800,414.753,2070.447,4.992
237.7000,414.631,2069.8381,4.992
237.7200,415.851,2075.9282,4.992
237.7400,417.803,2084.8369,4.99
237.7600,441.224,2201.7078,4.99
237.7800,555.037,2768.5244,4.988
237.8000,417.071,2083.6868,4.996
237.8200,415.851,2075.9282,4.992
237.8400,414.753,2071.2764,4.994
237.8600,415.485,2073.27,4.99
237.8800,414.875,2070.2261,4.99
237.9000,415.119,2071.4436,4.99
237.9200,415.241,2073.7136,4.994
237.9400,416.339,2078.3643,4.992
237.9600,417.071,2082.0186,4.992
237.9800,413.167,2063.356,4.994
238.0000,413.289,2063.1387,4.992
238.0200,413.045,2061.0945,4.99
238.0400,412.679,2060.0935,4.992
238.0600,413.777,2065.575,4.992
238.0800,414.631,2069.8381,4.992
238.1000,415.973,2075.7051,4.99
238.1200,417.925,2084.6099,4.988
238.1400,413.533,2065.1838,4.994
238.1600,412.923,2060.4856,4.99
238.1800,414.021,2065.9646,4.99
238.2000,413.533,2062.7026,4.988
238.2200,414.753,2068.7878,4.988
238.2400,415.607,2073.0476,4.988
238.2600,435.003,2170.6648,4.99
238.2800,416.949,2081.4094,4.992
238.3000,416.225,2077.7952,4.992
238.3200,414.151,2066.6133,4.99
238.3400,413.053,2061.9607,4.992
238.3600,413.297,2063.1787,4.992
238.3800,413.785,2066.4424,4.994
238.4000,415.859,2075.9683,4.992
238.4200,416.347,2079.2368,4.994
238.4400,417.689,2085.9387,4.994
238.4600,414.273,2068.051,4.992
238.4800,411.955,2054.8315,4.988
238.5000,413.663,2064.1782,4.99
238.5200,413.419,2062.134,4.988
238.5400,422.324,2107.3967,4.99
238.5600,416.103,2077.1863,4.992
238.5800,416.347,2077.5713,4.99
238.6000,417.201,2082.6675,4.992
238.6200,414.883,2071.0959,4.992
238.6400,412.931,2060.5256,4.99
238.6600,412.931,2060.5256,4.99
238.6800,413.175,2060.9167,4.988
238.7000,413.907,2066.2239,4.992
238.7200,415.859,2075.1365,4.99
238.7400,416.469,2079.0132,4.992
238.7600,416.225,2076.9626,4.99
238.7800,420.372,2098.4971,4.992
238.8000,414.395,2067.8308,4.99
238.8200,413.053,2061.1345,4.99
238.8400,412.809,2059.0913,4.988
238.8600,414.273,2066.3938,4.988
238.8800,414.639,2069.0486,4.99
238.9000,415.981,2076.5771,4.992
238.9200,416.347,2077.5713,4.99
238.9400,419.03,2091.7979,4.992
238.9600,413.297,2061.5254,4.988
238.9800,413.297,2060.699,4.986
239.0000,411.833,2055.0466,4.99
239.0200,414.517,2069.2688,4.992
239.0400,415.127,2071.4836,4.99
239.0600,415.737,2075.3591,4.992
239.0800,415.737,2075.3591,4.992
239.1000,415.737,2074.5276,4.99
239.1200,416.957,2080.6152,4.99
239.1400,412.443,2058.9155,4.992
239.1600,413.663,2064.1782,4.99
239.1800,418.055,2086.0942,4.99
239.2000,415.371,2072.7012,4.99
239.2200,415.859,2075.1365,4.99
239.2400,416.591,2079.6223,4.992
239.2600,415.005,2070.875,4.99
239.2800,413.419,2064.6145,4.994
239.3000,416.835,2080.8403,4.992
239.3200,412.321,2057.4817,4.99
239.3400,414.883,2071.0959,4.992
239.3600,414.029,2066.0046,4.99
239.3800,414.517,2067.6108,4.988
239.4000,416.347,2077.5713,4.99
239.4200,416.347,2077.5713,4.99
239.4400,417.445,2083.0505,4.99
239.4600,412.565,2058.6992,4.99
239.4800,412.931,2060.5256,4.99
239.5000,413.297,2062.3518,4.99
239.5200,414.517,2068.4397,4.99
239.5400,416.103,2075.5217,4.988
239.5600,416.225,2077.7952,4.992
239.5800,416.835,2080.0066,4.99
239.6000,416.469,2077.3474,4.988
239.6200,413.175,2060.0906,4.986
239.6400,413.663,2064.1782,4.99
239.6600,413.541,2063.5693,4.99
239.6800,413.297,2062.3518,4.99
239.7000,414.273,2066.3938,4.988
239.7200,415.615,2074.75,4.992
239.7400,416.591,2079.6223,4.992
239.7600,415.005,2071.7051,4.992
239.7800,539.799,2690.3584,4.984
239.8000,420.372,2097.6562,4.99
239.8200,424.886,2121.031,4.992
239.8400,427.448,2133.8206,4.992
239.8600,442.574,2208.4441,4.99
239.8800,425.496,2123.2249,4.99
239.9000,423.056,2111.0493,4.99
239.9200,417.567,2084.4944,4.992
239.9400,416.347,2079.2368,4.994
239.9600,423.3,2113.1135,4.992
239.9800,413.175,2061.7432,4.99
240.0000,414.273,2067.2222,4.99
240.0200,413.663,2065.0056,4.992
240.0400,415.981,2074.9131,4.988
240.0600,415.363,2073.4922,4.992
240.0800,414.387,2068.6199,4.992
240.1000,417.315,2083.2366,4.992
240.1200,420.242,2097.0076,4.99
240.1400,414.143,2067.4019,4.992
240.1600,413.899,2065.356,4.99
240.1800,412.679,2056.7922,4.984
240.2000,414.387,2066.9624,4.988
240.2200,415.119,2072.2739,4.992
240.2400,416.827,2079.9666,4.99
240.2600,419.998,2096.6299,4.992
240.2800,415.241,2072.0525,4.99
240.3000,414.989,2071.6252,4.992
240.3200,413.891,2065.3159,4.99
240.3400,414.745,2069.5774,4.99
240.3600,419.381,2092.7112,4.99
240.3800,414.135,2066.5337,4.99
240.4000,415.355,2072.6213,4.99
240.4200,415.477,2074.0613,4.992
240.4400,416.697,2080.1514,4.992
240.4600,416.331,2078.3245,4.992
240.4800,412.671,2059.228,4.99
240.5000,414.013,2064.2688,4.986
240.5200,414.135,2066.5337,4.99
240.5400,414.135,2066.5337,4.99
240.5600,414.135,2066.5337,4.99
240.5800,414.989,2071.6252,4.992
240.6000,416.697,2079.3179,4.99
240.6200,415.843,2075.0564,4.99
240.6400,415.111,2071.4038,4.99
240.6600,412.793,2059.8369,4.99
240.6800,412.183,2056.7932,4.99
240.7000,415.477,2073.23,4.99
240.7200,414.379,2068.5801,4.992
240.7400,415.477,2074.0613,4.992
240.7600,417.673,2085.8589,4.994
240.7800,416.819,2080.7605,4.992
240.8000,416.697,2080.9849,4.994
240.8200,443.777,2212.6721,4.986
240.8400,863.036,4285.8369,4.966
240.8600,759.35,3781.563,4.98
240.8800,735.319,3666.3005,4.986
240.9000,759.228,3785.511,4.986
240.9200,726.536,3622.5085,4.986
240.9400,763.985,3810.7571,4.988
240.9600,751.055,3749.2666,4.992
240.9800,751.543,3750.1995,4.99
241.0000,757.886,3784.8826,4.994
241.0200,739.833,3691.7666,4.99
241.0400,749.591,3741.9583,4.992
241.0600,1027.246,5117.7393,4.982
241.0800,1017.243,5074.0078,4.988
241.1000,1021.879,5097.1323,4.988
241.1200,1021.147,5095.5229,4.99
241.1400,1026.1479,5120.478,4.99
241.1600,724.232,3622.6084,5.002
241.1800,745.946,3726.7461,4.996
241.2000,736.919,3677.2256,4.99
241.2200,750.825,3746.6167,4.99
241.2400,751.557,3750.2693,4.99
241.2600,746.8,3728.0256,4.992
241.2800,746.312,3727.0823,4.994
241.3000,731.186,3648.6179,4.99
241.3200,738.871,3689.9216,4.994
241.3400,738.749,3687.8352,4.992
241.3600,749.727,3739.6382,4.988
241.3800,756.803,3776.4468,4.99
241.4000,743.018,3707.6597,4.99
241.4200,744.848,3718.2815,4.992
241.4400,731.552,3650.4443,4.99
241.4600,754.363,3764.271,4.99
241.4800,737.407,3678.186,4.988
241.5000,731.186,3648.6179,4.99
241.5200,733.381,3661.0378,4.992
241.5400,763.512,3809.9248,4.99
241.5600,734.967,3667.4851,4.99
241.5800,753.509,3755.4888,4.984
241.6000,737.651,3680.8784,4.99
241.6200,748.386,3735.9429,4.992
241.6400,733.137,3658.3535,4.99
241.6600,741.798,3701.5718,4.99
241.6800,746.922,3727.1406,4.99
241.7000,1015.658,5060.0083,4.982
241.7200,1014.072,5056.1631,4.986
241.7400,1011.388,5046.8257,4.99
241.7600,1020.781,5091.6558,4.988
241.7800,1013.34,5054.54,4.988
241.8000,1018.097,5080.3037,4.99
241.8200,760.34,3800.1794,4.998
241.8400,726.55,3629.8435,4.996
241.8600,734.357,3664.4412,4.99
241.8800,735.943,3673.8274,4.992
241.9000,751.679,3750.8782,4.99
241.9200,738.261,3683.9221,4.99
241.9400,738.871,3688.4438,4.992
241.9600,710.448,3547.9773,4.994
241.9800,756.925,3775.5417,4.988
242.0000,739.237,3688.7925,4.99
242.0200,728.502,3636.6821,4.992
242.0400,747.898,3735.0027,4.994
242.0600,742.164,3698.9456,4.984
242.0800,755.095,3766.4136,4.988
242.1000,747.41,3729.5757,4.99
242.1200,750.459,3744.79,4.99
242.1400,743.75,3712.8,4.992
242.1600,749.118,3738.0986,4.99
242.1800,749.727,3739.6382,4.988
242.2000,741.92,3702.1807,4.99
242.2200,749.727,3741.1375,4.99
242.2400,742.896,3707.0508,4.99
242.2600,751.801,3749.9834,4.988
242.2800,745.336,3720.7173,4.992
242.3000,733.855,3661.9363,4.99
242.3200,746.786,3727.9558,4.992
242.3400,744.346,3714.2864,4.99
242.3600,743.126,3709.6851,4.992
242.3800,747.396,3729.5059,4.99
242.4000,727.39,3632.5857,4.994
242.4200,739.345,3687.8525,4.988
242.4400,739.589,3690.5488,4.99
242.4600,739.711,3691.1577,4.99
242.4800,750.079,3739.8938,4.986
242.5000,748.493,3736.4771,4.992
242.5200,762.034,3799.5015,4.986
242.5400,743.004,3710.562,4.994
242.5600,747.762,3731.3323,4.99
242.5800,753.861,3760.2588,4.988
242.6000,742.76,3707.8582,4.992
242.6200,737.759,3682.8928,4.992
242.6400,724.219,3615.3013,4.992
242.6600,734.099,3663.1538,4.99
242.6800,734.831,3666.8064,4.99
242.7000,723.731,3611.4177,4.99
242.7200,725.56,3621.9956,4.992
242.7400,720.315,3594.3716,4.99
242.7600,718.241,3584.0225,4.99
242.7800,717.875,3585.0676,4.994
242.8000,733.611,3660.7188,4.99
242.8200,730.318,3644.2866,4.99
242.8400,750.323,3742.6111,4.988
242.8600,723.365,3611.0381,4.992
242.8800,784.723,3917.3374,4.992
242.9000,744.956,3720.3103,4.994
242.9200,760.204,3794.9382,4.992
242.9400,745.322,3720.6477,4.992
242.9600,737.149,3679.8479,4.992
242.9800,734.343,3662.9028,4.988
243.0000,740.199,3695.0732,4.992
243.0200,743.614,3709.1467,4.988
243.0400,734.465,3666.4495,4.992
243.0600,727.146,3627.0042,4.988
243.0800,737.881,3683.502,4.992
243.1000,734.221,3665.2314,4.992
243.1200,728.976,3639.0483,4.992
243.1400,733.733,3661.3274,4.99
243.1600,728,3632.7197,4.99
243.1800,732.635,3655.8486,4.99
243.2000,727.39,3632.5857,4.994
243.2200,730.684,3644.6519,4.988
243.2400,731.538,3651.8379,4.992
243.2600,733.245,3657.426,4.988
243.2800,736.417,3676.1936,4.992
243.3000,734.221,3665.2314,4.992
243.3200,749.957,3743.7852,4.992
243.3400,735.563,3670.4592,4.99
243.3600,734.343,3665.8403,4.992
243.3800,736.661,3678.885,4.994
243.4000,760.204,3790.3772,4.986
243.4200,735.807,3673.1487,4.992
243.4400,733.611,3662.1863,4.992
243.4600,736.539,3675.3293,4.99
243.4800,772.89,3856.7209,4.99
243.5000,792.896,3953.3794,4.986
243.5200,769.597,3840.2888,4.99
243.5400,752.275,3752.3477,4.988
243.5600,780.819,3896.2864,4.99
243.5800,669.204,3342.0046,4.994
243.6000,747.64,3730.7234,4.99
243.6200,701.042,3501.0037,4.994
243.6400,712.508,3555.4148,4.99
243.6600,734.465,3664.9802,4.99
243.6800,742.15,3703.3284,4.99
243.7000,756.056,3774.2317,4.992
243.7200,688.355,3436.2681,4.992
243.7400,735.685,3668.1255,4.986
243.7600,734.465,3666.4495,4.992
243.7800,733.367,3659.5012,4.99
243.8000,749.469,3738.3513,4.988
243.8200,681.524,3403.5308,4.994
243.8400,551.855,2757.0674,4.996
243.8600,534.168,2667.635,4.994
243.8800,412.549,2060.2698,4.994
243.9000,413.769,2065.5349,4.992
243.9200,454.146,2267.0969,4.992
243.9400,540.267,2695.9324,4.99
243.9600,537.217,2680.7126,4.99
243.9800,437.8,2187.2485,4.996
244.0000,414.501,2069.189,4.992
244.0200,419.625,2095.6072,4.994
244.0400,422.796,2110.5977,4.992
244.0600,416.453,2079.7664,4.994
244.0800,426.09,2127.0413,4.992
244.1000,415.477,2074.0613,4.992
244.1200,413.891,2065.3159,4.99
244.1400,413.037,2061.0544,4.99
244.1600,413.159,2062.4897,4.992
244.1800,414.257,2067.9709,4.992
244.2000,414.745,2069.5774,4.99
244.2200,415.477,2073.23,4.99
244.2400,417.429,2082.9705,4.99
244.2600,416.331,2078.3245,4.992
244.2800,412.183,2057.6177,4.992
244.3000,413.281,2061.4456,4.988
244.3200,413.525,2063.4897,4.99
244.3400,414.745,2070.407,4.992
244.3600,414.013,2065.9248,4.99
244.3800,415.477,2073.23,4.99
244.4000,415.843,2075.8882,4.992
244.4200,416.941,2081.3696,4.992
244.4400,413.525,2062.6626,4.988
244.4600,412.793,2059.8369,4.99
244.4800,413.037,2061.8806,4.992
244.5000,414.013,2065.9248,4.99
244.5200,415.355,2072.6213,4.99
244.5400,416.209,2078.5479,4.994
244.5600,416.697,2080.1514,4.992
244.5800,416.331,2079.157,4.994
244.6000,419.99,2096.5901,4.992
244.6200,413.769,2066.3625,4.994
244.6400,413.769,2064.7073,4.99
244.6600,413.769,2064.7073,4.99
244.6800,415.843,2074.2249,4.988
244.7000,413.647,2064.0984,4.99
244.7200,415.721,2075.2793,4.992
244.7400,416.941,2080.5356,4.99
244.7600,416.575,2078.7092,4.99
244.7800,414.013,2065.9248,4.99
244.8000,412.793,2059.8369,4.99
244.8200,413.647,2064.0984,4.99
244.8400,414.135,2067.3621,4.992
244.8600,414.379,2068.5801,4.992
244.8800,415.599,2073.8389,4.99
244.9000,417.063,2081.1443,4.99
244.9200,416.819,2079.9268,4.99
244.9400,414.867,2071.0161,4.992
244.9600,413.037,2061.0544,4.99
244.9800,412.183,2056.7932,4.99
245.0000,413.159,2060.8372,4.988
245.0200,413.525,2064.3169,4.992
245.0400,415.721,2074.4478,4.99
245.0600,415.843,2075.8882,4.992
245.0800,416.575,2078.7092,4.99
245.1000,415.599,2075.5015,4.994
245.1200,418.405,2089.5146,4.994
245.1400,412.549,2059.4448,4.992
245.1600,412.793,2059.8369,4.99
245.1800,596.989,2971.8115,4.978
245.2000,431.335,2154.9495,4.996
245.2200,418.161,2087.4597,4.992
245.2400,416.819,2082.4277,4.996
245.2600,414.013,2065.0969,4.988
245.2800,415.111,2070.5735,4.988
245.3000,426.334,2127.4067,4.99
245.3200,414.135,2067.3621,4.992
245.3400,414.745,2070.407,4.992
245.3600,414.745,2069.5774,4.99
245.3800,415.965,2076.4973,4.992
245.4000,416.697,2080.1514,4.992
245.4200,413.525,2063.4897,4.99
245.4400,413.281,2061.4456,4.988
245.4600,413.525,2062.6626,4.988
245.4800,414.013,2065.9248,4.99
245.5000,414.135,2066.5337,4.99
245.5200,416.087,2076.2742,4.99
245.5400,416.209,2077.7153,4.992
245.5600,417.551,2083.5793,4.99
245.5800,415.355,2072.6213,4.99
245.6000,414.623,2068.9685,4.99
245.6200,413.159,2061.6633,4.99
245.6400,414.379,2067.7512,4.99
245.6600,413.281,2062.2722,4.99
245.6800,414.989,2071.6252,4.992
245.7000,415.599,2073.8389,4.99
245.7200,416.453,2078.9333,4.992
245.7400,415.599,2073.0078,4.988
245.7600,414.867,2071.0161,4.992
245.7800,412.671,2060.0537,4.992
245.8000,413.647,2064.0984,4.99
245.8200,539.291,2688.905,4.986
245.8400,415.355,2073.4521,4.992
245.8600,416.331,2077.4915,4.99
245.8800,416.697,2079.3179,4.99
245.9000,414.135,2067.3621,4.992
245.9200,412.305,2056.5771,4.988
245.9400,413.403,2062.8809,4.99
245.9600,413.525,2064.3169,4.992
245.9800,414.745,2069.5774,4.99
246.0000,415.965,2075.6653,4.99
246.0200,416.819,2079.9268,4.99
246.0400,415.477,2074.0613,4.992
246.0600,415.111,2073.0642,4.994
246.0800,413.525,2064.3169,4.992
246.1000,413.037,2061.0544,4.99
246.1200,414.989,2069.9651,4.988
246.1400,415.233,2072.0127,4.99
246.1600,416.331,2076.6589,4.988
246.1800,417.063,2081.1443,4.99
246.2000,417.185,2080.9187,4.988
246.2200,415.965,2077.3291,4.994
246.2400,413.647,2064.9258,4.992
246.2600,425.602,2123.7539,4.99
246.2800,413.281,2062.2722,4.99
246.3000,414.021,2066.793,4.992
246.3200,413.533,2062.7026,4.988
246.3400,423.17,2111.6182,4.99
246.3600,416.583,2080.4155,4.994
246.3800,417.681,2085.0635,4.992
246.4000,414.875,2071.0562,4.992
246.4200,413.777,2065.575,4.992
246.4400,413.655,2064.1384,4.99
246.4600,414.509,2068.3999,4.99
246.4800,414.143,2067.4019,4.992
246.5000,415.973,2076.5371,4.992
246.5200,416.217,2076.9229,4.99
246.5400,415.485,2072.439,4.988
246.5600,415.851,2075.9282,4.992
246.5800,414.143,2066.5735,4.99
246.6000,422.194,2105.9036,4.988
246.6200,414.631,2069.0085,4.99
246.6400,414.021,2066.793,4.992
246.6600,413.899,2064.5281,4.988
246.6800,419.632,2094.803,4.992
246.7000,417.071,2082.0186,4.992
246.7200,415.607,2074.7102,4.992
246.7400,414.143,2066.5735,4.99
246.7600,413.411,2062.094,4.988
246.7800,419.388,2091.9072,4.988
246.8000,416.949,2081.4094,4.992
246.8200,414.143,2066.5735,4.99
246.8400,415.363,2071.8306,4.988
246.8600,415.119,2072.2739,4.992
246.8800,426.464,2128.0552,4.99
246.9000,444.884,2218.1917,4.986
246.9200,422.438,2108.8105,4.992
246.9400,422.926,2111.2466,4.992
246.9600,416.583,2080.4155,4.994
246.9800,420.73,2099.4426,4.99
247.0000,428.659,2140.7229,4.994
247.0200,413.167,2061.7031,4.99
247.0400,413.167,2060.877,4.988
247.0600,414.021,2065.9646,4.99
247.0800,413.289,2062.312,4.99
247.1000,414.631,2069.8381,4.992
247.1200,417.681,2084.228,4.99
247.1400,416.705,2079.3577,4.99
247.1600,429.269,2142.0522,4.99
247.1800,414.387,2068.6199,4.992
247.2000,412.923,2060.4856,4.99
247.2200,412.801,2059.877,4.99
247.2400,413.167,2062.5298,4.992
247.2600,414.143,2065.7454,4.988
247.2800,415.241,2072.8831,4.992
247.3000,418.291,2088.1086,4.992
247.3200,416.705,2081.0247,4.994
247.3400,416.583,2079.5825,4.992
247.3600,415.363,2073.4922,4.992
247.3800,413.655,2064.1384,4.99
247.4000,428.659,2138.1511,4.988
247.4200,414.875,2070.2261,4.99
247.4400,414.387,2067.791,4.99
247.4600,414.509,2067.5708,4.988
247.4800,417.071,2080.3501,4.988
247.5000,415.363,2073.4922,4.992
247.5200,417.071,2081.1843,4.99
247.5400,415.973,2075.7051,4.99
247.5600,414.867,2071.8457,4.994
247.5800,413.891,2066.9717,4.994
247.6000,414.623,2068.9685,4.99
247.6200,415.233,2072.0127,4.99
247.6400,414.623,2069.7981,4.992
247.6600,417.429,2083.8054,4.992
247.6800,417.063,2081.9785,4.992
247.7000,417.307,2083.1965,4.992
247.7200,416.575,2079.5425,4.992
247.7400,414.501,2068.3599,4.99
247.7600,413.769,2064.7073,4.99
247.7800,415.355,2073.4521,4.992
247.8000,414.257,2067.9709,4.992
247.8200,416.209,2077.7153,4.992
247.8400,540.023,2693.6348,4.988
247.8600,539.047,2690.9226,4.992
247.8800,418.649,2092.4077,4.998
247.9000,414.013,2066.7529,4.992
247.9200,417.307,2083.1965,4.992
247.9400,416.575,2080.3755,4.994
247.9600,416.697,2079.3179,4.99
247.9800,414.623,2068.9685,4.99
248.0000,412.305,2057.4019,4.99
248.0200,413.769,2064.7073,4.99
248.0400,419.625,2093.9287,4.99
248.0600,414.623,2068.1394,4.988
248.0800,414.989,2070.7952,4.99
248.1000,417.063,2081.9785,4.992
248.1200,419.503,2094.1589,4.992
248.1400,417.185,2083.4219,4.994
248.1600,414.867,2071.0161,4.992
248.1800,413.159,2060.8372,4.988
248.2000,412.793,2059.0115,4.988
248.2200,414.013,2066.7529,4.992
248.2400,415.721,2074.4478,4.99
248.2600,416.209,2077.7153,4.992
248.2800,416.209,2077.7153,4.992
248.3000,417.177,2081.7131,4.99
248.3200,417.665,2084.9839,4.992
248.3400,415.713,2075.2395,4.992
248.3600,413.517,2063.4497,4.99
248.3800,413.395,2062.8408,4.99
248.4000,414.615,2068.0996,4.988
248.4200,414.005,2065.0569,4.988
248.4400,415.469,2073.1902,4.99
248.4600,416.445,2078.8936,4.992
248.4800,417.299,2083.9912,4.994
248.5000,414.005,2067.541,4.994
248.5200,413.517,2064.2769,4.992
248.5400,428.155,2136.4934,4.99
248.5600,412.42,2057.9758,4.99
248.5800,414.127,2066.4937,4.99
248.6000,414.127,2066.4937,4.99
248.6200,415.835,2075.8484,4.992
248.6400,435.474,2173.8862,4.992
248.6600,416.323,2079.1169,4.994
248.6800,414.493,2067.4912,4.988
248.7000,412.908,2059.585,4.988
248.7200,413.883,2066.104,4.992
248.7400,414.005,2066.7131,4.992
248.7600,414.859,2070.9763,4.992
248.7800,414.981,2071.5852,4.992
248.8000,415.355,2074.283,4.994
248.8200,418.039,2086.0144,4.99
248.8400,416.331,2078.3245,4.992
248.8600,414.501,2068.3599,4.99
248.8800,413.891,2066.1438,4.992
248.9000,413.769,2064.7073,4.99
248.9200,414.501,2068.3599,4.99
248.9400,416.087,2077.1064,4.992
248.9600,423.65,2114.0134,4.99
248.9800,417.185,2081.7529,4.99
249.0000,413.891,2065.3159,4.99
249.0200,412.915,2060.4458,4.99
249.0400,413.159,2061.6633,4.99
249.0600,413.769,2065.5349,4.992
249.0800,414.623,2069.7981,4.992
249.1000,414.379,2068.5801,4.992
249.1200,419.99,2097.4299,4.994
249.1400,417.673,2084.1882,4.99
249.1600,417.063,2082.8125,4.994
249.1800,414.745,2070.407,4.992
249.2000,413.647,2064.0984,4.99
249.2200,412.915,2060.4458,4.99
249.2400,414.135,2067.3621,4.992
249.2600,415.843,2075.8882,4.992
249.2800,421.454,2103.0554,4.99
249.3000,416.697,2080.1514,4.992
249.3200,416.697,2079.3179,4.99
249.3400,415.721,2075.2793,4.992
249.3600,523.067,2608.0122,4.986
249.3800,438.898,2192.7344,4.996
249.4000,423.04,2112.6619,4.994
249.4200,426.09,2127.0413,4.992
249.4400,417.673,2085.8589,4.994
249.4600,414.745,2070.407,4.992
249.4800,414.013,2066.7529,4.992
249.5000,413.769,2064.7073,4.99
249.5200,413.769,2064.7073,4.99
249.5400,429.627,2142.9795,4.988
249.5600,414.745,2069.5774,4.99
249.5800,415.111,2072.2341,4.992
249.6000,416.209,2076.8828,4.99
249.6200,416.453,2078.9333,4.992
249.6400,414.135,2067.3621,4.992
249.6600,412.671,2059.228,4.99
249.6800,413.037,2061.0544,4.99
249.7000,413.891,2066.1438,4.992
249.7200,415.477,2074.0613,4.992
249.7400,421.332,2102.4465,4.99
249.7600,417.063,2081.1443,4.99
249.7800,415.843,2075.0564,4.99
249.8000,418.527,2089.2869,4.992
249.8200,413.891,2066.9717,4.994
249.8400,537.095,2676.8813,4.984
249.8600,537.095,2680.1038,4.99
249.8800,538.437,2686.8005,4.99
249.9000,475.371,2374.0027,4.994
249.9200,415.843,2075.8882,4.992
249.9400,413.037,2062.7068,4.994
249.9600,413.281,2062.2722,4.99
249.9800,414.379,2068.5801,4.992
250.0000,415.843,2075.0564,4.99
250.0200,415.477,2074.8921,4.994
250.0400,417.795,2085.6328,4.992
250.0600,417.185,2082.5876,4.992
250.0800,415.599,2074.6702,4.992
250.1000,413.281,2063.0989,4.992
250.1200,416.697,2079.3179,4.99
250.1400,413.525,2064.3169,4.992
250.1600,415.843,2075.0564,4.99
250.1800,415.599,2074.6702,4.992
250.2000,416.209,2076.8828,4.99
250.2200,417.551,2085.2498,4.994
250.2400,415.843,2075.8882,4.992
250.2600,413.037,2061.8806,4.992
250.2800,413.037,2061.0544,4.99
250.3000,413.037,2061.0544,4.99
250.3200,414.257,2067.1423,4.99
250.3400,413.891,2066.9717,4.994
250.3600,425.968,2127.2842,4.994
250.3800,422.918,2110.3608,4.99
250.4000,423.162,2111.5781,4.99
250.4200,426.822,2130.6953,4.992
250.4400,416.575,2078.7092,4.99
250.4600,423.528,2113.4048,4.99
250.4800,627.119,3125.5613,4.984
250.5000,560.272,2796.8777,4.992
250.5200,418.039,2091.031,5.002
250.5400,429.017,2143.3689,4.996
250.5600,418.893,2091.9517,4.994
250.5800,413.281,2063.9253,4.994
250.6000,412.915,2060.4458,4.99
250.6200,414.257,2067.1423,4.99
250.6400,415.233,2071.1821,4.988
250.6600,414.501,2070.0181,4.994
250.6800,416.941,2081.3696,4.992
250.7000,417.429,2083.8054,4.992
250.7200,414.867,2071.0161,4.992
250.7400,414.867,2071.8457,4.994
250.7600,413.037,2061.0544,4.99
250.7800,413.525,2062.6626,4.988
250.8000,415.233,2072.8433,4.992
250.8200,414.753,2068.7878,4.988
250.8400,415.241,2072.8831,4.992
250.8600,417.803,2085.6726,4.992
250.8800,415.729,2074.4875,4.99
250.9000,415.241,2073.7136,4.994
250.9200,415.973,2074.8733,4.988
250.9400,415.119,2073.1042,4.994
250.9600,414.143,2066.5735,4.99
250.9800,413.777,2063.9197,4.988
251.0000,413.899,2065.356,4.99
251.0200,415.241,2071.2222,4.988
251.0400,417.437,2083.8457,4.992
251.0600,415.729,2074.4875,4.99
251.0800,415.973,2076.5371,4.992
251.1000,414.875,2071.8857,4.994
251.1200,424.512,2118.3147,4.99
251.1400,413.411,2063.7478,4.992
251.1600,414.265,2067.1824,4.99
251.1800,431.221,2152.6553,4.992
251.2000,417.559,2083.6194,4.99
251.2200,416.705,2078.5244,4.988
251.2400,433.417,2163.6177,4.992
251.2600,414.387,2068.6199,4.992
251.2800,413.777,2064.7471,4.99
251.3000,411.825,2055.0068,4.99
251.3200,413.045,2060.2686,4.988
251.3400,414.997,2070.835,4.99
251.3600,414.631,2069.0085,4.99
251.3800,416.339,2079.1968,4.994
251.4000,417.315,2083.2366,4.992
251.4200,429.025,2140.8347,4.99
251.4400,413.533,2064.3567,4.992
251.4600,444.884,2219.9712,4.99
251.4800,718.621,3577.2954,4.978
251.5000,757.047,3774.6365,4.986
251.5200,763.146,3805.0459,4.986
251.5400,741.676,3700.9631,4.99
251.5600,636.768,3182.5667,4.998
251.5800,747.044,3726.2554,4.988
251.6000,748.386,3735.9429,4.992
251.6200,743.506,3711.582,4.992
251.6400,734.113,3666.1602,4.994
251.6600,749.849,3741.7463,4.99
251.6800,739.847,3693.3162,4.992
251.7000,1021.147,5083.27,4.978
251.7200,1026.7581,5119.4155,4.986
251.7400,1032.736,5151.2871,4.988
251.7600,1024.929,5114.395,4.99
251.7800,1027.6121,5125.729,4.988
251.8000,808.037,4041.8008,5.002
251.8200,736.065,3680.325,5
251.8400,745.946,3725.2542,4.994
251.8600,738.139,3683.3132,4.99
251.8800,752.533,3758.1499,4.994
251.9000,749.849,3746.2454,4.996
251.9200,733.381,3658.1042,4.988
251.9400,750.947,3747.2256,4.99
251.9600,728.624,3635.8337,4.99
251.9800,766.928,3825.4368,4.988
252.0000,734.845,3666.8762,4.99
252.0200,736.187,3673.573,4.99
252.0400,753.509,3761.5168,4.992
252.0600,745.472,3719.905,4.99
252.0800,818.543,4081.2556,4.986
252.1000,727.54,3633.3347,4.994
252.1200,746.936,3730.1982,4.994
252.1400,731.077,3649.5366,4.992
252.1600,743.886,3714.9666,4.994
252.1800,736.567,3675.4692,4.99
252.2000,514.792,2573.96,5
252.2200,730.345,3644.4211,4.99
252.2400,764.624,3817.0032,4.992
252.2600,734.615,3667.198,4.992
252.2800,750.718,3749.0857,4.994
252.3000,732.663,3655.9883,4.99
252.3200,739.387,3695.4565,4.998
252.3400,754.635,3764.1194,4.988
252.3600,1003.741,4994.6152,4.976
252.3800,1015.696,5062.229,4.984
252.4000,1028.3831,5131.6313,4.99
252.4200,1022.772,5105.6777,4.992
252.4400,1041.314,5198.2393,4.992
252.4600,1030.213,5142.8232,4.992
252.4800,763.907,3818.0073,4.998
252.5000,765.127,3821.0442,4.994
252.5200,734.873,3669.9556,4.994
252.5400,729.871,3642.0559,4.99
252.5600,745.486,3722.9573,4.994
252.5800,728.041,3634.3809,4.992
252.6000,735.117,3668.2336,4.99
252.6200,705.107,3518.4836,4.99
252.6400,746.584,3726.9473,4.992
252.6600,740.119,3691.7136,4.988
252.6800,729.749,3642.9072,4.992
252.7000,748.536,3736.6919,4.992
252.7200,743.29,3710.5037,4.992
252.7400,751.952,3752.2405,4.99
252.7600,752.928,3758.6165,4.992
252.7800,753.05,3757.7192,4.99
252.8000,746.096,3726.0034,4.994
252.8200,748.522,3735.1245,4.99
252.8400,748.888,3738.449,4.992
252.8600,753.889,3761.9058,4.99
252.8800,748.766,3734.8447,4.988
252.9000,747.302,3729.0369,4.99
252.9200,741.446,3699.8152,4.99
252.9400,748.4,3734.5159,4.99
252.9600,747.668,3730.8633,4.99
252.9800,736.567,3678.4158,4.994
253.0000,744.984,3720.4502,4.994
253.0200,747.79,3732.9675,4.992
253.0400,742.056,3702.8594,4.99
253.0600,731.687,3651.1179,4.99
253.0800,741.446,3699.8152,4.99
253.1000,740.227,3693.7324,4.99
253.1200,752.791,3757.9329,4.992
253.1400,749.254,3737.2791,4.988
253.1600,750.596,3746.9753,4.992
253.1800,766.942,3827.0405,4.99
253.2000,744.496,3715.0347,4.99
253.2200,739.007,3687.6448,4.99
253.2400,755.963,3775.2793,4.994
253.2600,747.79,3732.9675,4.992
253.2800,739.373,3687.9924,4.988
253.3000,727.418,3631.271,4.992
253.3200,734.141,3664.8318,4.992
253.3400,739.265,3688.9324,4.99
253.3600,727.676,3631.1033,4.99
253.3800,724.626,3614.4343,4.988
253.4000,724.504,3618.1731,4.994
253.4200,717.306,3579.3569,4.99
253.4400,719.746,3592.9719,4.992
253.4600,729.871,3642.0559,4.99
253.4800,734.507,3665.1899,4.99
253.5000,754.27,3760.7903,4.986
253.5200,727.919,3635.2275,4.994
253.5400,721.576,3602.1074,4.992
253.5600,730.359,3645.9521,4.992
253.5800,754.635,3764.1194,4.988
253.6000,745.364,3719.3662,4.99
253.6200,733.043,3660.8169,4.994
253.6400,730.115,3643.2737,4.99
253.6600,741.582,3699.0107,4.988
253.6800,742.558,3705.3643,4.99
253.7000,733.531,3660.3196,4.99
253.7200,732.799,3656.667,4.99
253.7400,638.134,3188.1172,4.996
253.7600,758.539,3785.1094,4.99
253.7800,746.462,3721.8594,4.986
253.8000,741.704,3702.5864,4.992
253.8200,768.162,3831.592,4.988
253.8400,745.472,3719.905,4.99
253.8600,767.186,3828.2578,4.99
253.8800,750.596,3745.4739,4.99
253.9000,769.382,3837.6775,4.988
253.9200,789.266,3936.8586,4.988
253.9400,758.159,3781.697,4.988
253.9600,766.698,3824.2896,4.988
253.9800,758.891,3788.3838,4.992
254.0000,754.743,3767.677,4.992
254.0200,756.451,3773.1775,4.988
254.0400,738.763,3686.4272,4.99
254.0600,745.12,3718.1487,4.99
254.0800,740.973,3697.4553,4.99
254.1000,737.313,3682.1411,4.994
254.1200,769.762,3841.1123,4.99
254.1400,758.173,3784.7996,4.992
254.1600,769.64,3837.425,4.986
254.1800,745.242,3718.7573,4.99
254.2000,739.753,3692.8469,4.992
254.2200,743.656,3713.8181,4.994
254.2400,741.582,3701.9773,4.992
254.2600,753.782,3762.8796,4.992
254.2800,753.66,3760.7632,4.99
254.3000,738.777,3687.9749,4.992
254.3200,746.828,3726.6716,4.99
254.3400,744.144,3714.7668,4.992
254.3600,748.78,3737.9099,4.992
254.3800,756.953,3778.7095,4.992
254.4000,747.804,3730.0464,4.988
254.4200,766.469,3826.2134,4.992
254.4400,758.295,3785.4087,4.992
254.4600,739.753,3689.8879,4.988
254.4800,749.39,3740.9551,4.992
254.5000,749.024,3736.1316,4.988
254.5200,742.314,3705.6316,4.992
254.5400,736.947,3678.8396,4.992
254.5600,749.512,3740.0649,4.99
254.5800,743.778,3714.4275,4.994
254.6000,735.605,3669.1975,4.988
254.6200,750.732,3747.6543,4.992
254.6400,709.255,3542.0195,4.994
254.6600,756.587,3773.8557,4.988
254.6800,712.183,3556.6418,4.994
254.7000,744.876,3715.4414,4.988
254.7200,707.181,3528.8333,4.99
254.7400,740.729,3697.7192,4.992
254.7600,712.549,3554.1943,4.988
254.7800,750.244,3743.7175,4.99
254.8000,738.655,3684.4111,4.988
254.8200,660.812,3300.0952,4.994
254.8400,737.177,3675.5647,4.986
254.8600,733.151,3659.8899,4.992
254.8800,729.248,3638.9473,4.99
254.9000,732.785,3658.0627,4.992
254.9200,766.454,3824.6052,4.99
254.9400,543.093,2713.2927,4.996
254.9600,523.209,2611.8594,4.992
254.9800,420.738,2103.6899,5
255.0000,415.493,2076.634,4.998
255.0200,413.419,2064.6145,4.994
255.0400,432.449,2160.5151,4.996
255.0600,416.713,2081.0647,4.994
255.0800,414.029,2066.8328,4.992
255.1000,413.297,2061.5254,4.988
255.1200,420.25,2096.207,4.988
255.1400,415.981,2074.9131,4.988
255.1600,414.517,2068.4397,4.99
255.1800,414.517,2068.4397,4.99
255.2000,420.494,2099.947,4.994
255.2200,416.225,2077.7952,4.992
255.2400,415.615,2073.9187,4.99
255.2600,412.809,2059.9167,4.99
255.2800,412.931,2059.6997,4.988
255.3000,414.395,2067.0022,4.988
255.3200,413.549,2063.6094,4.99
255.3400,413.671,2065.0457,4.992
255.3600,415.745,2076.2305,4.994
255.3800,417.087,2081.2642,4.99
255.4000,415.379,2072.7412,4.99
255.4200,416.965,2082.3232,4.994
255.4400,413.061,2061.1743,4.99
255.4600,413.305,2062.3918,4.99
255.4800,413.793,2063.9995,4.988
255.5000,414.037,2066.8728,4.992
255.5200,414.647,2069.0884,4.99
255.5400,415.867,2076.0081,4.992
255.5600,416.843,2081.7139,4.994
255.5800,415.867,2076.0081,4.992
255.6000,416.111,2076.3938,4.99
255.6200,412.817,2059.9568,4.99
255.6400,412.695,2058.5227,4.988
255.6600,413.915,2064.6079,4.988
255.6800,425.504,2124.116,4.992
255.7000,419.648,2094.0435,4.99
255.7200,417.575,2085.3696,4.994
255.7400,415.745,2073.7361,4.988
255.7600,416.233,2079.5,4.996
255.7800,416.111,2077.2261,4.992
255.8000,411.841,2055.9104,4.992
255.8200,412.931,2061.3516,4.992
255.8400,422.934,2111.2866,4.992
255.8600,414.029,2066.0046,4.99
255.8800,537.847,2680.6294,4.984
255.9000,412.931,2061.3516,4.992
255.9200,414.395,2069.4885,4.994
255.9400,414.395,2067.0022,4.988
255.9600,415.249,2072.9231,4.992
255.9800,416.103,2078.0183,4.994
256.0000,416.103,2077.1863,4.992
256.0200,413.419,2062.134,4.988
256.0400,413.419,2063.7878,4.992
256.0600,413.663,2065.0056,4.992
256.0800,413.419,2062.9607,4.99
256.1000,413.419,2062.134,4.988
256.1200,425.74,2124.4424,4.99
256.1400,414.883,2071.0959,4.992
256.1600,415.859,2075.1365,4.99
256.1800,415.615,2073.9187,4.99
256.2000,413.785,2064.7871,4.99
256.2200,413.663,2063.3511,4.988
256.2400,415.005,2070.0449,4.988
256.2600,412.931,2061.3516,4.992
256.2800,415.249,2072.9231,4.992
256.3000,416.347,2079.2368,4.994
256.3200,416.103,2077.1863,4.992
256.3400,428.058,2135.1533,4.988
256.3600,415.249,2072.0923,4.99
256.3800,412.687,2058.4827,4.988
256.4000,413.419,2062.9607,4.99
256.4200,413.907,2064.5681,4.988
256.4400,430.863,2150.0063,4.99
256.4600,415.737,2074.5276,4.99
256.4800,416.347,2077.5713,4.99
256.5000,416.469,2079.8462,4.994
256.5200,414.029,2066.0046,4.99
256.5400,418.299,2088.1487,4.992
256.5600,412.687,2059.3081,4.99
256.5800,423.788,2115.5498,4.992
256.6000,413.907,2064.5681,4.988
256.6200,413.541,2063.5693,4.99
256.6400,416.225,2077.7952,4.992
256.6600,415.615,2073.9187,4.99
256.6800,415.737,2075.3591,4.992
256.7000,414.761,2072.1458,4.996
256.7200,412.687,2060.1335,4.992
256.7400,413.419,2063.7878,4.992
256.7600,413.907,2065.396,4.99
256.7800,414.151,2065.7852,4.988
256.8000,414.151,2066.6133,4.99
256.8200,415.241,2072.0525,4.99
256.8400,416.095,2077.1462,4.992
256.8600,420.486,2098.2251,4.99
256.8800,415.851,2075.0964,4.99
256.9000,412.679,2058.4426,4.988
256.9200,412.313,2056.6172,4.988
256.9400,413.777,2064.7471,4.99
256.9600,414.143,2066.5735,4.99
256.9800,414.875,2071.8857,4.994
257.0000,417.071,2082.0186,4.992
257.0200,415.485,2074.1011,4.992
257.0400,414.875,2071.8857,4.994
257.0600,415.355,2073.4521,4.992
257.0800,418.649,2088.2212,4.988
257.1000,413.281,2062.2722,4.99
257.1200,414.013,2065.9248,4.99
257.1400,414.135,2066.5337,4.99
257.1600,414.867,2071.0161,4.992
257.1800,417.307,2083.1965,4.992
257.2000,416.697,2080.1514,4.992
257.2200,414.745,2070.407,4.992
257.2400,415.111,2071.4038,4.99
257.2600,413.037,2059.4023,4.986
257.2800,413.891,2066.1438,4.992
257.3000,415.111,2070.5735,4.988
257.3200,414.623,2070.6272,4.994
257.3400,415.355,2073.4521,4.992
257.3600,416.941,2081.3696,4.992
257.3800,421.21,2103.5227,4.994
257.4000,414.989,2071.6252,4.992
257.4200,413.281,2063.0989,4.992
257.4400,417.063,2080.3101,4.988
257.4600,413.769,2063.8799,4.988
257.4800,415.599,2074.6702,4.992
257.5000,415.599,2074.6702,4.992
257.5200,416.819,2079.9268,4.99
257.5400,417.063,2081.9785,4.992
257.5600,418.039,2086.8508,4.992
257.5800,414.501,2068.3599,4.99
257.6000,414.989,2071.6252,4.992
257.6200,411.94,2056.4045,4.992
257.6400,414.257,2068.7993,4.994
257.6600,414.989,2071.6252,4.992
257.6800,414.989,2071.6252,4.992
257.7000,416.941,2080.5356,4.99
257.7200,419.381,2094.3887,4.994
257.7400,414.257,2067.9709,4.992
257.7600,412.671,2059.228,4.99
257.7800,413.647,2064.9258,4.992
257.8000,414.135,2065.7053,4.988
257.8200,414.135,2065.7053,4.988
257.8400,415.355,2073.4521,4.992
257.8600,415.477,2074.0613,4.992
257.8800,416.941,2081.3696,4.992
257.9000,468.418,2338.3428,4.992
257.9200,415.721,2076.1106,4.994
257.9400,416.941,2081.3696,4.992
257.9600,416.087,2077.1064,4.992
257.9800,413.647,2064.0984,4.99
258.0000,412.183,2057.6177,4.992
258.0200,414.379,2067.7512,4.99
258.0400,413.891,2064.4883,4.988
258.0600,413.159,2062.4897,4.992
258.0800,414.989,2071.6252,4.992
258.1000,415.721,2074.4478,4.99
258.1200,416.453,2078.1003,4.99
258.1400,415.477,2074.0613,4.992
258.1600,413.037,2061.8806,4.992
258.1800,413.403,2062.8809,4.99
258.2000,413.891,2065.3159,4.99
258.2200,414.623,2068.1394,4.988
258.2400,414.745,2069.5774,4.99
258.2600,416.087,2077.1064,4.992
258.2800,425.602,2125.4563,4.994
258.3000,415.355,2073.4521,4.992
258.3200,415.233,2073.6736,4.994
258.3400,413.891,2066.1438,4.992
258.3600,414.013,2066.7529,4.992
258.3800,414.379,2067.7512,4.99
258.4000,433.409,2162.7107,4.99
258.4200,415.599,2075.5015,4.994
258.4400,415.355,2073.4521,4.992
258.4600,416.819,2081.594,4.994
258.4800,414.379,2067.7512,4.99
258.5000,412.671,2060.8789,4.994
258.5200,413.159,2060.8372,4.988
258.5400,413.769,2063.8799,4.988
258.5600,414.135,2066.5337,4.99
258.5800,415.355,2072.6213,4.99
258.6000,415.111,2072.2341,4.992
258.6200,416.209,2076.0505,4.988
258.6400,416.697,2080.1514,4.992
258.6600,414.745,2069.5774,4.99
258.6800,412.427,2058.0107,4.99
258.7000,413.891,2064.4883,4.988
258.7200,414.013,2065.9248,4.99
258.7400,414.257,2067.9709,4.992
258.7600,414.867,2069.3567,4.988
258.7800,417.063,2081.9785,4.992
258.8000,416.331,2079.157,4.994
258.8200,416.087,2077.1064,4.992
258.8400,414.257,2068.7993,4.994
258.8600,413.281,2062.2722,4.99
258.8800,412.671,2059.228,4.99
258.9000,414.867,2070.1863,4.99
258.9200,414.379,2066.9224,4.988
258.9400,417.307,2084.0312,4.994
258.9600,417.551,2083.5793,4.99
258.9800,415.599,2074.6702,4.992
259.0000,413.403,2064.5347,4.994
259.0200,413.769,2063.8799,4.988
259.0400,423.772,2114.6223,4.99
259.0600,413.037,2060.2285,4.988
259.0800,413.403,2062.0542,4.988
259.1000,415.477,2074.0613,4.992
259.1200,415.477,2073.23,4.99
259.1400,417.063,2081.9785,4.992
259.1600,416.453,2078.9333,4.992
259.1800,413.403,2062.0542,4.988
259.2000,413.647,2064.0984,4.99
259.2200,414.501,2069.189,4.992
259.2400,562.468,2801.0908,4.98
259.2600,445.851,2226.5798,4.994
259.2800,416.575,2079.5425,4.992
259.3000,413.403,2064.5347,4.994
259.3200,414.387,2067.791,4.99
259.3400,466.963,2328.2776,4.986
259.3600,758.023,3773.4387,4.978
259.3800,740.213,3690.7021,4.986
259.4000,745.824,3718.6785,4.986
259.4200,741.432,3699.7456,4.99
259.4400,746.312,3724.0967,4.99
259.4600,753.997,3762.4448,4.99
259.4800,729.112,3638.2688,4.99
259.5000,747.776,3732.8979,4.992
259.5200,758.51,3786.4819,4.992
259.5400,732.649,3657.3838,4.992
259.5600,758.632,3784.0564,4.988
259.5800,1027.856,5120.7783,4.982
259.6000,1019.195,5083.7446,4.988
259.6200,1023.099,5105.2637,4.99
259.6400,1021.513,5097.3496,4.99
259.6600,1027.002,5126.7939,4.992
259.6800,730.576,3655.8025,5.004
259.7000,740.335,3695.7524,4.992
259.7200,738.871,3689.9216,4.994
259.7400,744.726,3720.6511,4.996
259.7600,740.335,3695.7524,4.992
259.7800,745.336,3720.7173,4.992
259.8000,743.018,3709.146,4.992
259.8200,725.208,3618.7878,4.99
259.8400,735.333,3670.7825,4.992
259.8600,743.628,3712.1909,4.992
259.8800,742.53,3706.71,4.992
259.9000,746.8,3726.5317,4.99
259.9200,742.53,3706.71,4.992
259.9400,742.408,3707.5857,4.994
259.9600,734.601,3664.1897,4.988
259.9800,755.949,3773.6973,4.992
260.0000,736.431,3674.7908,4.99
260.0200,734.113,3663.2236,4.99
260.0400,732.527,3656.7747,4.992
260.0600,764.976,3817.2302,4.99
260.0800,726.672,3626.093,4.99
260.1000,749.239,3738.7024,4.99
260.1200,733.625,3660.7886,4.99
260.1400,744.36,3715.8452,4.992
260.1600,729.112,3638.2688,4.99
260.1800,736.187,3675.0457,4.992
260.2000,751.923,3755.1033,4.994
260.2200,1015.658,5053.9141,4.976
260.2400,1003.581,5001.8477,4.984
260.2600,1012.852,5054.1313,4.99
260.2800,1027.734,5130.4482,4.992
260.3000,1016.634,5077.0698,4.994
260.3200,1014.194,5060.8276,4.99
260.3400,753.509,3767.5449,5
260.3600,735.821,3673.2185,4.992
260.3800,739.481,3692.9683,4.994
260.4000,727.16,3632.8911,4.996
260.4200,739.115,3689.6621,4.992
260.4400,733.503,3661.647,4.992
260.4600,730.21,3646.6687,4.994
260.4800,702.275,3505.7571,4.992
260.5000,751.801,3751.4871,4.99
260.5200,726.672,3627.5466,4.992
260.5400,747.898,3732.011,4.99
260.5600,749.849,3741.7463,4.99
260.5800,747.166,3728.3582,4.99
260.6000,743.384,3713.9463,4.996
260.6200,741.554,3703.3208,4.994
260.6400,741.798,3701.5718,4.99
260.6600,746.678,3727.4165,4.992
260.6800,744.604,3718.5522,4.994
260.7000,749.849,3741.7463,4.99
260.7200,747.41,3732.5654,4.994
260.7400,746.312,3725.5896,4.992
260.7600,744.238,3716.7244,4.994
260.7800,743.628,3712.1909,4.992
260.8000,752.899,3755.4602,4.988
260.8200,740.456,3697.8372,4.994
260.8400,732.405,3656.166,4.992
260.8600,745.458,3719.8352,4.99
260.8800,744.848,3718.2815,4.992
260.9000,745.824,3721.6614,4.99
260.9200,732.771,3656.5271,4.99
260.9400,743.872,3711.9211,4.99
260.9600,748.996,3738.988,4.992
260.9800,743.018,3709.146,4.992
261.0000,754.851,3765.1968,4.988
261.0200,754.363,3764.271,4.99
261.0400,761.316,3800.4895,4.992
261.0600,734.967,3667.4851,4.99
261.0800,741.676,3702.4468,4.992
261.1000,752.655,3757.2539,4.992
261.1200,745.824,3721.6614,4.99
261.1400,735.333,3669.3115,4.99
261.1600,724.598,3620.0916,4.996
261.1800,732.283,3654.092,4.99
261.2000,739.481,3690.01,4.99
261.2200,722.768,3609.5034,4.994
261.2400,723.256,3607.6008,4.988
261.2600,718.499,3586.7473,4.992
261.2800,717.645,3582.4841,4.992
261.3000,877.325,4372.5879,4.984
261.3200,755.095,3773.9648,4.998
261.3400,730.454,3646.4263,4.992
261.3600,730.576,3647.0354,4.992
261.3800,725.818,3624.7351,4.994
261.4000,721.793,3604.6343,4.994
261.4200,735.577,3673.4717,4.994
261.4400,733.991,3664.0833,4.992
261.4600,739.725,3694.1865,4.994
261.4800,748.264,3733.8372,4.99
261.5000,733.381,3659.571,4.99
261.5200,734.601,3667.1284,4.992
261.5400,751.557,3751.7727,4.992
261.5600,750.093,3742.9639,4.99
261.5800,745.336,3720.7173,4.992
261.6000,730.576,3645.574,4.99
261.6200,731.308,3649.2266,4.99
261.6400,773.515,3859.8398,4.99
261.6600,730.942,3647.4004,4.99
261.6800,751.557,3753.2756,4.994
261.7000,740.578,3695.4841,4.99
261.7200,746.19,3723.488,4.99
261.7400,744.97,3720.3799,4.994
261.7600,747.776,3734.3933,4.994
261.7800,750.825,3746.6167,4.99
261.8000,740.213,3692.1824,4.988
261.8200,746.692,3727.4866,4.992
261.8400,752.791,3757.9329,4.992
261.8600,746.57,3726.8774,4.992
261.8800,741.934,3702.2505,4.99
261.9000,747.912,3735.0725,4.994
261.9200,735.225,3670.2432,4.992
261.9400,753.157,3756.7471,4.988
261.9600,747.058,3727.8191,4.99
261.9800,747.424,3729.6458,4.99
262.0000,748.644,3735.7334,4.99
262.0200,745.96,3725.3242,4.994
262.0400,748.034,3734.1858,4.992
262.0600,737.421,3681.2058,4.992
262.0800,750.962,3748.8022,4.992
262.1000,749.376,3742.3835,4.994
262.1200,744.252,3715.3062,4.992
262.1400,743.276,3705.9741,4.986
262.1600,757.915,3781.9956,4.99
262.1800,740.836,3698.2534,4.992
262.2000,744.008,3711.1118,4.988
262.2200,754.255,3763.7324,4.99
262.2400,745.716,3721.1228,4.99
262.2600,741.812,3704.6091,4.994
262.2800,742.666,3707.3889,4.992
262.3000,741.69,3703.9998,4.994
262.3200,740.958,3697.3804,4.99
262.3400,743.642,3712.261,4.992
262.3600,738.885,3688.5142,4.992
262.3800,752.791,3756.427,4.99
262.4000,745.96,3723.8325,4.992
262.4200,737.665,3680.948,4.99
262.4400,742.91,3707.1206,4.99
262.4600,739.739,3692.7773,4.992
262.4800,748.888,3739.9465,4.994
262.5000,743.154,3708.3381,4.99
262.5200,727.54,3628.9692,4.988
262.5400,740.227,3695.2131,4.992
262.5600,741.324,3697.7239,4.988
262.5800,677.28,3383.6909,4.996
262.6000,740.105,3691.6436,4.988
262.6200,740.836,3696.7715,4.99
262.6400,697.043,3479.6389,4.992
262.6600,687.283,3430.917,4.992
262.6800,717.049,3579.5088,4.992
262.7000,744.008,3711.1118,4.988
262.7200,735.957,3672.425,4.99
262.7400,771.09,3847.739,4.99
262.7600,546.753,2733.7649,5
262.7800,548.338,2738.3999,4.994
262.8000,548.826,2739.7395,4.992
262.8200,415.737,2077.8535,4.998
262.8400,417.689,2086.7742,4.996
262.8600,538.579,2685.3547,4.986
262.8800,413.419,2064.6145,4.994
262.9000,412.321,2058.3066,4.992
262.9200,414.151,2067.4419,4.992
262.9400,414.761,2069.6572,4.99
262.9600,415.493,2073.3101,4.99
262.9800,415.249,2072.0923,4.99
263.0000,417.811,2085.7126,4.992
263.0200,416.103,2078.0183,4.994
263.0400,414.151,2066.6133,4.99
263.0600,414.151,2066.6133,4.99
263.0800,413.541,2062.7424,4.988
263.1000,413.785,2065.6147,4.992
263.1200,413.907,2066.2239,4.992
263.1400,415.371,2071.8706,4.988
263.1600,415.737,2074.5276,4.99
263.1800,416.957,2080.6152,4.99
263.2000,419.884,2095.2212,4.99
263.2200,413.785,2066.4424,4.994
263.2400,412.931,2060.5256,4.99
263.2600,414.517,2069.2688,4.992
263.2800,415.005,2070.875,4.99
263.3000,415.371,2071.8706,4.988
263.3200,431.473,2152.1873,4.988
263.3400,551.022,2747.3955,4.986
263.3600,414.761,2070.4868,4.992
263.3800,414.883,2070.2661,4.99
263.4000,415.371,2074.3628,4.994
263.4200,415.127,2071.4836,4.99
263.4400,416.835,2080.8403,4.992
263.4600,424.886,2121.031,4.992
263.4800,417.445,2083.8855,4.992
263.5000,417.201,2081.8328,4.99
263.5200,422.568,2108.6143,4.99
263.5400,413.663,2064.1782,4.99
263.5600,413.907,2065.396,4.99
263.5800,413.419,2062.9607,4.99
263.6000,413.541,2064.3967,4.992
263.6200,414.883,2071.0959,4.992
263.6400,415.859,2075.9683,4.992
263.6600,416.835,2081.6738,4.994
263.6800,416.225,2077.7952,4.992
263.7000,415.249,2074.584,4.996
263.7200,414.517,2069.2688,4.992
263.7400,412.809,2059.0913,4.988
263.7600,413.785,2065.6147,4.992
263.7800,414.639,2070.7073,4.994
263.8000,415.493,2074.1411,4.992
263.8200,416.103,2077.1863,4.992
263.8400,416.225,2077.7952,4.992
263.8600,416.835,2081.6738,4.994
263.8800,415.249,2072.0923,4.99
263.9000,411.955,2056.4792,4.992
263.9200,413.541,2062.7424,4.988
263.9400,540.531,2695.0876,4.986
263.9600,537.847,2682.7808,4.988
263.9800,536.75,2677.3088,4.988
264.0000,414.883,2072.7554,4.996
264.0200,413.541,2065.2236,4.994
264.0400,412.931,2061.3516,4.992
264.0600,414.151,2066.6133,4.99
264.0800,414.395,2067.0022,4.988
264.1000,414.151,2066.6133,4.99
264.1200,414.517,2068.4397,4.99
264.1400,416.103,2075.5217,4.988
264.1600,417.933,2086.3215,4.992
264.1800,415.493,2073.3101,4.99
264.2000,413.907,2066.2239,4.992
264.2200,413.663,2063.3511,4.988
264.2400,414.151,2068.27,4.994
264.2600,413.297,2063.1787,4.992
264.2800,414.517,2067.6108,4.988
264.3000,415.859,2075.1365,4.99
264.3200,415.737,2075.3591,4.992
264.3400,433.425,2165.3911,4.996
264.3600,415.981,2078.241,4.996
264.3800,413.785,2065.6147,4.992
264.4000,412.321,2057.4817,4.99
264.4200,413.785,2065.6147,4.992
264.4400,413.297,2063.1787,4.992
264.4600,414.883,2070.2661,4.99
264.4800,415.737,2074.5276,4.99
264.5000,431.961,2156.3494,4.992
264.5200,417.201,2082.6675,4.992
264.5400,414.761,2071.3164,4.994
264.5600,412.809,2059.9167,4.99
264.5800,413.541,2063.5693,4.99
264.6000,414.151,2066.6133,4.99
264.6200,413.663,2063.3511,4.988
264.6400,415.127,2071.4836,4.99
264.6600,421.714,2104.3528,4.99
264.6800,415.981,2076.5771,4.992
264.7000,416.835,2081.6738,4.994
264.7200,414.029,2066.0046,4.99
264.7400,413.785,2065.6147,4.992
264.7600,416.591,2079.6223,4.992
264.7800,414.151,2066.6133,4.99
264.8000,414.883,2071.0959,4.992
264.8200,414.647,2068.2593,4.988
264.8400,414.525,2069.3088,4.992
264.8600,423.308,2113.1536,4.992
264.8800,418.306,2088.1836,4.992
264.9000,416.355,2077.6113,4.99
264.9200,413.427,2063.0007,4.99
264.9400,413.183,2061.7832,4.99
264.9600,413.183,2060.9568,4.988
264.9800,414.647,2069.918,4.992
265.0000,415.135,2073.1843,4.994
265.0200,417.331,2084.1509,4.994
265.0400,415.867,2075.1763,4.99
265.0600,416.111,2077.2261,4.992
265.0800,417.087,2082.9324,4.994
265.1000,415.257,2073.7935,4.994
265.1200,616.176,3069.7888,4.982
265.1400,420.99,2103.2659,4.996
265.1600,417.575,2085.3696,4.994
265.1800,417.575,2085.3696,4.994
265.2000,418.184,2088.4109,4.994
265.2200,419.282,2093.0559,4.992
265.2400,430.506,2148.2249,4.99
265.2600,413.061,2062.0005,4.992
265.2800,413.061,2062.0005,4.992
265.3000,414.037,2065.2166,4.988
265.3200,414.151,2067.4419,4.992
265.3400,414.395,2067.8308,4.99
265.3600,415.371,2072.7012,4.99
265.3800,420.128,2097.2791,4.992
265.4000,417.201,2080.9985,4.988
265.4200,415.371,2074.3628,4.994
265.4400,414.151,2065.7852,4.988
265.4600,412.687,2060.1335,4.992
265.4800,413.907,2065.396,4.99
265.5000,413.419,2062.9607,4.99
265.5200,414.639,2069.8779,4.992
265.5400,416.225,2076.1304,4.988
265.5600,417.323,2084.1111,4.994
265.5800,416.957,2079.7815,4.988
265.6000,415.859,2077.6316,4.996
265.6200,417.811,2084.8767,4.99
265.6400,413.175,2063.3958,4.994
265.6600,412.321,2057.4817,4.99
265.6800,414.151,2066.6133,4.99
265.7000,414.883,2071.9258,4.994
265.7200,415.127,2073.1443,4.994
265.7400,415.005,2070.875,4.99
265.7600,417.445,2084.7205,4.994
265.7800,423.056,2111.0493,4.99
265.8000,412.931,2060.5256,4.99
265.8200,412.565,2058.6992,4.99
265.8400,412.809,2060.7424,4.992
265.8600,413.907,2064.5681,4.988
265.8800,426.838,2129.9216,4.99
265.9000,417.201,2080.9985,4.988
265.9200,415.371,2075.1934,4.996
265.9400,468.68,2337.7759,4.988
265.9600,536.75,2675.1621,4.984
265.9800,537.603,2682.6389,4.99
266.0000,414.883,2071.9258,4.994
266.0200,412.809,2062.3936,4.996
266.0400,413.297,2062.3518,4.99
266.0600,415.127,2072.3142,4.992
266.0800,414.639,2070.7073,4.994
266.1000,414.639,2069.0486,4.99
266.1200,415.371,2072.7012,4.99
266.1400,417.567,2084.4944,4.992
266.1600,417.079,2082.8926,4.994
266.1800,414.883,2069.4363,4.988
266.2000,412.687,2059.3081,4.99
266.2200,441.598,2203.574,4.99
266.2400,627.753,3129.9766,4.986
266.2600,734.371,3663.0422,4.988
266.2800,747.912,3732.0806,4.99
266.3000,729.37,3641.0151,4.992
266.3200,737.299,3677.6475,4.988
266.3400,744.862,3716.8613,4.99
266.3600,733.029,3656.3486,4.988
266.3800,747.18,3728.428,4.99
266.4000,756.817,3775.0032,4.988
266.4200,728.882,3638.5791,4.992
266.4400,781.459,3894.7917,4.984
266.4600,1026.046,5109.709,4.98
266.4800,1018.727,5083.4473,4.99
266.5000,1021.166,5095.6182,4.99
266.5200,1021.532,5099.4878,4.992
266.5400,1028.2419,5130.9272,4.99
266.5600,728.638,3644.6472,5.002
266.5800,734.005,3667.0889,4.996
266.6000,738.763,3687.905,4.992
266.6200,736.201,3676.5876,4.994
266.6400,739.373,3689.4709,4.99
266.6600,740.593,3697.0405,4.992
266.6800,743.032,3706.2434,4.988
266.7000,732.541,3658.3098,4.994
266.7200,732.541,3656.8447,4.992
266.7400,738.641,3685.8184,4.99
266.7600,732.663,3655.9883,4.99
266.7800,735.103,3671.1045,4.994
266.8000,737.421,3679.7307,4.99
266.8200,747.058,3727.8191,4.99
266.8400,760.721,3797.5193,4.992
266.8600,749.742,3741.2124,4.99
266.8800,751.937,3752.1655,4.99
266.9000,733.029,3659.2808,4.992
266.9200,750.596,3746.9753,4.992
266.9400,776.213,3871.7505,4.988
266.9600,734.371,3665.98,4.992
266.9800,746.326,3725.6594,4.992
267.0000,746.936,3728.7043,4.992
267.0200,748.766,3736.342,4.99
267.0400,765.966,3822.1702,4.99
267.0600,762.184,3804.8228,4.992
267.0800,748.888,3736.9509,4.99
267.1000,1006.284,5011.2944,4.98
267.1200,1018.483,5078.1562,4.986
267.1400,1036.6591,5168.7822,4.986
267.1600,1025.6801,5118.1431,4.99
267.1800,1018.727,5085.4854,4.992
267.2000,1017.263,5076.1421,4.99
267.2200,757.549,3784.7146,4.996
267.2400,735.103,3672.5747,4.996
267.2600,737.665,3680.948,4.99
267.2800,735.225,3673.1838,4.996
267.3000,741.568,3701.9075,4.992
267.3200,731.199,3650.1453,4.992
267.3400,732.541,3658.3098,4.994
267.3600,708.632,3536.0737,4.99
267.3800,749.864,3744.8208,4.994
267.4000,731.565,3651.9727,4.992
267.4200,732.907,3657.2056,4.99
267.4400,748.034,3732.6895,4.99
267.4600,759.745,3792.647,4.992
267.4800,753.889,3761.9058,4.99
267.5000,749.498,3741.4941,4.992
267.5200,753.401,3760.9778,4.992
267.5400,749.864,3743.3213,4.992
267.5600,746.936,3730.1982,4.994
267.5800,746.082,3725.9333,4.994
267.6000,746.57,3728.3706,4.994
267.6200,746.692,3728.98,4.994
267.6400,750.596,3746.9753,4.992
267.6600,742.544,3708.2646,4.994
267.6800,753.401,3762.4846,4.994
267.7000,745.106,3718.0789,4.99
267.7200,741.812,3706.0928,4.996
267.7400,754.499,3764.95,4.99
267.7600,743.764,3714.3572,4.994
267.7800,745.472,3718.4143,4.988
267.8000,728.272,3638.4465,4.996
267.8200,741.812,3701.6418,4.99
267.8400,739.495,3687.1221,4.986
267.8600,737.665,3682.4236,4.992
267.8800,752.547,3756.7146,4.992
267.9000,744.618,3715.6436,4.99
267.9200,765.844,3823.0933,4.992
267.9400,741.202,3700.0806,4.992
267.9600,741.202,3700.0806,4.992
267.9800,763.526,3808.4675,4.988
268.0000,575.786,2880.0815,5.002
268.0200,725.466,3621.5264,4.992
268.0400,747.912,3733.5767,4.992
268.0600,730.467,3646.4912,4.992
268.0800,732.785,3656.5969,4.99
268.1000,733.151,3659.8899,4.992
268.1200,725.832,3621.9014,4.99
268.1400,724.612,3618.7124,4.994
268.1600,718.269,3585.5989,4.992
268.1800,720.098,3596.1694,4.994
268.2000,727.296,3629.207,4.99
268.2200,741.934,3702.2505,4.99
268.2400,726.686,3626.1628,4.99
268.2600,723.026,3610.7917,4.994
268.2800,721.562,3599.1514,4.988
268.3000,740.836,3696.7715,4.99
268.3200,746.556,3726.8079,4.992
268.3400,745.092,3719.4993,4.992
268.3600,736.675,3677.4817,4.992
268.3800,736.919,3678.6997,4.992
268.4000,740.822,3699.665,4.994
268.4200,743.994,3714.0183,4.992
268.4400,744.604,3718.5522,4.994
268.4600,738.383,3684.531,4.99
268.4800,742.042,3705.7576,4.994
268.5000,744.848,3716.7915,4.99
268.5200,738.993,3690.531,4.994
268.5400,743.384,3707.9993,4.988
268.5600,734.357,3662.9727,4.988
268.5800,732.527,3655.3096,4.99
268.6000,751.435,3751.1636,4.992
268.6200,747.776,3731.4021,4.99
268.6400,752.533,3755.1396,4.99
268.6600,746.434,3724.7056,4.99
268.6800,751.801,3751.4871,4.99
268.7000,732.405,3654.7009,4.99
268.7200,752.289,3755.4268,4.992
268.7400,748.63,3737.1611,4.992
268.7600,735.699,3672.6094,4.992
268.7800,754.119,3764.5623,4.992
268.8000,743.506,3711.582,4.992
268.8200,735.685,3672.5396,4.992
268.8400,747.64,3730.7234,4.99
268.8600,749.835,3744.676,4.994
268.8800,737.149,3678.3733,4.99
268.9000,745.932,3723.6926,4.992
268.9200,748.859,3738.3042,4.992
268.9400,742.272,3708.3906,4.996
268.9600,743.126,3708.1985,4.99
268.9800,751.787,3752.9207,4.992
269.0000,742.76,3707.8582,4.992
269.0200,746.786,3730.9429,4.996
269.0400,747.64,3732.219,4.992
269.0600,745.322,3722.1382,4.994
269.0800,746.054,3722.8093,4.99
269.1000,742.638,3707.249,4.992
269.1200,737.271,3678.9822,4.99
269.1400,741.906,3700.6272,4.988
269.1600,749.591,3741.9583,4.992
269.1800,735.685,3671.0679,4.99
269.2000,752.153,3753.2434,4.99
269.2200,743.004,3710.562,4.994
269.2400,741.296,3702.0322,4.994
269.2600,743.248,3708.8074,4.99
269.2800,751.543,3751.7029,4.992
269.3000,736.661,3678.885,4.994
269.3200,753.387,3759.4011,4.99
269.3400,748.996,3737.4897,4.99
269.3600,766.684,3825.7532,4.99
269.3800,694.956,3470.6101,4.994
269.4000,748.874,3736.8811,4.99
269.4200,705.568,3523.6064,4.994
269.4400,745.214,3717.1272,4.988
269.4600,734.723,3666.2678,4.99
269.4800,750.825,3748.1187,4.992
269.5000,741.066,3697.9189,4.99
269.5200,693.736,3463.1304,4.992
269.5400,740.822,3696.7017,4.99
269.5600,734.601,3665.6589,4.99
269.5800,746.8,3725.0383,4.988
269.6000,744.848,3718.2815,4.992
269.6200,820.358,4090.3049,4.986
269.6400,591.389,2954.5791,4.996
269.6600,568.456,2837.7324,4.992
269.6800,536.983,2681.6929,4.994
269.7000,539.057,2690.9727,4.992
269.7200,565.284,2820.7671,4.99
269.7400,560.039,2793.4746,4.988
269.7600,412.801,2061.5281,4.994
269.7800,412.679,2058.4426,4.988
269.8000,414.997,2072.4951,4.994
269.8200,414.021,2067.6208,4.994
269.8400,414.631,2070.6672,4.994
269.8600,416.095,2076.314,4.99
269.8800,417.437,2083.8457,4.992
269.9000,416.339,2079.1968,4.994
269.9200,414.387,2068.6199,4.992
269.9400,412.435,2058.0505,4.99
269.9600,412.191,2057.6575,4.992
269.9800,539.301,2690.0334,4.988
270.0000,559.551,2793.2788,4.992
270.0200,415.485,2074.9319,4.994
270.0400,413.899,2067.0115,4.994
270.0600,419.754,2096.2515,4.994
270.0800,412.557,2060.3096,4.994
270.1000,413.045,2061.0945,4.99
270.1200,417.437,2083.0105,4.99
270.1400,415.241,2072.8831,4.992
270.1600,422.316,2107.3567,4.99
270.1800,416.095,2077.1462,4.992
270.2000,416.705,2078.5244,4.988
270.2200,415.729,2076.1506,4.994
270.2400,414.021,2067.6208,4.994
270.2600,413.167,2061.7031,4.99
270.2800,414.021,2065.9646,4.99
270.3000,414.387,2070.2773,4.996
270.3200,414.135,2068.1902,4.994
270.3400,414.257,2067.1423,4.99
270.3600,415.233,2072.8433,4.992
270.3800,416.331,2079.157,4.994
270.4000,417.063,2081.9785,4.992
270.4200,414.501,2068.3599,4.99
270.4400,412.305,2057.4019,4.99
270.4600,413.403,2063.708,4.992
270.4800,414.257,2067.1423,4.99
270.5000,413.647,2064.0984,4.99
270.5200,414.623,2068.9685,4.99
270.5400,415.843,2075.0564,4.99
270.5600,417.673,2085.0237,4.992
270.5800,416.697,2079.3179,4.99
270.6000,415.721,2076.9421,4.996
270.6200,414.013,2066.7529,4.992
270.6400,415.965,2077.3291,4.994
270.6600,413.647,2064.9258,4.992
270.6800,417.795,2086.4683,4.994
270.7000,414.257,2067.1423,4.99
270.7200,416.209,2077.7153,4.992
270.7400,416.941,2081.3696,4.992
270.7600,416.453,2079.7664,4.994
270.7800,415.843,2076.72,4.994
270.8000,414.013,2065.9248,4.99
270.8200,416.941,2080.5356,4.99
270.8400,412.549,2059.4448,4.992
270.8600,413.891,2065.3159,4.99
270.8800,414.501,2069.189,4.992
270.9000,415.599,2074.6702,4.992
270.9200,415.965,2075.6653,4.99
270.9400,416.331,2078.3245,4.992
270.9600,417.429,2083.8054,4.992
270.9800,414.989,2070.7952,4.99
271.0000,413.525,2064.3169,4.992
271.0200,413.037,2060.2285,4.988
271.0400,414.501,2070.0181,4.994
271.0600,414.745,2069.5774,4.99
271.0800,414.867,2070.1863,4.99
271.1000,414.989,2070.7952,4.99
271.1200,414.867,2071.8457,4.994
271.1400,417.673,2085.0237,4.992
271.1600,416.087,2077.1064,4.992
271.1800,414.135,2067.3621,4.992
271.2000,414.745,2069.5774,4.99
271.2200,413.891,2066.1438,4.992
271.2400,414.257,2067.9709,4.992
271.2600,414.501,2069.189,4.992
271.2800,416.941,2080.5356,4.99
271.3000,417.063,2081.9785,4.992
271.3200,417.543,2084.3748,4.992
271.3400,417.787,2086.4282,4.994
271.3600,416.201,2077.6753,4.992
271.3800,413.274,2062.2371,4.99
271.4000,413.152,2061.6284,4.99
271.4200,412.908,2061.2368,4.992
271.4400,413.03,2061.0195,4.99
271.4600,415.347,2073.4121,4.992
271.4800,414.127,2066.4937,4.99
271.5000,416.689,2079.2781,4.99
271.5200,416.567,2079.5024,4.992
271.5400,415.225,2072.8032,4.992
271.5600,413.517,2063.4497,4.99
271.5800,413.525,2064.3169,4.992
271.6000,414.013,2066.7529,4.992
271.6200,413.525,2064.3169,4.992
271.6400,414.257,2067.9709,4.992
271.6600,414.745,2069.5774,4.99
271.6800,416.087,2077.9385,4.994
271.7000,416.331,2078.3245,4.992
271.7200,417.307,2084.0312,4.994
271.7400,414.867,2071.8457,4.994
271.7600,413.769,2064.7073,4.99
271.7800,412.671,2060.0537,4.992
271.8000,414.257,2067.1423,4.99
271.8200,413.769,2064.7073,4.99
271.8400,414.135,2067.3621,4.992
271.8600,414.623,2070.6272,4.994
271.8800,416.087,2076.2742,4.99
271.9000,422.064,2108.6316,4.996
271.9200,415.843,2076.72,4.994
271.9400,414.379,2067.7512,4.99
271.9600,412.915,2060.4458,4.99
271.9800,519.895,2591.157,4.984
272.0000,537.827,2682.6812,4.988
272.0200,414.013,2069.2371,4.998
272.0400,413.403,2063.708,4.992
272.0600,412.671,2060.0537,4.992
272.0800,412.062,2056.1895,4.99
272.1000,414.745,2070.407,4.992
272.1200,430.725,2150.1792,4.992
272.1400,415.355,2073.4521,4.992
272.1600,415.599,2074.6702,4.992
272.1800,417.429,2082.9705,4.99
272.2000,415.721,2076.1106,4.994
272.2200,414.867,2070.1863,4.99
272.2400,413.159,2062.4897,4.992
272.2600,414.135,2066.5337,4.99
272.2800,584.669,2913.9905,4.984
272.3000,447.681,2236.6143,4.996
272.3200,421.82,2106.5691,4.994
272.3400,434.629,2169.668,4.992
272.3600,424.748,2120.342,4.992
272.3800,423.894,2116.0789,4.992
272.4000,420.478,2099.8672,4.994
272.4200,418.161,2087.4597,4.992
272.4400,412.671,2060.0537,4.992
272.4600,412.427,2058.8357,4.992
272.4800,413.159,2062.4897,4.992
272.5000,413.647,2064.9258,4.992
272.5200,423.528,2114.252,4.992
272.5400,416.209,2077.7153,4.992
272.5600,417.429,2084.6404,4.994
272.5800,416.811,2081.5542,4.994
272.6000,414.615,2070.5872,4.994
272.6200,414.493,2069.1492,4.992
272.6400,412.664,2060.844,4.994
272.6600,412.908,2061.2368,4.992
272.6800,413.152,2060.8022,4.988
272.7000,414.127,2067.322,4.992
272.7200,415.713,2075.2395,4.992
272.7400,419.739,2094.4976,4.99
272.7600,417.543,2084.3748,4.992
272.7800,416.201,2077.6753,4.992
272.8000,414.127,2067.322,4.992
272.8200,414.005,2067.541,4.994
272.8400,413.517,2063.4497,4.99
272.8600,419.617,2094.728,4.992
272.8800,413.761,2064.6672,4.99
272.9000,425.96,2124.6885,4.988
272.9200,414.859,2071.8059,4.994
272.9400,422.056,2106.9036,4.992
272.9600,417.299,2081.4875,4.988
272.9800,415.225,2074.4641,4.996
273.0000,413.517,2063.4497,4.99
273.0200,413.639,2064.0586,4.99
273.0400,412.176,2057.5825,4.992
273.0600,413.517,2064.2769,4.992
273.0800,414.493,2069.1492,4.992
273.1000,415.469,2074.0212,4.992
273.1200,415.835,2075.8484,4.992
273.1400,416.323,2078.2844,4.992
273.1600,417.299,2082.322,4.99
273.1800,415.591,2075.4614,4.994
273.2000,413.395,2062.8408,4.99
273.2200,413.761,2063.8398,4.988
273.2400,413.517,2064.2769,4.992
273.2600,414.127,2067.322,4.992
273.2800,417.665,2084.1482,4.99
273.3000,416.201,2078.5078,4.994
273.3200,415.965,2076.4973,4.992
273.3400,416.331,2078.3245,4.992
273.3600,416.087,2077.1064,4.992
273.3800,418.283,2088.9053,4.994
273.4000,412.671,2059.228,4.99
273.4200,413.647,2064.0984,4.99
273.4400,413.891,2066.1438,4.992
273.4600,414.501,2068.3599,4.99
273.4800,416.087,2077.1064,4.992
273.5000,415.843,2075.8882,4.992
273.5200,416.209,2076.8828,4.99
273.5400,415.233,2072.8433,4.992
273.5600,589.304,2937.0913,4.984
273.5800,428.651,2141.5403,4.996
273.6000,415.599,2076.3325,4.996
273.6200,414.867,2071.8457,4.994
273.6400,416.087,2078.7705,4.996
273.6600,417.917,2085.4058,4.99
273.6800,417.185,2082.5876,4.992
273.7000,416.697,2080.1514,4.992
273.7200,415.477,2074.0613,4.992
273.7400,414.867,2069.3567,4.988
273.7600,413.525,2063.4897,4.99
273.7800,413.159,2062.4897,4.992
273.8000,415.111,2071.4038,4.99
273.8200,414.013,2065.9248,4.99
273.8400,415.111,2071.4038,4.99
273.8600,415.843,2077.5515,4.996
273.8800,417.673,2084.1882,4.99
273.9000,418.771,2090.5049,4.992
273.9200,414.745,2071.2366,4.994
273.9400,413.891,2065.3159,4.99
273.9600,414.013,2066.7529,4.992
273.9800,413.891,2066.9717,4.994
274.0000,536.241,2673.6978,4.986
274.0200,414.135,2066.5337,4.99
274.0400,413.769,2064.7073,4.99
274.0600,412.183,2057.6177,4.992
274.0800,413.403,2063.708,4.992
274.1000,415.111,2071.4038,4.99
274.1200,415.721,2075.2793,4.992
274.1400,415.599,2073.8389,4.99
274.1600,417.429,2084.6404,4.994
274.1800,415.355,2072.6213,4.99
274.2000,413.159,2062.4897,4.992
274.2200,413.891,2065.3159,4.99
274.2400,412.549,2058.6194,4.99
274.2600,414.135,2068.1902,4.994
274.2800,414.623,2069.7981,4.992
274.3000,416.575,2078.7092,4.99
274.3200,416.209,2076.8828,4.99
274.3400,415.965,2077.3291,4.994
274.3600,416.575,2079.5425,4.992
274.3800,414.867,2070.1863,4.99
274.4000,412.915,2061.2717,4.992
274.4200,418.405,2087.8408,4.99
274.4400,414.135,2066.5337,4.99
274.4600,413.769,2066.3625,4.994
274.4800,414.623,2069.7981,4.992
274.5000,415.355,2073.4521,4.992
274.5200,416.453,2079.7664,4.994
274.5400,416.209,2076.8828,4.99
274.5600,414.867,2071.0161,4.992
274.5800,414.379,2066.9224,4.988
274.6000,419.747,2095.3772,4.992
274.6200,414.135,2066.5337,4.99
274.6400,414.135,2067.3621,4.992
274.6600,415.233,2072.0127,4.99
274.6800,414.623,2070.6272,4.994
274.7000,417.185,2083.4219,4.994
274.7200,416.697,2080.1514,4.992
274.7400,415.843,2075.0564,4.99
274.7600,414.745,2070.407,4.992
274.7800,413.403,2062.8809,4.99
274.8000,414.135,2066.5337,4.99
274.8200,413.639,2063.2314,4.988
274.8400,413.03,2061.8457,4.992
274.8600,415.225,2071.9727,4.99
274.8800,416.079,2076.2341,4.99
274.9000,417.055,2082.7727,4.994
274.9200,417.055,2082.7727,4.994
274.9400,415.957,2077.2893,4.994
274.9600,413.274,2064.7168,4.996
274.9800,423.154,2110.6921,4.988
275.0000,422.91,2110.3208,4.99
275.0200,447.428,2231.7708,4.988
275.0400,462.92,2309.0449,4.988
275.0600,432.791,2158.7615,4.988
275.0800,421.446,2104.7014,4.994
275.1000,413.517,2064.2769,4.992
275.1200,414.005,2065.0569,4.988
275.1400,415.225,2072.8032,4.992
275.1600,414.859,2070.1462,4.99
275.1800,416.323,2078.2844,4.992
275.2000,416.079,2076.2341,4.99
275.2200,415.469,2074.8521,4.994
275.2400,421.08,2101.189,4.99
275.2600,433.522,2163.2747,4.99
275.2800,415.225,2073.6335,4.994
275.3000,411.81,2055.7556,4.992
275.3200,417.917,2086.2417,4.992
275.3400,414.257,2068.7993,4.994
275.3600,415.233,2073.6736,4.994
275.3800,416.575,2079.5425,4.992
275.4000,416.819,2080.7605,4.992
275.4200,415.111,2073.0642,4.994
275.4400,425.602,2124.6052,4.992
275.4600,422.186,2107.5525,4.992
275.4800,420.722,2099.4026,4.99
275.5000,426.09,2127.0413,4.992
275.5200,413.403,2062.8809,4.99
275.5400,415.355,2073.4521,4.992
275.5600,420.478,2100.708,4.996
275.5800,413.281,2063.0989,4.992
275.6000,415.477,2073.23,4.99
275.6200,415.477,2072.3992,4.988
275.6400,417.551,2085.2498,4.994
275.6600,417.429,2084.6404,4.994
275.6800,416.453,2078.1003,4.99
275.7000,413.037,2061.8806,4.992
275.7200,415.599,2074.6702,4.992
275.7400,413.647,2064.0984,4.99
275.7600,414.135,2066.5337,4.99
275.7800,413.769,2065.5349,4.992
275.8000,416.453,2077.2676,4.988
275.8200,417.063,2082.8125,4.994
275.8400,416.697,2081.8181,4.996
275.8600,416.941,2083.0371,4.996
275.8800,417.429,2082.9705,4.99
275.9000,412.793,2060.6626,4.992
275.9200,413.525,2064.3169,4.992
275.9400,413.037,2061.8806,4.992
275.9600,414.501,2068.3599,4.99
275.9800,414.867,2071.8457,4.994
276.0000,415.477,2074.8921,4.994
276.0200,538.559,2688.4866,4.992
276.0400,538.803,2688.6267,4.99
276.0600,540.389,2697.6218,4.992
276.0800,546.122,2727.3333,4.994
276.1000,541.487,2703.1033,4.992
276.1200,413.525,2065.9707,4.996
276.1400,413.159,2063.3159,4.994
276.1600,412.915,2061.2717,4.992
276.1800,413.647,2064.9258,4.992
276.2000,414.745,2069.5774,4.99
276.2200,415.599,2073.8389,4.99
276.2400,417.063,2081.9785,4.992
276.2600,417.551,2084.4146,4.992
276.2800,415.599,2074.6702,4.992
276.3000,413.769,2065.5349,4.992
276.3200,412.671,2059.228,4.99
276.3400,412.427,2058.0107,4.99
276.3600,413.647,2064.9258,4.992
276.3800,414.135,2067.3621,4.992
276.4000,414.989,2069.9651,4.988
276.4200,415.599,2075.5015,4.994
276.4400,416.331,2079.157,4.994
276.4600,417.185,2081.7529,4.99
276.4800,414.135,2067.3621,4.992
276.5000,423.04,2110.9695,4.99
276.5200,414.745,2068.748,4.988
276.5400,413.037,2062.7068,4.994
276.5600,414.867,2071.8457,4.994
276.5800,414.745,2070.407,4.992
276.6000,417.063,2081.1443,4.99
276.6200,416.209,2077.7153,4.992
276.6400,417.795,2086.4683,4.994
276.6600,417.063,2082.8125,4.994
276.6800,414.257,2068.7993,4.994
276.7000,413.281,2062.2722,4.99
276.7200,413.037,2061.0544,4.99
276.7400,414.745,2069.5774,4.99
276.7600,414.013,2066.7529,4.992
276.7800,415.965,2076.4973,4.992
276.8000,416.697,2080.1514,4.992
276.8200,417.795,2086.4683,4.994
276.8400,417.185,2082.5876,4.992
276.8600,415.721,2076.1106,4.994
276.8800,413.647,2065.7532,4.994
276.9000,413.281,2062.2722,4.99
276.9200,412.671,2060.0537,4.992
276.9400,413.647,2064.9258,4.992
276.9600,414.989,2070.7952,4.99
276.9800,415.233,2072.8433,4.992
277.0000,416.697,2080.9849,4.994
277.0200,418.283,2088.9053,4.994
277.0400,415.721,2076.1106,4.994
277.0600,412.793,2059.8369,4.99
277.0800,413.647,2064.9258,4.992
277.1000,412.915,2059.6201,4.988
277.1200,414.989,2070.7952,4.99
277.1400,414.135,2065.7053,4.988
277.1600,414.623,2069.7981,4.992
277.1800,414.501,2069.189,4.992
277.2000,415.965,2077.3291,4.994
277.2200,418.527,2090.1238,4.994
277.2400,415.721,2076.1106,4.994
277.2600,414.623,2069.7981,4.992
277.2800,412.915,2059.6201,4.988
277.3000,413.769,2065.5349,4.992
277.3200,414.135,2067.3621,4.992
277.3400,414.379,2068.5801,4.992
277.3600,414.013,2066.7529,4.992
277.3800,415.721,2075.2793,4.992
277.4000,416.575,2079.5425,4.992
277.4200,416.575,2079.5425,4.992
277.4400,414.745,2071.2366,4.994
277.4600,412.793,2059.8369,4.99
277.4800,413.403,2062.8809,4.99
277.5000,432.433,2156.9758,4.988
277.5200,414.135,2067.3621,4.992
277.5400,432.311,2158.0967,4.992
277.5600,415.111,2071.4038,4.99
277.5800,415.233,2072.0127,4.99
277.6000,416.941,2081.3696,4.992
277.6200,416.819,2080.7605,4.992
277.6400,414.989,2071.6252,4.992
277.6600,412.549,2057.7944,4.988
277.6800,412.915,2059.6201,4.988
277.7000,413.281,2062.2722,4.99
277.7200,415.111,2072.2341,4.992
277.7400,423.162,2110.7319,4.988
277.7600,424.26,2118.7544,4.994
277.7800,417.063,2083.6467,4.996
277.8000,424.016,2116.688,4.992
277.8200,415.111,2071.4038,4.99
277.8400,415.111,2073.0642,4.994
277.8600,412.183,2057.6177,4.992
277.8800,413.159,2062.4897,4.992
277.9000,414.379,2068.5801,4.992
277.9200,414.867,2070.1863,4.99
277.9400,414.989,2072.4551,4.994
277.9600,415.233,2073.6736,4.994
277.9800,417.307,2084.0312,4.994
278.0000,416.087,2076.2742,4.99
278.0200,538.559,2684.1782,4.984
278.0400,537.705,2680.9973,4.986
278.0600,415.477,2074.8921,4.994
278.0800,420.112,2098.0393,4.994
278.1000,417.429,2084.6404,4.994
278.1200,415.355,2072.6213,4.99
278.1400,413.647,2065.7532,4.994
278.1600,413.159,2062.4897,4.992
278.1800,418.039,2086.8508,4.992
278.2000,414.135,2066.5337,4.99
278.2200,415.599,2074.6702,4.992
278.2400,415.111,2071.4038,4.99
278.2600,422.43,2109.6155,4.994
278.2800,416.209,2077.7153,4.992
278.3000,415.599,2075.5015,4.994
278.3200,412.671,2059.228,4.99
278.3400,412.915,2060.4458,4.99
278.3600,414.013,2065.9248,4.99
278.3800,413.525,2064.3169,4.992
278.4000,415.233,2072.8433,4.992
278.4200,414.867,2071.0161,4.992
278.4400,415.965,2077.3291,4.994
278.4600,416.209,2078.5479,4.994
278.4800,416.453,2078.9333,4.992
278.5000,415.721,2074.4478,4.99
278.5200,413.403,2063.708,4.992
278.5400,413.281,2063.0989,4.992
278.5600,413.647,2064.0984,4.99
278.5800,413.891,2065.3159,4.99
278.6000,414.867,2071.0161,4.992
278.6200,415.233,2072.8433,4.992
278.6400,416.453,2078.1003,4.99
278.6600,430.237,2147.7432,4.992
278.6800,599.795,2990.5779,4.986
278.7000,502.086,2507.4175,4.994
278.7200,424.016,2119.2319,4.998
278.7400,423.406,2114.4895,4.994
278.7600,422.552,2110.2246,4.994
278.7800,425.114,2121.3188,4.99
278.8000,424.992,2121.5601,4.992
278.8200,414.989,2070.7952,4.99
278.8400,413.159,2060.8372,4.988
278.8600,412.915,2060.4458,4.99
278.8800,413.525,2063.4897,4.99
278.9000,414.867,2071.0161,4.992
278.9200,420.478,2099.0261,4.992
278.9400,417.551,2083.5793,4.99
278.9600,417.551,2084.4146,4.992
278.9800,414.623,2068.9685,4.99
279.0000,412.915,2062.0977,4.994
279.0200,414.379,2067.7512,4.99
279.0400,413.403,2062.8809,4.99
279.0600,413.281,2061.4456,4.988
279.0800,413.403,2063.708,4.992
279.1000,414.989,2071.6252,4.992
279.1200,416.331,2078.3245,4.992
279.1400,417.429,2083.8054,4.992
279.1600,415.843,2076.72,4.994
279.1800,587.109,2927.3254,4.986
279.2000,417.551,2086.0847,4.996
279.2200,416.087,2077.9385,4.994
279.2400,426.944,2131.3044,4.992
279.2600,417.307,2083.1965,4.992
279.2800,417.063,2083.6467,4.996
279.3000,419.259,2093.7795,4.994
279.3200,416.331,2078.3245,4.992
279.3400,422.064,2106.0991,4.99
279.3600,415.843,2076.72,4.994
279.3800,414.379,2069.4087,4.994
279.4000,412.549,2060.2698,4.994
279.4200,413.037,2060.2285,4.988
279.4400,414.379,2067.7512,4.99
279.4600,415.233,2073.6736,4.994
279.4800,416.697,2078.4846,4.988
279.5000,415.843,2075.8882,4.992
279.5200,417.429,2083.8054,4.992
279.5400,416.941,2081.3696,4.992
279.5600,414.989,2071.6252,4.992
279.5800,414.013,2066.7529,4.992
279.6000,412.183,2057.6177,4.992
279.6200,414.013,2067.5808,4.994
279.6400,414.623,2069.7981,4.992
279.6600,413.647,2064.9258,4.992
279.6800,416.209,2078.5479,4.994
279.7000,415.843,2075.8882,4.992
279.7200,417.673,2086.6943,4.996
279.7400,416.087,2078.7705,4.996
279.7600,414.257,2068.7993,4.994
279.7800,413.281,2063.0989,4.992
279.8000,413.525,2062.6626,4.988
279.8200,414.745,2068.748,4.988
279.8400,423.04,2110.1235,4.988
279.8600,414.623,2069.7981,4.992
279.8800,415.477,2074.8921,4.994
279.9000,415.965,2078.1611,4.996
279.9200,431.945,2154.5417,4.988
279.9400,414.867,2071.8457,4.994
279.9600,414.501,2070.0181,4.994
279.9800,413.403,2062.0542,4.988
280.0000,413.769,2065.5349,4.992
280.0200,414.501,2068.3599,4.99
280.0400,537.095,2677.9556,4.986
280.0600,537.461,2679.7805,4.986
280.0800,537.217,2679.6382,4.988
280.1000,418.039,2089.3589,4.998
280.1200,415.477,2074.8921,4.994
280.1400,414.501,2069.189,4.992
280.1600,413.891,2065.3159,4.99
280.1800,413.281,2062.2722,4.99
280.2000,427.431,2133.7356,4.992
280.2200,414.745,2069.5774,4.99
280.2400,415.599,2074.6702,4.992
280.2600,417.063,2081.9785,4.992
280.2800,416.453,2078.9333,4.992
280.3000,414.989,2072.4551,4.994
280.3200,425.846,2124.9714,4.99
280.3400,414.737,2070.3672,4.992
280.3600,413.517,2063.4497,4.99
280.3800,413.639,2063.2314,4.988
280.4000,414.615,2069.7581,4.992
280.4200,413.883,2065.2761,4.99
280.4400,422.91,2110.3208,4.99
280.4600,416.567,2080.3354,4.994
280.4800,423.642,2113.9734,4.99
280.5000,416.689,2079.2781,4.99
280.5200,413.274,2063.8904,4.994
280.5400,412.298,2057.3669,4.99
280.5600,414.127,2068.1504,4.994
280.5800,414.005,2066.7131,4.992
280.6000,414.371,2069.3687,4.994
280.6200,414.249,2067.9309,4.992
280.6400,415.225,2072.8032,4.992
280.6600,417.299,2082.322,4.99
280.6800,417.299,2083.9912,4.994
280.7000,415.103,2071.3638,4.99
280.7200,412.542,2059.4097,4.992
280.7400,413.03,2061.0195,4.99
280.7600,414.127,2068.1504,4.994
280.7800,414.493,2068.3201,4.99
280.8000,415.225,2072.8032,4.992
280.8200,415.835,2076.6799,4.994
280.8400,414.981,2072.415,4.994
280.8600,416.567,2080.3354,4.994
280.8800,416.201,2078.5078,4.994
280.9000,414.859,2071.8059,4.994
280.9200,413.274,2062.2371,4.99
280.9400,412.786,2060.6279,4.992
280.9600,419.373,2093.51,4.992
280.9800,413.517,2064.2769,4.992
281.0000,415.713,2074.408,4.99
281.0200,415.347,2074.2429,4.994
281.0400,416.811,2081.5542,4.994
281.0600,414.859,2070.9763,4.992
281.0800,414.859,2070.9763,4.992
281.1000,413.274,2063.0637,4.992
281.1200,415.957,2076.4573,4.992
281.1400,413.639,2064.0586,4.99
281.1600,414.127,2066.4937,4.99
281.1800,414.737,2070.3672,4.992
281.2000,415.835,2076.6799,4.994
281.2200,417.055,2082.7727,4.994
281.2400,416.567,2079.5024,4.992
281.2600,415.225,2074.4641,4.996
281.2800,412.786,2060.6279,4.992
281.3000,413.03,2062.6719,4.994
281.3200,413.152,2062.4548,4.992
281.3400,413.395,2062.8408,4.99
281.3600,413.761,2065.4949,4.992
281.3800,414.615,2070.5872,4.994
281.4000,416.079,2076.2341,4.99
281.4200,417.665,2084.1482,4.99
281.4400,416.567,2080.3354,4.994
281.4600,414.249,2067.1023,4.99
281.4800,416.567,2079.5024,4.992
281.5000,413.152,2061.6284,4.99
281.5200,412.908,2060.4109,4.99
281.5400,413.517,2063.4497,4.99
281.5600,415.591,2073.7991,4.99
281.5800,415.705,2075.1992,4.992
281.6000,416.559,2079.4624,4.992
281.6200,417.169,2081.6733,4.99
281.6400,416.925,2080.4556,4.99
281.6600,414.242,2068.7246,4.994
281.6800,413.754,2064.6323,4.99
281.7000,414.242,2067.0676,4.99
281.7200,414.851,2070.1064,4.99
281.7400,414.485,2068.28,4.99
281.7600,416.315,2078.2446,4.992
281.7800,416.193,2077.6355,4.992
281.8000,417.169,2084.1763,4.996
281.8200,415.705,2075.1992,4.992
281.8400,415.705,2076.0308,4.994
281.8600,413.144,2061.5886,4.99
281.8800,413.266,2063.0239,4.992
281.9000,413.632,2064.8508,4.992
281.9200,415.217,2071.9329,4.99
281.9400,415.827,2075.8083,4.992
281.9600,415.217,2072.7634,4.992
281.9800,416.681,2079.238,4.99
282.0000,417.047,2082.7327,4.994
282.0200,416.559,2079.4624,4.992
282.0400,427.781,2136.3384,4.994
282.0600,443.517,2215.8108,4.996
282.0800,422.056,2107.7476,4.994
282.1000,422.666,2109.9487,4.992
282.1200,423.398,2114.4497,4.994
282.1400,419.373,2093.51,4.992
282.1600,422.422,2107.8857,4.99
282.1800,415.469,2074.8521,4.994
282.2000,413.274,2063.0637,4.992
282.2200,413.395,2062.8408,4.99
282.2400,432.181,2155.7188,4.988
282.2600,419.251,2093.7395,4.994
282.2800,418.519,2088.4097,4.99
282.3000,419.495,2094.958,4.994
282.3200,420.104,2096.3188,4.99
282.3400,418.763,2090.4648,4.992
282.3600,420.104,2096.3188,4.99
282.3800,421.202,2101.7979,4.99
282.4000,420.714,2100.2043,4.992
282.4200,437.182,2182.4126,4.992
282.4400,424.496,2118.2349,4.99
282.4600,424.13,2116.4087,4.99
282.4800,423.276,2113.8403,4.994
282.5000,437.67,2183.9734,4.99
282.5200,419.983,2096.5552,4.992
282.5400,413.395,2062.8408,4.99
282.5600,431.571,2152.6763,4.988
282.5800,413.517,2064.2769,4.992
282.6000,413.883,2065.2761,4.99
282.6200,432.425,2157.8005,4.99
282.6400,414.615,2070.5872,4.994
282.6600,416.079,2077.0664,4.992
282.6800,440.353,2197.3613,4.99
282.7000,416.567,2079.5024,4.992
282.7200,416.811,2080.7205,4.992
282.7400,414.249,2067.1023,4.99
282.7600,413.883,2065.2761,4.99
282.7800,429.863,2144.1567,4.988
282.8000,413.761,2064.6672,4.99
282.8200,414.493,2068.3201,4.99
282.8400,413.639,2065.7131,4.994
282.8600,424.618,2119.6931,4.992
282.8800,415.713,2074.408,4.99
282.9000,417.787,2086.4282,4.994
282.9200,416.323,2079.1169,4.994
282.9400,416.079,2077.0664,4.992
282.9600,413.274,2063.0637,4.992
282.9800,413.03,2061.0195,4.99
283.0000,414.249,2067.1023,4.99
283.0200,413.517,2064.2769,4.992
283.0400,416.567,2081.1687,4.996
283.0600,415.957,2077.2893,4.994
283.0800,415.347,2073.4121,4.992
283.1000,415.591,2074.6304,4.992
283.1200,416.445,2079.7263,4.994
283.1400,422.178,2107.5127,4.992
283.1600,417.299,2083.9912,4.994
283.1800,412.908,2060.4109,4.99
283.2000,413.883,2066.104,4.992
283.2200,414.859,2070.1462,4.99
283.2400,414.249,2067.9309,4.992
283.2600,423.154,2111.5383,4.99
283.2800,416.201,2077.6753,4.992
283.3000,417.177,2080.8789,4.988
283.3200,414.615,2068.9287,4.99
283.3400,417.543,2085.2097,4.994
283.3600,414.005,2066.7131,4.992
283.3800,413.274,2063.8904,4.994
283.4000,414.249,2066.2739,4.988
283.4200,417.055,2081.1042,4.99
283.4400,413.152,2061.6284,4.99
283.4600,414.615,2070.5872,4.994
283.4800,416.201,2077.6753,4.992
283.5000,417.909,2086.2017,4.992
283.5200,414.615,2069.7581,4.992
283.5400,412.054,2056.9736,4.992
283.5600,416.567,2078.6692,4.99
283.5800,412.298,2058.1917,4.992
283.6000,413.274,2063.8904,4.994
283.6200,412.664,2060.0188,4.992
283.6400,413.517,2064.2769,4.992
283.6600,420.226,2098.6086,4.994
283.6800,416.811,2080.7205,4.992
283.7000,415.835,2076.6799,4.994
283.7200,413.639,2064.886,4.992
283.7400,411.322,2053.3193,4.992
283.7600,413.639,2065.7131,4.994
283.7800,413.152,2061.6284,4.99
283.8000,414.859,2070.9763,4.992
283.8200,413.03,2061.0195,4.99
283.8400,414.127,2067.322,4.992
283.8600,415.835,2076.6799,4.994
283.8800,416.079,2077.0664,4.992
283.9000,417.421,2083.7656,4.992
283.9200,412.176,2057.5825,4.992
283.9400,413.883,2065.2761,4.99
283.9600,414.371,2067.7112,4.99
283.9800,414.005,2065.8848,4.99
284.0000,413.639,2064.886,4.992
284.0200,413.639,2065.7131,4.994
284.0400,415.103,2072.1941,4.992
284.0600,464.14,2316.0586,4.99
284.0800,417.177,2083.3818,4.994
284.1000,416.933,2082.9973,4.996
284.1200,413.274,2063.0637,4.992
284.1400,412.176,2056.7581,4.99
284.1600,413.517,2064.2769,4.992
284.1800,416.079,2076.2341,4.99
284.2000,415.713,2075.2395,4.992
284.2200,412.42,2058.8008,4.992
284.2400,414.981,2072.415,4.994
284.2600,417.543,2084.3748,4.992
284.2800,414.981,2072.415,4.994
284.3000,414.249,2069.5879,4.996
284.3200,410.102,2047.2291,4.992
284.3400,411.2,2051.8879,4.99
284.3600,413.639,2064.886,4.992
284.3800,412.542,2057.7595,4.988
284.4000,413.395,2063.6677,4.992
284.4200,414.005,2066.7131,4.992
284.4400,415.591,2075.4614,4.994
284.4600,414.249,2067.1023,4.99
284.4800,412.42,2058.8008,4.992
284.5000,411.566,2054.5376,4.992
284.5200,411.444,2053.9285,4.992
284.5400,413.152,2061.6284,4.99
284.5600,412.908,2062.8882,4.996
284.5800,413.395,2063.6677,4.992
284.6000,415.103,2071.3638,4.99
284.6200,414.737,2072.0259,4.996
284.6400,414.737,2070.3672,4.992
284.6600,411.078,2051.2791,4.99
284.6800,411.078,2052.9236,4.994
284.7000,414.737,2069.5376,4.99
284.7200,412.298,2058.1917,4.992
284.7400,412.908,2062.0625,4.994
284.7600,413.517,2064.2769,4.992
284.7800,415.835,2076.6799,4.994
284.8000,414.737,2071.1965,4.994
284.8200,413.761,2066.3223,4.994
284.8400,413.022,2061.8059,4.992
284.8600,410.704,2051.0559,4.994
284.8800,411.436,2052.2427,4.988
284.9000,412.656,2059.9788,4.992
284.9200,414.485,2069.938,4.994
284.9400,414.242,2067.8962,4.992
284.9600,414.242,2068.7246,4.994
284.9800,414.851,2070.9363,4.992
285.0000,413.388,2063.6331,4.992
285.0200,411.558,2054.4976,4.992
285.0400,412.168,2056.7183,4.99
285.0600,593.185,2955.2476,4.982
285.0800,446.444,2231.3271,4.998
285.1000,421.194,2104.2852,4.996
285.1200,421.926,2105.4106,4.99
285.1400,446.932,2231.0847,4.992
285.1600,428.147,2137.3098,4.992
285.1800,436.442,2177.8455,4.99
285.2000,425.22,2123.5486,4.994
285.2200,420.462,2100.6282,4.996
285.2400,419.243,2093.6995,4.994
285.2600,417.047,2081.8987,4.992
285.2800,417.047,2081.8987,4.992
285.3000,416.315,2077.4119,4.99
285.3200,436.93,2180.2805,4.99
285.3400,417.177,2081.7131,4.99
285.3600,418.519,2090.084,4.994
285.3800,432.181,2156.583,4.99
285.4000,413.274,2063.0637,4.992
285.4200,415.103,2073.0244,4.994
285.4400,414.249,2069.5879,4.996
285.4600,412.542,2060.2346,4.994
285.4800,411.688,2055.1465,4.992
285.5000,412.176,2057.5825,4.992
285.5200,412.542,2060.2346,4.994
285.5400,413.03,2062.6719,4.994
285.5600,414.615,2070.5872,4.994
285.5800,413.754,2066.2874,4.994
285.6000,415.583,2073.759,4.99
285.6200,414.485,2069.938,4.994
285.6400,412.168,2057.5427,4.992
285.6600,410.46,2049.8372,4.994
285.6800,411.558,2054.4976,4.992
285.7000,413.998,2067.5059,4.994
285.7200,420.828,2099.9316,4.99
285.7400,415.095,2071.324,4.99
285.7600,415.217,2074.4241,4.996
285.7800,414.485,2069.938,4.994
285.8000,413.998,2065.8499,4.99
285.8200,411.314,2052.4568,4.99
285.8400,418.389,2087.761,4.99
285.8600,412.778,2061.4133,4.994
285.8800,412.534,2059.3699,4.992
285.9000,413.51,2065.0691,4.994
285.9200,414.607,2069.7183,4.992
285.9400,420.219,2097.7332,4.992
285.9600,415.461,2074.8123,4.994
285.9800,412.778,2060.5879,4.992
286.0000,411.192,2051.8479,4.99
286.0200,412.534,2058.5444,4.99
286.0400,412.656,2059.1533,4.99
286.0600,413.266,2063.0239,4.992
286.0800,535.499,2668.9272,4.984
286.1000,534.767,2667.418,4.988
286.1200,410.712,2051.0957,4.994
286.1400,411.322,2053.3193,4.992
286.1600,412.786,2061.4534,4.994
286.1800,412.298,2057.3669,4.99
286.2000,413.03,2062.6719,4.994
286.2200,413.395,2063.6677,4.992
286.2400,414.615,2070.5872,4.994
286.2600,414.859,2071.8059,4.994
286.2800,411.444,2053.1055,4.99
286.3000,411.688,2055.1465,4.992
286.3200,412.054,2055.3252,4.988
286.3400,412.915,2060.4458,4.99
286.3600,420.6,2099.6353,4.992
286.3800,412.671,2060.0537,4.992
286.4000,414.989,2071.6252,4.992
286.4200,414.867,2071.0161,4.992
286.4400,414.501,2070.0181,4.994
286.4600,411.452,2054.7913,4.994
286.4800,412.062,2055.3652,4.988
286.5000,411.208,2051.928,4.99
286.5200,412.549,2059.4448,4.992
286.5400,412.793,2059.8369,4.99
286.5600,414.135,2067.3621,4.992
286.5800,413.769,2065.5349,4.992
286.6000,414.379,2068.5801,4.992
286.6200,413.403,2063.708,4.992
286.6400,411.696,2055.1865,4.992
286.6600,412.062,2057.0137,4.992
286.6800,411.574,2054.5774,4.992
286.7000,412.549,2059.4448,4.992
286.7200,413.769,2066.3625,4.994
286.7400,415.111,2072.2341,4.992
286.7600,416.453,2078.9333,4.992
286.7800,414.379,2067.7512,4.99
286.8000,412.427,2058.8357,4.992
286.8200,411.208,2052.7505,4.992
286.8400,410.964,2050.7102,4.99
286.8600,412.427,2058.8357,4.992
286.8800,415.233,2072.8433,4.992
286.9000,412.671,2060.0537,4.992
286.9200,414.623,2069.7981,4.992
286.9400,414.867,2071.0161,4.992
286.9600,414.867,2071.8457,4.994
286.9800,412.183,2056.7932,4.99
287.0000,412.305,2058.2266,4.992
287.0200,411.696,2053.5398,4.988
287.0400,411.818,2054.9717,4.99
287.0600,413.647,2064.9258,4.992
287.0800,413.769,2065.5349,4.992
287.1000,416.941,2080.5356,4.99
287.1200,415.599,2075.5015,4.994
287.1400,415.355,2075.1135,4.996
287.1600,412.549,2060.2698,4.994
287.1800,410.354,2047.6664,4.99
287.2000,411.086,2051.3191,4.99
287.2200,412.549,2058.6194,4.99
287.2400,412.427,2058.8357,4.992
287.2600,414.135,2067.3621,4.992
287.2800,415.111,2072.2341,4.992
287.3000,414.135,2069.0183,4.996
287.3200,413.647,2064.0984,4.99
287.3400,413.403,2062.8809,4.99
287.3600,411.574,2054.5774,4.992
287.3800,438.288,2187.0569,4.99
287.4000,440.972,2201.3323,4.992
287.4200,441.948,2205.3203,4.99
287.4400,442.679,2210.7388,4.994
287.4600,444.021,2215.6646,4.99
287.4800,441.216,2203.4326,4.994
287.5000,441.46,2203.7683,4.992
287.5200,439.264,2192.8059,4.992
287.5400,439.874,2195.8511,4.992
287.5600,439.508,2194.0239,4.992
287.5800,439.63,2193.7537,4.99
287.6000,442.436,2209.5254,4.994
287.6200,442.679,2210.7388,4.994
287.6400,444.265,2218.6594,4.994
287.6600,441.704,2205.8699,4.994
287.6800,441.948,2206.2043,4.992
287.7000,439.996,2194.7,4.988
287.7200,440.728,2199.2327,4.99
287.7400,440.85,2201.605,4.994
287.7600,438.776,2189.4922,4.99
287.7800,438.776,2189.4922,4.99
287.8000,439.508,2195.782,4.996
287.8200,441.704,2204.103,4.99
287.8400,443.525,2214.9639,4.994
287.8600,441.451,2203.7234,4.992
287.8800,442.061,2206.7686,4.992
287.9000,439.012,2191.5479,4.992
287.9200,442.793,2208.6514,4.988
287.9400,439.988,2195.54,4.99
287.9600,438.402,2188.5029,4.992
287.9800,439.988,2195.54,4.99
288.0000,442.183,2208.262,4.994
288.0200,462.676,2309.6787,4.992
288.0400,441.573,2204.3325,4.992
288.0600,433.888,2165.969,4.992
288.0800,438.158,2187.2847,4.992
288.1000,438.158,2187.2847,4.992
288.1200,436.45,2178.7585,4.992
288.1400,435.962,2175.4502,4.99
288.1600,439.5,2193.105,4.99
288.1800,436.572,2179.3674,4.992
288.2000,438.28,2187.8938,4.992
288.2200,440.719,2200.9507,4.994
288.2400,443.769,2216.1824,4.994
288.2600,439.988,2197.3,4.994
288.2800,432.791,2161.3582,4.994
288.3000,434.986,2171.4502,4.992
288.3200,432.059,2155.9744,4.99
288.3400,432.669,2160.749,4.994
288.3600,432.303,2156.3274,4.988
288.3800,431.693,2155.0115,4.992
288.4000,429.619,2143.7986,4.99
288.4200,429.741,2144.4075,4.99
288.4400,431.693,2155.8748,4.994
288.4600,431.327,2152.3215,4.99
288.4800,443.769,2214.4072,4.99
288.5000,429.619,2143.7986,4.99
288.5200,429.863,2145.0164,4.99
288.5400,436.328,2177.2766,4.99
288.5600,430.595,2149.5303,4.992
288.5800,430.595,2149.5303,4.992
288.6000,432.913,2161.9675,4.994
288.6200,433.766,2166.2273,4.994
288.6400,433.522,2165.0088,4.994
288.6600,432.669,2161.6143,4.996
288.6800,452.308,2257.9216,4.992
288.7000,449.746,2244.2324,4.99
288.7200,449.868,2244.8413,4.99
288.7400,449.502,2243.9141,4.992
288.7600,538.427,2684.5972,4.986
288.7800,414.127,2068.1504,4.994
288.8000,415.713,2076.0708,4.994
288.8200,414.371,2070.1975,4.996
288.8400,414.615,2069.7581,4.992
288.8600,412.786,2059.802,4.99
288.8800,413.883,2066.104,4.992
288.9000,411.322,2053.3193,4.992
288.9200,412.42,2058.8008,4.992
288.9400,413.274,2063.8904,4.994
288.9600,414.859,2071.8059,4.994
288.9800,415.347,2072.5813,4.99
289.0000,415.103,2072.1941,4.992
289.0200,413.152,2062.4548,4.992
289.0400,411.688,2054.323,4.99
289.0600,416.445,2078.0605,4.99
289.0800,430.351,2147.4514,4.99
289.1000,425.594,2125.4165,4.994
289.1200,419.251,2092.9011,4.992
289.1400,417.909,2085.3657,4.99
289.1600,418.763,2089.6272,4.99
289.1800,411.932,2057.1885,4.994
289.2000,412.054,2057.7976,4.994
289.2200,414.249,2067.9309,4.992
289.2400,414.859,2070.1462,4.99
289.2600,415.225,2072.8032,4.992
289.2800,415.469,2074.0212,4.992
289.3000,413.639,2064.0586,4.99
289.3200,411.566,2054.5376,4.992
289.3400,411.574,2053.7542,4.99
289.3600,411.696,2054.363,4.99
289.3800,412.305,2058.2266,4.992
289.4000,420.478,2099.0261,4.992
289.4200,420.966,2100.6204,4.99
289.4400,420.234,2097.8081,4.992
289.4600,420.478,2099.0261,4.992
289.4800,433.287,2162.9688,4.992
289.5000,415.477,2073.23,4.99
289.5200,415.477,2074.8921,4.994
289.5400,413.159,2064.9688,4.998
289.5600,412.183,2056.7932,4.99
289.5800,414.257,2066.3137,4.988
289.6000,412.915,2061.2717,4.992
289.6200,412.549,2060.2698,4.994
289.6400,412.671,2059.228,4.99
289.6600,412.915,2062.0977,4.994
289.6800,414.257,2067.9709,4.992
289.7000,414.745,2071.2366,4.994
289.7200,414.623,2068.9685,4.99
289.7400,412.183,2057.6177,4.992
289.7600,411.818,2055.7954,4.992
289.7800,411.818,2054.1482,4.988
289.8000,412.549,2060.2698,4.994
289.8200,414.013,2067.5808,4.994
289.8400,414.379,2068.5801,4.992
289.8600,415.111,2072.2341,4.992
289.8800,414.989,2071.6252,4.992
289.9000,412.549,2061.9199,4.998
289.9200,411.94,2055.5806,4.99
289.9400,411.452,2053.1453,4.99
289.9600,413.281,2063.0989,4.992
289.9800,412.793,2060.6626,4.992
290.0000,414.501,2069.189,4.992
290.0200,415.111,2071.4038,4.99
290.0400,415.233,2073.6736,4.994
290.0600,413.647,2065.7532,4.994
290.0800,412.427,2058.8357,4.992
290.1000,413.769,2066.3625,4.994
290.1200,412.183,2057.6177,4.992
290.1400,411.94,2055.5806,4.99
290.1600,412.915,2061.2717,4.992
290.1800,412.915,2062.0977,4.994
290.2000,414.867,2070.1863,4.99
290.2200,415.111,2073.0642,4.994
290.2400,414.867,2071.8457,4.994
290.2600,412.549,2059.4448,4.992
290.2800,411.33,2054.1819,4.994
290.3000,412.305,2057.4019,4.99
290.3200,412.427,2058.8357,4.992
290.3400,412.793,2059.8369,4.99
290.3600,414.379,2068.5801,4.992
290.3800,431.091,2152.0063,4.992
290.4000,416.209,2077.7153,4.992
290.4200,414.745,2070.407,4.992
290.4400,420.356,2100.0984,4.996
290.4600,429.139,2140.5454,4.988
290.4800,415.477,2074.8921,4.994
290.5000,412.427,2058.8357,4.992
290.5200,412.427,2058.0107,4.99
290.5400,413.769,2066.3625,4.994
290.5600,414.867,2071.8457,4.994
290.5800,414.501,2069.189,4.992
290.6000,414.623,2069.7981,4.992
290.6200,413.647,2065.7532,4.994
290.6400,413.037,2061.8806,4.992
290.6600,412.183,2058.4419,4.994
290.6800,412.305,2057.4019,4.99
290.7000,412.671,2060.8789,4.994
290.7200,424.504,2119.124,4.992
290.7400,414.989,2070.7952,4.99
290.7600,414.379,2068.5801,4.992
290.7800,536.485,2675.9871,4.988
290.8000,537.217,2680.7126,4.99
290.8200,536.851,2679.9602,4.992
290.8400,537.207,2682.8115,4.994
290.8600,537.939,2684.3157,4.99
290.8800,413.152,2064.1074,4.996
290.9000,415.347,2075.0735,4.996
290.9200,414.981,2072.415,4.994
290.9400,413.03,2061.0195,4.99
290.9600,411.444,2054.7512,4.994
290.9800,411.322,2054.1421,4.994
291.0000,418.519,2088.4097,4.99
291.0200,417.543,2083.5396,4.99
291.0400,414.493,2069.1492,4.992
291.0600,414.615,2070.5872,4.994
291.0800,414.859,2071.8059,4.994
291.1000,420.097,2097.9644,4.994
291.1200,413.266,2063.0239,4.992
291.1400,411.802,2055.7156,4.992
291.1600,412.412,2058.7607,4.992
291.1800,413.266,2063.0239,4.992
291.2000,413.144,2062.415,4.992
291.2200,414.12,2067.2871,4.992
291.2400,420.462,2099.7874,4.994
291.2600,415.461,2073.9814,4.992
291.2800,413.998,2067.5059,4.994
291.3000,412.778,2060.5879,4.992
291.3200,411.558,2054.4976,4.992
291.3400,414.485,2068.28,4.99
291.3600,414.485,2069.1091,4.992
291.3800,413.144,2061.5886,4.99
291.4000,413.266,2063.0239,4.992
291.4200,414.12,2068.1152,4.994
291.4400,415.339,2073.3723,4.992
291.4600,415.705,2076.8621,4.996
291.4800,413.998,2065.8499,4.99
291.5000,414.973,2070.7151,4.99
291.5200,412.778,2060.5879,4.992
291.5400,413.632,2064.0234,4.99
291.5600,413.876,2065.2412,4.99
291.5800,413.632,2064.8508,4.992
291.6000,414.249,2067.9309,4.992
291.6200,414.737,2069.5376,4.99
291.6400,414.371,2067.7112,4.99
291.6600,412.786,2060.6279,4.992
291.6800,411.688,2054.323,4.99
291.7000,412.908,2060.4109,4.99
291.7200,412.542,2059.4097,4.992
291.7400,416.689,2079.2781,4.99
291.7600,416.811,2080.7205,4.992
291.7800,414.859,2070.1462,4.99
291.8000,414.981,2073.2449,4.996
291.8200,412.664,2060.844,4.994
291.8400,412.542,2061.0598,4.996
291.8600,410.834,2050.0615,4.99
291.8800,411.2,2052.7104,4.992
291.9000,412.298,2058.1917,4.992
291.9200,413.761,2065.4949,4.992
291.9400,414.127,2068.1504,4.994
291.9600,416.201,2078.5078,4.994
291.9800,416.201,2078.5078,4.994
292.0000,414.005,2066.7131,4.992
292.0200,412.176,2056.7581,4.99
292.0400,411.078,2051.2791,4.99
292.0600,412.42,2059.6255,4.994
292.0800,414.005,2066.7131,4.992
292.1000,431.327,2151.459,4.988
292.1200,414.005,2067.541,4.994
292.1400,414.371,2068.54,4.992
292.1600,415.225,2072.8032,4.992
292.1800,414.737,2070.3672,4.992
292.2000,412.908,2062.0625,4.994
292.2200,411.566,2053.7144,4.99
292.2400,411.688,2055.1465,4.992
292.2600,412.054,2056.9736,4.992
292.2800,414.615,2069.7581,4.992
292.3000,414.005,2065.0569,4.988
292.3200,415.591,2074.6304,4.992
292.3400,416.445,2079.7263,4.994
292.3600,415.103,2072.1941,4.992
292.3800,413.152,2062.4548,4.992
292.4000,410.712,2050.2744,4.992
292.4200,411.2,2052.7104,4.992
292.4400,411.81,2055.7556,4.992
292.4600,415.347,2075.0735,4.996
292.4800,414.737,2071.1965,4.994
292.5000,414.981,2071.5852,4.992
292.5200,415.591,2075.4614,4.994
292.5400,413.639,2065.7131,4.994
292.5600,410.59,2050.4863,4.994
292.5800,411.81,2054.9319,4.99
292.6000,412.412,2057.9358,4.99
292.6200,413.876,2066.0691,4.992
292.6400,412.29,2058.1519,4.992
292.6600,413.266,2062.1973,4.99
292.6800,414.973,2071.5452,4.992
292.7000,416.071,2077.0266,4.992
292.7200,414.242,2068.7246,4.994
292.7400,413.632,2064.8508,4.992
292.7600,412.412,2058.7607,4.992
292.7800,501.579,2499.8699,4.984
292.8000,431.929,2157.9172,4.996
292.8200,414.12,2068.1152,4.994
292.8400,414.973,2071.5452,4.992
292.8600,412.412,2057.9358,4.99
292.8800,412.534,2057.7195,4.988
292.9000,415.949,2075.5854,4.99
292.9200,412.412,2057.9358,4.99
292.9400,412.656,2059.1533,4.99
292.9600,414.242,2067.8962,4.992
292.9800,428.879,2140.1062,4.99
293.0000,415.705,2076.0308,4.994
293.0200,422.658,2109.9087,4.992
293.0400,663.323,3302.022,4.978
293.0600,585.745,2925.2104,4.994
293.0800,567.204,2830.3477,4.99
293.1000,413.51,2065.896,4.996
293.1200,413.754,2066.2874,4.994
293.1400,415.705,2076.0308,4.994
293.1600,415.461,2074.8123,4.994
293.1800,412.534,2060.1948,4.994
293.2000,410.948,2052.2742,4.994
293.2200,412.168,2057.5427,4.992
293.2400,413.388,2064.4597,4.994
293.2600,413.632,2065.6782,4.994
293.2800,414.242,2068.7246,4.994
293.3000,415.095,2072.1543,4.992
293.3200,416.193,2077.6355,4.992
293.3400,414.485,2068.28,4.99
293.3600,411.802,2057.3628,4.996
293.3800,411.558,2055.3208,4.994
293.4000,420.706,2099.3228,4.99
293.4200,419.365,2093.47,4.992
293.4400,412.9,2061.1968,4.992
293.4600,414.242,2067.8962,4.992
293.4800,415.217,2073.5938,4.994
293.5000,415.705,2076.0308,4.994
293.5200,413.144,2062.415,4.992
293.5400,412.534,2058.5444,4.99
293.5600,412.656,2059.9788,4.992
293.5800,411.924,2056.3247,4.992
293.6000,412.046,2057.7576,4.994
293.6200,411.802,2054.8918,4.99
293.6400,413.388,2064.4597,4.994
293.6600,415.461,2074.8123,4.994
293.6800,417.047,2083.5667,4.996
293.7000,413.998,2067.5059,4.994
293.7200,412.046,2056.1094,4.99
293.7400,411.436,2053.0657,4.99
293.7600,412.046,2056.1094,4.99
293.7800,413.266,2063.0239,4.992
293.8000,413.51,2064.2419,4.992
293.8200,414.12,2068.1152,4.994
293.8400,415.827,2076.6399,4.994
293.8600,415.339,2073.3723,4.992
293.8800,414.607,2069.7183,4.992
293.9000,411.192,2053.4927,4.994
293.9200,410.948,2050.6304,4.99
293.9400,418.145,2087.3799,4.992
293.9600,412.778,2060.5879,4.992
293.9800,413.51,2065.0691,4.994
294.0000,412.9,2062.8484,4.996
294.0200,415.705,2076.0308,4.994
294.0400,417.291,2082.282,4.99
294.0600,412.29,2059.8008,4.996
294.0800,411.924,2055.5007,4.99
294.1000,412.656,2059.9788,4.992
294.1200,415.461,2073.1504,4.99
294.1400,412.29,2058.1519,4.992
294.1600,413.388,2065.2864,4.996
294.1800,413.632,2064.0234,4.99
294.2000,415.217,2073.5938,4.994
294.2200,415.339,2074.2029,4.994
294.2400,412.9,2061.1968,4.992
294.2600,411.802,2056.5391,4.994
294.2800,412.656,2059.1533,4.99
294.3000,412.778,2060.5879,4.992
294.3200,413.51,2063.4148,4.99
294.3400,413.38,2064.4197,4.994
294.3600,414.6,2070.5125,4.994
294.3800,414.234,2069.5129,4.996
294.4000,414.112,2069.7319,4.998
294.4200,411.916,2057.1084,4.994
294.4400,411.184,2052.6306,4.992
294.4600,414.966,2071.5103,4.992
294.4800,412.404,2057.8958,4.99
294.5000,413.502,2063.375,4.99
294.5200,413.99,2066.6382,4.992
294.5400,415.453,2074.7722,4.994
294.5600,414.6,2070.5125,4.994
294.5800,413.136,2062.375,4.992
294.6000,445.582,2223.4541,4.99
294.6200,807.366,4020.6829,4.98
294.6400,738.571,3685.469,4.99
294.6600,736.375,3674.511,4.99
294.6800,738.083,3685.9866,4.994
294.7000,740.4,3696.0769,4.992
294.7200,744.548,3716.7834,4.992
294.7400,739.547,3691.8186,4.992
294.7600,740.278,3693.9871,4.99
294.7800,750.525,3746.6211,4.992
294.8000,739.181,3692.9482,4.996
294.8200,911.168,4537.6167,4.98
294.8400,1023.163,5101.4907,4.986
294.8600,1022.553,5102.5391,4.99
294.8800,1025.724,5120.4146,4.992
294.9000,1024.748,5115.5425,4.992
294.9200,1021.089,5097.2764,4.992
294.9400,734.559,3675.7334,5.004
294.9600,739.073,3692.4084,4.996
294.9800,740.414,3696.1467,4.992
295.0000,737.487,3683.01,4.994
295.0200,742.61,3708.5942,4.994
295.0400,741.756,3702.8459,4.992
295.0600,732.974,3659.0063,4.992
295.0800,740.292,3698.4985,4.996
295.1000,738.463,3687.8843,4.994
295.1200,735.779,3673.0088,4.992
295.1400,750.173,3743.363,4.99
295.1600,743.586,3711.9814,4.992
295.1800,738.707,3686.1477,4.99
295.2000,740.536,3696.7559,4.992
295.2200,734.681,3668.9971,4.994
295.2400,743.708,3709.6155,4.988
295.2600,726.509,3629.6387,4.996
295.2800,740.78,3699.4553,4.994
295.3000,735.901,3675.0896,4.994
295.3200,802.38,4000.6667,4.986
295.3400,737.975,3683.9712,4.992
295.3600,736.511,3676.6628,4.992
295.3800,747.001,3729.0291,4.992
295.4000,745.294,3720.5078,4.992
295.4200,751.637,3752.1721,4.992
295.4400,740.049,3692.8445,4.99
295.4600,733.218,3661.6907,4.994
295.4800,1011.819,5038.8584,4.98
295.5000,1009.379,5036.8013,4.99
295.5200,1030.481,5140.0391,4.988
295.5400,1042.069,5202.0083,4.992
295.5600,1016.088,5070.2788,4.99
295.5800,842.755,4217.146,5.004
295.6000,768.24,3841.2,5
295.6200,740.062,3697.3496,4.996
295.6400,772.266,3853.6072,4.99
295.6600,733.232,3660.2942,4.992
295.6800,761.043,3800.6489,4.994
295.7000,743.356,3709.3464,4.99
295.7200,753.724,3761.0825,4.99
295.7400,748.235,3735.1892,4.992
295.7600,756.164,3774.7708,4.992
295.7800,735.671,3672.4697,4.992
295.8000,759.336,3792.124,4.994
295.8200,750.431,3747.6526,4.994
295.8400,742.38,3704.4761,4.99
295.8600,748.967,3740.3411,4.994
295.8800,753.846,3766.2146,4.996
295.9000,745.552,3720.3042,4.99
295.9200,754.334,3765.6353,4.992
295.9400,751.041,3749.1968,4.992
295.9600,750.187,3743.4331,4.99
295.9800,746.284,3725.4497,4.992
296.0000,749.089,3737.9539,4.99
296.0200,778.121,3882.8235,4.99
296.0400,749.455,3741.2795,4.992
296.0600,754.09,3764.4175,4.992
296.0800,755.432,3769.6055,4.99
296.1000,763.713,3812.4553,4.992
296.1200,765.054,3822.2097,4.996
296.1400,760.907,3798.4478,4.992
296.1600,765.786,3825.8667,4.996
296.1800,738.585,3687.0166,4.992
296.2000,749.929,3742.1455,4.99
296.2200,743.586,3714.9556,4.996
296.2400,752.612,3755.5337,4.99
296.2600,745.294,3723.4888,4.996
296.2800,742.732,3706.2324,4.99
296.3000,751.515,3751.563,4.992
296.3200,747.977,3735.397,4.994
296.3400,755.052,3769.2197,4.992
296.3600,751.271,3750.345,4.992
296.3800,751.027,3749.1267,4.992
296.4000,752.124,3754.6033,4.992
296.4200,746.269,3722.3896,4.988
296.4400,749.929,3745.1455,4.994
296.4600,734.559,3668.3877,4.994
296.4800,744.196,3713.5378,4.99
296.5000,726.387,3627.5767,4.994
296.5200,728.46,3637.9292,4.994
296.5400,721.142,3599.9412,4.992
296.5600,722.239,3603.9724,4.99
296.5800,720.044,3595.8997,4.994
296.6000,738.219,3683.7126,4.99
296.6200,731.266,3653.4048,4.996
296.6400,728.582,3638.5383,4.994
296.6600,722.971,3611.9631,4.996
296.6800,728.46,3632.1018,4.986
296.7000,742.366,3707.376,4.994
296.7200,743.83,3713.1995,4.992
296.7400,732.852,3658.3972,4.992
296.7600,739.561,3690.4092,4.99
296.7800,744.074,3714.4172,4.992
296.8000,736.145,3676.3081,4.994
296.8200,738.951,3688.8435,4.992
296.8400,730.548,3646.8955,4.992
296.8600,732.744,3659.3235,4.994
296.8800,737.989,3685.5171,4.994
296.9000,736.037,3674.2966,4.992
296.9200,734.939,3670.2854,4.994
296.9400,731.768,3651.5222,4.99
296.9600,744.332,3715.7053,4.992
296.9800,735.793,3673.0789,4.992
297.0000,733.597,3662.1162,4.992
297.0200,1028.427,5125.6802,4.984
297.0400,1018.669,5079.0835,4.986
297.0600,1043.553,5209.4165,4.992
297.0800,1038.186,5184.7012,4.994
297.1000,1024.299,5113.3003,4.992
297.1200,1039.6689,5190.0273,4.992
297.1400,743.492,3720.4341,5.004
297.1600,685.428,3427.1399,5
297.1800,733.489,3661.5771,4.992
297.2000,751.299,3750.4849,4.992
297.2200,733.489,3664.511,4.996
297.2400,664.324,3318.9624,4.996
297.2600,734.953,3665.9456,4.988
297.2800,729.83,3644.771,4.994
297.3000,729.098,3638.199,4.99
297.3200,735.197,3671.574,4.994
297.3400,789.099,3936.0256,4.988
297.3600,533.913,2669.5652,5
297.3800,539.891,2698.3752,4.998
297.4000,540.744,2701.5571,4.996
297.4200,538.671,2689.0459,4.992
297.4400,537.085,2682.2026,4.994
297.4600,535.987,2674.575,4.99
297.4800,418.153,2089.0923,4.996
297.5000,414.615,2072.2458,4.998
297.5200,413.395,2063.6677,4.992
297.5400,413.395,2064.4946,4.994
297.5600,413.517,2063.4497,4.99
297.5800,414.493,2069.1492,4.992
297.6000,414.371,2068.54,4.992
297.6200,416.079,2077.8984,4.994
297.6400,416.323,2077.4517,4.99
297.6600,417.177,2083.3818,4.994
297.6800,417.055,2082.7727,4.994
297.7000,414.859,2070.9763,4.992
297.7200,413.03,2061.8457,4.992
297.7400,412.908,2061.2368,4.992
297.7600,414.005,2067.541,4.994
297.7800,414.737,2071.1965,4.994
297.8000,414.493,2069.1492,4.992
297.8200,416.323,2078.2844,4.992
297.8400,415.591,2075.4614,4.994
297.8600,416.445,2079.7263,4.994
297.8800,417.299,2084.8257,4.996
297.9000,415.347,2074.2429,4.994
297.9200,412.664,2058.3679,4.988
297.9400,413.395,2063.6677,4.992
297.9600,413.761,2065.4949,4.992
297.9800,413.274,2063.0637,4.992
298.0000,430.229,2147.7031,4.992
298.0200,415.957,2076.4573,4.992
298.0400,416.811,2081.5542,4.994
298.0600,417.055,2082.7727,4.994
298.0800,415.957,2076.4573,4.992
298.1000,419.983,2097.395,4.994
298.1200,413.883,2065.2761,4.99
298.1400,413.761,2065.4949,4.992
298.1600,414.249,2066.2739,4.988
298.1800,415.225,2072.8032,4.992
298.2000,414.615,2069.7581,4.992
298.2200,414.737,2070.3672,4.992
298.2400,428.277,2138.8154,4.994
298.2600,417.055,2082.7727,4.994
298.2800,416.323,2079.1169,4.994
298.3000,414.981,2071.5852,4.992
298.3200,413.395,2064.4946,4.994
298.3400,413.761,2065.4949,4.992
298.3600,413.639,2064.0586,4.99
298.3800,413.274,2063.0637,4.992
298.4000,414.005,2065.8848,4.99
298.4200,415.225,2071.9727,4.99
298.4400,416.201,2077.6753,4.992
298.4600,417.177,2083.3818,4.994
298.4800,416.811,2080.7205,4.992
298.5000,424.862,2120.9111,4.992
298.5200,413.274,2063.8904,4.994
298.5400,413.639,2065.7131,4.994
298.5600,414.249,2067.1023,4.99
298.5800,413.883,2065.2761,4.99
298.6000,414.005,2067.541,4.994
298.6200,418.397,2088.6379,4.992
298.6400,421.69,2105.0764,4.992
298.6600,415.957,2077.2893,4.994
298.6800,416.689,2081.7781,4.996
298.7000,414.737,2071.1965,4.994
298.7200,414.249,2067.1023,4.99
298.7400,413.395,2063.6677,4.992
298.7600,413.152,2063.281,4.994
298.7800,414.737,2070.3672,4.992
298.8000,414.615,2069.7581,4.992
298.8200,536.475,2674.8643,4.986
298.8400,412.656,2059.9788,4.992
298.8600,413.632,2064.0234,4.99
298.8800,416.071,2077.0266,4.992
298.9000,414.851,2071.7659,4.994
298.9200,416.193,2077.6355,4.992
298.9400,415.827,2075.8083,4.992
298.9600,416.559,2081.1287,4.996
298.9800,415.827,2075.8083,4.992
299.0000,412.9,2059.5452,4.988
299.0200,413.876,2066.0691,4.992
299.0400,414.12,2068.1152,4.994
299.0600,413.632,2064.0234,4.99
299.0800,414.729,2070.3271,4.992
299.1000,414.12,2067.2871,4.992
299.1200,566.106,2821.4724,4.984
299.1400,423.39,2115.2563,4.996
299.1600,415.217,2073.5938,4.994
299.1800,415.217,2073.5938,4.994
299.2000,415.827,2076.6399,4.994
299.2200,415.095,2071.324,4.99
299.2400,414.242,2067.8962,4.992
299.2600,415.095,2073.8145,4.996
299.2800,419.853,2095.9062,4.992
299.3000,416.803,2080.6807,4.992
299.3200,417.657,2087.4497,4.998
299.3400,416.925,2082.1233,4.994
299.3600,415.217,2073.5938,4.994
299.3800,413.632,2064.8508,4.992
299.4000,413.632,2065.6782,4.994
299.4200,413.754,2064.6323,4.99
299.4400,413.632,2064.8508,4.992
299.4600,414.364,2069.334,4.994
299.4800,414.973,2070.7151,4.99
299.5000,416.193,2078.4678,4.994
299.5200,417.657,2084.9438,4.992
299.5400,416.315,2078.2446,4.992
299.5600,415.095,2072.1543,4.992
299.5800,414.12,2068.1152,4.994
299.6000,419.365,2093.47,4.992
299.6200,413.144,2063.2412,4.994
299.6400,413.632,2064.8508,4.992
299.6600,417.657,2085.7791,4.994
299.6800,414.364,2068.5051,4.992
299.7000,415.827,2075.8083,4.992
299.7200,416.681,2080.0715,4.992
299.7400,416.925,2082.1233,4.994
299.7600,416.071,2076.1943,4.99
299.7800,413.266,2062.1973,4.99
299.8000,411.802,2054.8918,4.99
299.8200,413.144,2062.415,4.992
299.8400,413.998,2066.678,4.992
299.8600,414.607,2069.7183,4.992
299.8800,414.729,2068.6682,4.988
299.9000,414.973,2071.5452,4.992
299.9200,416.559,2079.4624,4.992
299.9400,416.193,2077.6355,4.992
299.9600,415.339,2073.3723,4.992
299.9800,414.607,2069.7183,4.992
300.0000,413.632,2065.6782,4.994
300.0200,413.632,2064.8508,4.992
300.0400,413.632,2065.6782,4.994
300.0600,413.388,2064.4597,4.994
300.0800,414.973,2070.7151,4.99
300.1000,414.729,2071.1567,4.994
300.1200,415.705,2074.3677,4.99
300.1400,612.58,3053.0989,4.984
300.1600,425.22,2124.3989,4.996
300.1800,416.681,2080.0715,4.992
300.2000,414.242,2068.7246,4.994
300.2200,414.485,2069.938,4.994
300.2400,416.803,2079.8469,4.99
300.2600,420.828,2100.7734,4.992
300.2800,417.291,2083.1167,4.992
300.3000,416.925,2081.2896,4.992
300.3200,417.047,2083.5667,4.996
300.3400,416.681,2080.9048,4.994
300.3600,414.729,2070.3271,4.992
300.3800,412.412,2059.5854,4.994
300.4000,412.9,2061.1968,4.992
300.4200,413.51,2064.2419,4.992
300.4400,414.12,2066.4587,4.99
300.4600,414.851,2070.1064,4.99
300.4800,415.827,2075.8083,4.992
300.5000,416.071,2077.0266,4.992
300.5200,417.291,2083.9512,4.994
300.5400,415.705,2075.1992,4.992
300.5600,415.095,2072.1543,4.992
300.5800,412.9,2060.3708,4.99
300.6000,414.478,2069.0742,4.992
300.6200,413.868,2065.2012,4.99
300.6400,414.478,2069.9031,4.994
300.6600,414.356,2067.6362,4.99
300.6800,415.697,2074.3279,4.99
300.7000,416.429,2079.6462,4.994
300.7200,417.649,2084.9038,4.992
300.7400,416.917,2082.0835,4.994
300.7600,414.722,2070.2922,4.992
300.7800,413.014,2061.7659,4.992
300.8000,414.234,2067.0276,4.99
300.8200,413.38,2062.7661,4.99
300.8400,537.065,2676.7322,4.984
300.8600,537.908,2683.0852,4.988
300.8800,540.104,2694.0388,4.988
300.9000,538.884,2691.1865,4.994
300.9200,414.592,2071.3015,4.996
300.9400,434.23,2168.5447,4.994
300.9600,416.299,2078.9973,4.994
300.9800,418.129,2088.9724,4.996
301.0000,414.958,2070.6404,4.99
301.0200,414.714,2071.0815,4.994
301.0400,413.372,2061.8997,4.988
301.0600,414.958,2071.4705,4.992
301.0800,414.226,2067.8164,4.992
301.1000,414.478,2068.2451,4.99
301.1200,448.265,2237.739,4.992
301.1400,704.173,3503.9646,4.976
301.1600,730.032,3642.8594,4.99
301.1800,760.039,3788.0344,4.984
301.2000,745.889,3724.9695,4.994
301.2200,725.397,3621.1816,4.992
301.2400,754.428,3767.6133,4.994
301.2600,730.764,3647.9739,4.992
301.2800,748.573,3738.3735,4.994
301.3000,741.254,3700.3401,4.992
301.3200,762.844,3806.5913,4.99
301.3400,741.498,3704.5237,4.996
301.3600,1003.871,5003.293,4.984
301.3800,1021.314,5098.3999,4.992
301.4000,1018.996,5086.8281,4.992
301.4200,1017.044,5077.084,4.992
301.4400,1010.824,5046.0332,4.992
301.4600,781.263,3909.4402,5.004
301.4800,740.278,3701.3901,5
301.5000,737.961,3685.3772,4.994
301.5200,742.962,3711.8379,4.996
301.5400,735.277,3670.5027,4.992
301.5600,743.938,3713.7385,4.992
301.5800,728.203,3635.1895,4.992
301.6000,732.35,3657.3557,4.994
301.6200,737.107,3679.6382,4.992
301.6400,739.547,3691.8186,4.992
301.6600,738.327,3690.1587,4.998
301.6800,747.841,3733.2224,4.992
301.7000,746.255,3728.2898,4.996
301.7200,741.254,3700.3401,4.992
301.7400,750.281,3743.9021,4.99
301.7600,748.207,3736.5457,4.994
301.7800,751.866,3754.8188,4.994
301.8000,724.055,3614.4827,4.992
301.8200,738.693,3686.0779,4.99
301.8400,754.672,3768.832,4.994
301.8600,756.487,3777.896,4.994
301.8800,730.872,3648.5132,4.992
301.9000,731.97,3655.458,4.994
301.9200,748.193,3734.9795,4.992
301.9400,736.483,3677.9958,4.994
301.9600,751.486,3751.4182,4.992
301.9800,733.678,3662.5205,4.992
302.0000,1018.123,5072.2886,4.982
302.0200,1030.808,5139.6089,4.986
302.0400,1036.175,5164.2969,4.984
302.0600,1021.05,5095.0391,4.99
302.0800,1051.666,5249.917,4.992
302.1000,1050.08,5241.999,4.992
302.1200,729.775,3651.7944,5.004
302.1400,741.362,3703.8445,4.996
302.1600,724.652,3618.9119,4.994
302.1800,723.554,3614.8757,4.996
302.2000,734.044,3667.2837,4.996
302.2200,740.63,3698.7063,4.994
302.2400,750.754,3746.2625,4.99
302.2600,744.412,3716.1047,4.992
302.2800,753.316,3760.5535,4.992
302.3000,718.797,3589.6721,4.994
302.3200,730.14,3644.8591,4.992
302.3400,742.338,3707.2361,4.994
302.3600,750.281,3745.4028,4.992
302.3800,741.254,3700.3401,4.992
302.4000,751.744,3754.2097,4.994
302.4200,745.158,3719.8289,4.992
302.4400,742.108,3706.0872,4.994
302.4600,756.257,3775.2351,4.992
302.4800,748.939,3740.2014,4.994
302.5000,743.328,3710.6934,4.992
302.5200,750.403,3744.511,4.99
302.5400,744.548,3718.2725,4.994
302.5600,746.011,3725.5789,4.994
302.5800,751.256,3747.2649,4.988
302.6000,742.596,3708.5244,4.994
302.6200,745.158,3719.8289,4.992
302.6400,744.06,3714.3477,4.992
302.6600,743.816,3714.6169,4.994
302.6800,737.961,3683.9014,4.992
302.7000,735.643,3675.2722,4.996
302.7200,738.083,3687.4626,4.996
302.7400,731.618,3650.7734,4.99
302.7600,741.498,3703.041,4.994
302.7800,748.939,3737.2056,4.99
302.8000,747.109,3726.5796,4.988
302.8200,738.449,3687.8142,4.994
302.8400,742.474,3706.4302,4.992
302.8600,742.704,3709.0637,4.994
302.8800,736.239,3675.3052,4.992
302.9000,743.924,3713.6687,4.992
302.9200,735.995,3675.5591,4.994
302.9400,729.775,3643.0371,4.992
302.9600,712.82,3558.3975,4.992
302.9800,730.628,3647.2949,4.992
303.0000,743.314,3713.5967,4.996
303.0200,728.311,3635.7285,4.992
303.0400,722.334,3605.8914,4.992
303.0600,715.382,3571.187,4.992
303.0800,719.407,3592.7185,4.994
303.1000,723.554,3614.8757,4.996
303.1200,733.434,3661.3027,4.992
303.1400,733.19,3661.5508,4.994
303.1600,742.216,3705.1423,4.992
303.1800,728.677,3637.5557,4.992
303.2000,750.51,3748.0469,4.994
303.2200,747.095,3729.4983,4.992
303.2400,743.924,3716.6443,4.996
303.2600,743.558,3711.8416,4.992
303.2800,738.801,3691.0498,4.996
303.3000,732.824,3658.2573,4.992
303.3200,750.022,3744.1099,4.992
303.3400,732.458,3657.8953,4.994
303.3600,734.41,3667.6433,4.994
303.3800,745.387,3719.481,4.99
303.4000,758.073,3784.3005,4.992
303.4200,738.313,3685.6584,4.992
303.4400,751.974,3752.3501,4.99
303.4600,768.928,3840.0264,4.994
303.4800,740.386,3696.0068,4.992
303.5000,757.341,3780.6465,4.992
303.5200,739.289,3689.052,4.99
303.5400,1001.9,4987.4585,4.978
303.5600,1010.926,5042.499,4.988
303.5800,1036.541,5170.2666,4.988
303.6000,1043.616,5209.731,4.992
303.6200,1053.74,5262.3774,4.994
303.6400,1041.786,5202.6792,4.994
303.6600,734.776,3679.7581,5.008
303.6800,749.169,3745.845,5
303.7000,665.982,3328.5781,4.998
303.7200,742.582,3703.9988,4.988
303.7400,747.461,3731.3254,4.992
303.7600,707.819,3533.4324,4.992
303.7800,694.158,3465.2368,4.992
303.8000,732.824,3655.3259,4.988
303.8200,738.923,3688.7036,4.992
303.8400,732.458,3656.4304,4.992
303.8600,781.858,3899.9075,4.988
303.8800,497.291,2490.4331,5.008
303.9000,546.69,2731.2632,4.996
303.9200,574.379,2868.4487,4.994
303.9400,424.96,2124.8,5
303.9600,420.203,2098.4939,4.994
303.9800,537.664,2681.8679,4.988
304.0000,546.812,2728.5918,4.99
304.0200,434.962,2173.9402,4.998
304.0400,415.933,2078.8333,4.998
304.0600,415.69,2076.7871,4.996
304.0800,415.933,2078.0012,4.996
304.1000,416.421,2079.6064,4.994
304.1200,414.47,2069.0342,4.992
304.1400,413.86,2067.6445,4.996
304.1600,426.057,2126.8767,4.992
304.1800,414.226,2066.9878,4.99
304.2000,414.226,2068.6448,4.994
304.2200,413.616,2064.771,4.992
304.2400,415.08,2072.9094,4.994
304.2600,416.787,2080.6006,4.992
304.2800,421.91,2108.7063,4.998
304.3000,415.568,2073.6841,4.99
304.3200,414.836,2071.6909,4.994
304.3400,413.25,2063.7705,4.994
304.3600,413.128,2063.9873,4.996
304.3800,413.128,2061.5085,4.99
304.4000,418.861,2090.9541,4.992
304.4200,414.348,2069.2539,4.994
304.4400,421.544,2104.3477,4.992
304.4600,415.69,2075.9558,4.994
304.4800,416.055,2076.9465,4.992
304.5000,417.153,2084.0964,4.996
304.5200,415.568,2073.6841,4.99
304.5400,413.86,2066.8167,4.994
304.5600,413.86,2065.1611,4.99
304.5800,413.128,2062.335,4.992
304.6000,413.616,2063.9438,4.99
304.6200,413.494,2064.1621,4.992
304.6400,413.738,2064.5525,4.99
304.6600,414.592,2068.814,4.99
304.6800,416.543,2079.3828,4.992
304.7000,416.665,2079.9917,4.992
304.7200,417.031,2082.6528,4.994
304.7400,415.446,2074.7373,4.994
304.7600,412.884,2061.1169,4.992
304.7800,418.983,2092.4011,4.994
304.8000,413.86,2065.989,4.992
304.8200,414.958,2070.6404,4.99
304.8400,415.568,2075.3464,4.994
304.8600,539.382,2688.28,4.984
304.8800,538.284,2687.1138,4.992
304.9000,539.016,2689.6897,4.99
304.9200,460.585,2301.0825,4.996
304.9400,414.966,2073.1702,4.996
304.9600,418.015,2087.5669,4.994
304.9800,413.136,2063.2012,4.994
305.0000,416.063,2076.9866,4.992
305.0200,413.502,2064.2021,4.992
305.0400,416.307,2076.5393,4.988
305.0600,414.356,2069.2937,4.994
305.0800,415.453,2073.9414,4.992
305.1000,416.673,2080.0317,4.992
305.1200,417.039,2081.0244,4.99
305.1400,417.161,2083.302,4.994
305.1600,414.6,2070.5125,4.994
305.1800,413.502,2063.375,4.99
305.2000,413.502,2064.2021,4.992
305.2200,412.16,2057.5027,4.992
305.2400,414.722,2070.2922,4.992
305.2600,415.088,2072.9495,4.994
305.2800,416.063,2077.8186,4.994
305.3000,415.819,2074.9368,4.99
305.3200,416.673,2080.0317,4.992
305.3400,415.697,2075.1594,4.992
305.3600,414.844,2071.731,4.994
305.3800,414.112,2066.4187,4.99
305.4000,413.38,2065.2463,4.996
305.4200,412.77,2059.7222,4.99
305.4400,413.746,2065.4202,4.992
305.4600,413.99,2066.6382,4.992
305.4800,416.551,2080.2556,4.994
305.5000,415.453,2073.1104,4.99
305.5200,416.063,2078.6506,4.996
305.5400,417.405,2084.5205,4.994
305.5600,414.722,2071.1216,4.994
305.5800,413.624,2064.811,4.992
305.6000,413.258,2062.9839,4.992
305.6200,413.014,2061.7659,4.992
305.6400,754.672,3756.7573,4.978
305.6600,539.016,2695.0801,5
305.6800,538.04,2688.0476,4.996
305.7000,413.502,2065.856,4.996
305.7200,413.868,2066.8569,4.994
305.7400,416.185,2079.2603,4.996
305.7600,414.844,2070.9014,4.992
305.7800,414.6,2069.6833,4.992
305.8000,413.99,2066.6382,4.992
305.8200,413.624,2064.811,4.992
305.8400,413.38,2063.593,4.992
305.8600,413.624,2064.811,4.992
305.8800,413.868,2066.8569,4.994
305.9000,414.844,2070.9014,4.992
305.9200,414.6,2068.854,4.99
305.9400,415.453,2073.1104,4.99
305.9600,421.43,2104.6213,4.994
305.9800,416.307,2079.0371,4.994
306.0000,418.747,2089.5474,4.99
306.0200,414.6,2071.3416,4.996
306.0400,413.258,2062.9839,4.992
306.0600,416.551,2077.7563,4.988
306.0800,413.258,2062.9839,4.992
306.1000,431.92,2155.2808,4.99
306.1200,413.258,2063.8103,4.994
306.1400,415.209,2072.7234,4.992
306.1600,416.063,2076.9866,4.992
306.1800,416.185,2077.5955,4.992
306.2000,416.795,2080.6409,4.992
306.2200,415.331,2074.1631,4.994
306.2400,414.722,2071.1216,4.994
306.2600,412.526,2059.3298,4.992
306.2800,414.112,2067.2471,4.992
306.3000,415.331,2073.3323,4.992
306.3200,414.6,2068.854,4.99
306.3400,415.209,2073.5537,4.994
306.3600,415.453,2073.1104,4.99
306.3800,416.307,2078.2046,4.992
306.4000,416.063,2077.8186,4.994
306.4200,416.673,2080.0317,4.992
306.4400,414.478,2070.7319,4.996
306.4600,415.575,2073.7192,4.99
306.4800,413.136,2061.5486,4.99
306.5000,413.258,2062.1572,4.99
306.5200,414.844,2070.9014,4.992
306.5400,414.6,2068.0249,4.988
306.5600,415.453,2074.7722,4.994
306.5800,416.307,2078.2046,4.992
306.6000,416.551,2080.2556,4.994
306.6200,423.87,2115.959,4.992
306.6400,416.185,2078.428,4.994
306.6600,415.088,2072.1194,4.992
306.6800,415.088,2071.2891,4.99
306.7000,419.967,2096.4753,4.992
306.7200,414.234,2067.0276,4.99
306.7400,415.088,2072.9495,4.994
306.7600,416.185,2077.5955,4.992
306.7800,416.551,2078.5894,4.99
306.8000,416.551,2080.2556,4.994
306.8200,416.673,2080.865,4.994
306.8400,415.331,2073.3323,4.992
306.8600,414.356,2068.4651,4.992
306.8800,541.212,2700.6477,4.99
306.9000,536.455,2676.9104,4.99
306.9200,537.431,2680.7061,4.988
306.9400,537.796,2685.7534,4.994
306.9600,538.284,2686.0371,4.99
306.9800,413.746,2067.9026,4.998
307.0000,416.429,2078.8135,4.992
307.0200,413.746,2064.5925,4.99
307.0400,609.763,3035.4004,4.978
307.0600,440.581,2201.1426,4.996
307.0800,424.236,2118.6345,4.994
307.1000,418.373,2090.1914,4.996
307.1200,419.105,2093.0105,4.994
307.1400,423.496,2114.939,4.994
307.1600,417.153,2083.2622,4.994
307.1800,414.104,2068.0354,4.994
307.2000,413.372,2062.7263,4.99
307.2200,414.348,2067.5964,4.99
307.2400,414.226,2066.9878,4.99
307.2600,415.446,2073.0754,4.99
307.2800,415.933,2077.1694,4.994
307.3000,427.033,2132.6028,4.994
307.3200,417.397,2083.646,4.992
307.3400,419.471,2093.9993,4.992
307.3600,416.795,2082.3079,4.996
307.3800,415.088,2072.9495,4.994
307.4000,412.648,2059.1135,4.99
307.4200,413.258,2062.9839,4.992
307.4400,414.356,2069.2937,4.994
307.4600,413.99,2066.6382,4.992
307.4800,414.6,2070.5125,4.994
307.5000,415.941,2077.2095,4.994
307.5200,416.673,2080.865,4.994
307.5400,417.039,2082.6929,4.994
307.5600,415.209,2073.5537,4.994
307.5800,413.136,2063.2012,4.994
307.6000,413.99,2067.4661,4.994
307.6200,412.282,2058.1118,4.992
307.6400,413.624,2063.9836,4.99
307.6600,417.039,2081.8586,4.992
307.6800,414.966,2071.5103,4.992
307.7000,417.771,2085.5129,4.992
307.7200,416.307,2078.2046,4.992
307.7400,416.185,2079.2603,4.996
307.7600,415.209,2073.5537,4.994
307.7800,413.502,2064.2021,4.992
307.8000,413.624,2064.811,4.992
307.8200,413.99,2067.4661,4.994
307.8400,414.478,2070.7319,4.996
307.8600,413.868,2065.2012,4.99
307.8800,414.844,2071.731,4.994
307.9000,415.453,2073.9414,4.992
307.9200,415.697,2074.3279,4.99
307.9400,417.161,2083.302,4.994
307.9600,416.307,2077.3718,4.99
307.9800,415.941,2076.3774,4.992
308.0000,413.868,2064.3735,4.988
308.0200,413.38,2064.4197,4.994
308.0400,413.99,2066.6382,4.992
308.0600,414.722,2069.4626,4.99
308.0800,415.088,2072.9495,4.994
308.1000,415.705,2074.3677,4.99
308.1200,414.485,2069.938,4.994
308.1400,416.193,2077.6355,4.992
308.1600,417.413,2082.8906,4.99
308.1800,415.217,2073.5938,4.994
308.2000,413.266,2061.3708,4.988
308.2200,412.412,2057.9358,4.99
308.2400,413.754,2067.115,4.996
308.2600,414.607,2069.7183,4.992
308.2800,416.193,2078.4678,4.994
308.3000,416.315,2078.2446,4.992
308.3200,416.681,2080.9048,4.994
308.3400,416.315,2079.0771,4.994
308.3600,416.681,2081.7383,4.996
308.3800,415.217,2071.9329,4.99
308.4000,414.242,2068.7246,4.994
308.4200,412.9,2060.3708,4.99
308.4400,414.12,2067.2871,4.992
308.4600,430.221,2147.6633,4.992
308.4800,413.266,2063.0239,4.992
308.5000,414.242,2067.0676,4.99
308.5200,415.705,2075.1992,4.992
308.5400,416.315,2079.0771,4.994
308.5600,416.803,2081.5142,4.994
308.5800,423.756,2116.2375,4.994
308.6000,595.858,2969.7563,4.984
308.6200,769.431,3833.3052,4.982
308.6400,763.332,3807.4998,4.988
308.6600,736.741,3676.3376,4.99
308.6800,720.64,3597.4351,4.992
308.7000,737.107,3679.6382,4.992
308.7200,750.525,3745.1196,4.99
308.7400,744.426,3716.1748,4.992
308.7600,745.889,3723.4778,4.992
308.7800,746.743,3726.2473,4.99
308.8000,767.723,3832.4734,4.992
308.8200,1003.383,5002.8677,4.986
308.8400,1029.2419,5133.8589,4.988
308.8600,1032.048,5147.855,4.988
308.8800,1018.874,5082.1436,4.988
308.9000,1017.776,5084.8086,4.996
308.9200,819.442,4100.4878,5.004
308.9400,725.763,3628.8149,5
308.9600,749.915,3748.0752,4.998
308.9800,734.18,3666.4949,4.994
309.0000,767.235,3831.5715,4.994
309.0200,747.475,3731.3953,4.992
309.0400,740.522,3696.6858,4.992
309.0600,746.743,3727.741,4.992
309.0800,741.132,3701.2134,4.994
309.1000,753.818,3763.0596,4.992
309.1200,726.495,3629.5688,4.996
309.1400,748.085,3731.448,4.988
309.1600,741.01,3699.1221,4.992
309.1800,742.718,3707.6484,4.992
309.2000,746.011,3725.5789,4.994
309.2200,752.354,3757.2559,4.994
309.2400,735.399,3674.0532,4.996
309.2600,738.083,3685.9866,4.994
309.2800,739.059,3689.3828,4.992
309.3000,738.693,3689.0327,4.994
309.3200,745.767,3725.8521,4.996
309.3400,809.561,4038.0901,4.988
309.3600,741.878,3701.9709,4.99
309.3800,754.442,3766.1746,4.992
309.4000,749.441,3741.2095,4.992
309.4200,754.32,3767.074,4.994
309.4400,745.66,3722.3347,4.992
309.4600,744.074,3714.4172,4.992
309.4800,1001.816,4991.0469,4.982
309.5000,1019.015,5082.8467,4.988
309.5200,1012.428,5049.9907,4.988
309.5400,1018.405,5081.8408,4.99
309.5600,1019.259,5088.1411,4.992
309.5800,859.832,4299.1597,5
309.6000,751.149,3757.2471,5.002
309.6200,737.365,3685.3503,4.998
309.6400,748.343,3737.2251,4.994
309.6600,732.242,3656.8167,4.994
309.6800,747.123,3729.6379,4.992
309.7000,726.631,3625.8884,4.99
309.7200,737.487,3680.0601,4.99
309.7400,738.341,3684.3215,4.99
309.7600,760.419,3796.0117,4.992
309.7800,731.144,3648.4082,4.99
309.8000,749.685,3743.9268,4.994
309.8200,748.587,3736.9463,4.992
309.8400,753.222,3760.0842,4.992
309.8600,741.376,3699.4661,4.99
309.8800,749.549,3741.7488,4.992
309.9000,745.036,3719.2197,4.992
309.9200,749.305,3740.5305,4.992
309.9400,745.767,3724.3606,4.994
309.9600,750.525,3748.1218,4.994
309.9800,743.938,3715.2263,4.994
310.0000,749.305,3739.0317,4.99
310.0200,744.06,3714.3477,4.992
310.0400,755.16,3771.2688,4.994
310.0600,745.767,3724.3606,4.994
310.0800,746.377,3725.9141,4.992
310.1000,743.084,3709.4753,4.992
310.1200,745.279,3723.4138,4.996
310.1400,747.353,3729.2915,4.99
310.1600,822.857,4101.1196,4.984
310.1800,751.988,3753.9241,4.992
310.2000,766.016,3825.4839,4.994
310.2200,753.574,3760.334,4.99
310.2400,743.206,3713.0569,4.996
310.2600,746.011,3724.0869,4.992
310.2800,748.939,3740.2014,4.994
310.3000,765.162,3819.6887,4.992
310.3200,734.546,3668.3228,4.994
310.3400,743.938,3715.2263,4.994
310.3600,753.696,3760.9429,4.99
310.3800,754.672,3767.3228,4.992
310.4000,746.987,3728.9592,4.992
310.4200,732.106,3657.6016,4.996
310.4400,743.206,3708.5977,4.99
310.4600,742.474,3706.4302,4.992
310.4800,726.129,3627.7405,4.996
310.5000,724.787,3621.0356,4.996
310.5200,722.836,3608.3975,4.992
310.5400,723.202,3613.1172,4.996
310.5600,719.542,3591.9536,4.992
310.5800,732.716,3659.1836,4.994
310.6000,731.008,3647.7297,4.99
310.6200,732.96,3658.9365,4.992
310.6400,724.665,3617.5276,4.992
310.6600,726.007,3624.2271,4.992
310.6800,739.059,3690.8608,4.994
310.7000,738.815,3688.1646,4.992
310.7200,737.839,3683.2922,4.992
310.7400,744.914,3718.6108,4.992
310.7600,727.593,3630.689,4.99
310.7800,740.522,3695.2046,4.99
310.8000,751.988,3752.4199,4.99
310.8200,760.039,3794.1147,4.992
310.8400,737.595,3685.0244,4.996
310.8600,742.23,3706.6965,4.994
310.8800,733.692,3664.0579,4.994
310.9000,737.229,3681.7217,4.994
310.9200,740.644,3697.2949,4.992
310.9400,746.133,3726.1882,4.994
310.9600,732.106,3654.6733,4.992
310.9800,734.18,3665.0266,4.992
311.0000,734.302,3664.1667,4.99
311.0200,987.038,4911.501,4.976
311.0400,1009.36,5028.6313,4.982
311.0600,1039,5184.6099,4.99
311.0800,1018.752,5081.5352,4.988
311.1000,1046.563,5224.4424,4.992
311.1200,1044.855,5213.8262,4.99
311.1400,1048.149,5234.4565,4.994
311.1600,742.962,3716.2957,5.002
311.1800,679.534,3397.6699,5
311.2000,739.669,3692.4277,4.992
311.2200,713.931,3563.9438,4.992
311.2400,754.062,3762.7693,4.99
311.2600,689.78,3444.7615,4.994
311.2800,725.275,3619.1223,4.99
311.3000,741.01,3696.158,4.988
311.3200,732.96,3657.4705,4.99
311.3400,749.915,3743.5757,4.992
311.3600,602.932,3015.8657,5.002
311.3800,553.775,2767.7676,4.998
311.4000,543.773,2715.6023,4.994
311.4200,419.357,2096.7849,5
311.4400,538.772,2689.5498,4.992
311.4600,418.015,2089.239,4.998
311.4800,417.405,2086.1902,4.998
311.5000,432.53,2160.9197,4.996
311.5200,415.209,2072.7234,4.992
311.5400,413.624,2064.811,4.992
311.5600,412.892,2061.157,4.992
311.5800,413.868,2066.0291,4.992
311.6000,413.258,2063.8103,4.994
311.6200,413.868,2066.0291,4.992
311.6400,414.722,2071.9509,4.996
311.6600,415.941,2076.3774,4.992
311.6800,416.551,2078.5894,4.99
311.7000,417.405,2084.5205,4.994
311.7200,417.649,2086.5742,4.996
311.7400,414.112,2067.2471,4.992
311.7600,412.648,2059.1135,4.99
311.7800,414.722,2070.2922,4.992
311.8000,414.112,2066.4187,4.99
311.8200,421.186,2101.718,4.99
311.8400,414.234,2068.6846,4.994
311.8600,415.697,2075.1594,4.992
311.8800,415.575,2074.5505,4.992
311.9000,417.405,2084.5205,4.994
311.9200,418.869,2091.8318,4.994
311.9400,422.528,2110.105,4.994
311.9600,414.722,2069.4626,4.99
311.9800,412.404,2059.5454,4.994
312.0000,412.648,2059.939,4.992
312.0200,413.38,2064.4197,4.994
312.0400,417.527,2085.1299,4.994
312.0600,429.115,2141.2837,4.99
312.0800,416.551,2079.4226,4.992
312.1000,416.559,2079.4624,4.992
312.1200,417.535,2083.4995,4.99
312.1400,417.413,2084.5605,4.994
312.1600,415.095,2072.9844,4.994
312.1800,413.876,2065.2412,4.99
312.2000,413.266,2063.0239,4.992
312.2200,414.12,2068.1152,4.994
312.2400,414.973,2070.7151,4.99
312.2600,415.095,2071.324,4.99
312.2800,414.973,2072.375,4.994
312.3000,414.729,2070.3271,4.992
312.3200,416.925,2082.1233,4.994
312.3400,422.902,2111.9727,4.994
312.3600,425.691,2126.7522,4.996
312.3800,415.933,2076.3376,4.992
312.4000,414.226,2067.8164,4.992
312.4200,412.762,2061.3335,4.994
312.4400,412.884,2060.291,4.99
312.4600,413.86,2065.1611,4.99
312.4800,413.616,2064.771,4.992
312.5000,415.568,2074.5154,4.992
312.5200,415.69,2075.1245,4.992
312.5400,416.909,2081.2097,4.992
312.5600,416.299,2077.332,4.99
312.5800,419.105,2093.0105,4.994
312.6000,416.657,2080.7852,4.994
312.6200,413.852,2066.7769,4.994
312.6400,413.73,2065.3403,4.992
312.6600,413.486,2063.2949,4.99
312.6800,413.852,2065.1213,4.99
312.7000,413.974,2065.7302,4.99
312.7200,413.486,2064.1221,4.992
312.7400,414.828,2070.8215,4.992
312.7600,416.048,2077.7437,4.994
312.7800,418.365,2089.3147,4.994
312.8000,416.414,2077.9058,4.99
312.8200,414.828,2070.8215,4.992
312.8400,413.242,2062.9041,4.992
312.8600,415.69,2074.293,4.99
312.8800,413.25,2062.9441,4.992
312.9000,413.738,2066.2075,4.994
312.9200,540.104,2694.0388,4.988
312.9400,537.298,2681.1167,4.99
312.9600,537.054,2679.8994,4.99
312.9800,412.396,2059.5056,4.994
313.0000,413.738,2064.5525,4.99
313.0200,414.104,2066.3789,4.99
313.0400,415.69,2075.9558,4.994
313.0600,416.543,2081.0488,4.996
313.0800,417.519,2085.9248,4.996
313.1000,417.275,2083.0369,4.992
313.1200,417.275,2083.8713,4.994
313.1400,417.031,2080.9846,4.99
313.1600,414.226,2068.6448,4.994
313.1800,413.372,2063.5532,4.992
313.2000,426.667,2129.9216,4.992
313.2200,416.299,2078.9973,4.994
313.2400,414.47,2069.8633,4.994
313.2600,415.446,2073.9065,4.992
313.2800,416.177,2076.7231,4.99
313.3000,417.153,2084.0964,4.996
313.3200,416.177,2078.3879,4.994
313.3400,415.933,2078.0012,4.996
313.3600,414.958,2070.6404,4.99
313.3800,415.08,2072.0793,4.992
313.4000,413.25,2063.7705,4.994
313.4200,414.47,2069.8633,4.994
313.4400,413.738,2065.3801,4.992
313.4600,414.47,2069.8633,4.994
313.4800,416.177,2077.5557,4.992
313.5000,416.177,2077.5557,4.992
313.5200,418.129,2088.1362,4.994
313.5400,417.519,2085.0898,4.994
313.5600,414.592,2069.6433,4.992
313.5800,412.762,2061.3335,4.994
313.6000,413.25,2062.1174,4.99
313.6200,413.372,2063.5532,4.992
313.6400,414.714,2071.0815,4.994
313.6600,415.08,2072.9094,4.994
313.6800,415.446,2074.7373,4.994
313.7000,416.665,2079.9917,4.992
313.7200,416.177,2079.2202,4.996
313.7400,416.299,2080.6626,4.998
313.7600,415.812,2077.3967,4.996
313.7800,413.738,2066.2075,4.994
313.8000,413.982,2066.5981,4.992
313.8200,413.86,2065.1611,4.99
313.8400,413.982,2065.77,4.99
313.8600,414.584,2070.4326,4.994
313.8800,414.34,2066.7278,4.988
313.9000,415.56,2075.3066,4.994
313.9200,417.145,2083.2222,4.994
313.9400,416.414,2078.7388,4.992
313.9600,417.023,2082.6128,4.994
313.9800,414.462,2068.9944,4.992
314.0000,430.928,2151.1926,4.992
314.0200,413.12,2062.2952,4.992
314.0400,413.852,2065.1213,4.99
314.0600,414.34,2068.3853,4.992
314.0800,414.95,2071.4304,4.992
314.1000,415.926,2076.3025,4.992
314.1200,415.324,2072.4668,4.99
314.1400,416.055,2078.6106,4.996
314.1600,416.299,2078.1648,4.992
314.1800,416.909,2082.0435,4.994
314.2000,598.408,2983.6624,4.986
314.2200,418.373,2091.865,5
314.2400,427.887,2136.8677,4.994
314.2600,416.543,2079.3828,4.992
314.2800,416.543,2079.3828,4.992
314.3000,417.031,2081.8188,4.992
314.3200,417.397,2084.4807,4.994
314.3400,416.909,2081.2097,4.992
314.3600,416.673,2080.865,4.994
314.3800,416.185,2078.428,4.994
314.4000,415.819,2077.4316,4.996
314.4200,418.747,2091.2227,4.994
314.4400,432.408,2158.5808,4.992
314.4600,414.112,2066.4187,4.99
314.4800,413.99,2067.4661,4.994
314.5000,415.088,2072.1194,4.992
314.5200,421.674,2105.8401,4.994
314.5400,416.185,2078.428,4.994
314.5600,416.795,2081.4744,4.994
314.5800,416.673,2080.865,4.994
314.6000,415.697,2075.1594,4.992
314.6200,415.088,2072.9495,4.994
314.6400,413.502,2064.2021,4.992
314.6600,413.746,2064.5925,4.99
314.6800,412.892,2060.3311,4.99
314.7000,414.844,2070.9014,4.992
314.7200,415.088,2072.9495,4.994
314.7400,416.307,2079.0371,4.994
314.7600,416.185,2078.428,4.994
314.7800,416.429,2079.6462,4.994
314.8000,416.551,2080.2556,4.994
314.8200,416.307,2079.8696,4.996
314.8400,414.112,2069.7319,4.998
314.8600,414.714,2071.0815,4.994
314.8800,418.129,2088.1362,4.994
314.9000,414.958,2070.6404,4.99
314.9200,422.398,2107.7659,4.99
314.9400,420.691,2101.7722,4.996
314.9600,414.47,2070.6921,4.996
314.9800,413.372,2064.3799,4.994
315.0000,413.982,2065.77,4.99
315.0200,414.226,2068.6448,4.994
315.0400,419.959,2094.7556,4.988
315.0600,414.104,2068.0354,4.994
315.0800,415.08,2072.0793,4.992
315.1000,415.446,2073.9065,4.992
315.1200,415.812,2076.5652,4.994
315.1400,417.275,2084.7058,4.996
315.1600,418.495,2090.801,4.996
315.1800,416.787,2081.4341,4.994
315.2000,414.714,2070.2522,4.992
315.2200,413.982,2065.77,4.99
315.2400,413.25,2063.7705,4.994
315.2600,415.324,2073.2974,4.992
315.2800,414.348,2067.5964,4.99
315.3000,414.714,2071.9111,4.996
315.3200,415.202,2071.8579,4.99
315.3400,417.397,2083.646,4.992
315.3600,416.063,2076.9866,4.992
315.3800,417.283,2083.9111,4.994
315.4000,416.185,2077.5955,4.992
315.4200,414.844,2071.731,4.994
315.4400,422.65,2109.0234,4.99
315.4600,414.6,2068.854,4.99
315.4800,413.746,2065.4202,4.992
315.5000,413.624,2065.6382,4.994
315.5200,415.575,2074.5505,4.992
315.5400,415.088,2072.1194,4.992
315.5600,419.113,2092.2122,4.992
315.5800,418.015,2087.5669,4.994
315.6000,416.795,2081.4744,4.994
315.6200,417.405,2083.6858,4.992
315.6400,414.844,2071.731,4.994
315.6600,414.356,2070.1223,4.996
315.6800,413.868,2065.2012,4.99
315.7000,412.282,2058.1118,4.992
315.7200,413.624,2064.811,4.992
315.7400,414.478,2069.9031,4.994
315.7600,414.478,2069.0742,4.992
315.7800,416.185,2077.5955,4.992
315.8000,416.795,2080.6409,4.992
315.8200,417.283,2083.0767,4.992
315.8400,415.088,2072.1194,4.992
315.8600,415.575,2074.5505,4.992
315.8800,416.185,2079.2603,4.996
315.9000,412.892,2061.9827,4.994
315.9200,413.868,2066.0291,4.992
315.9400,413.99,2066.6382,4.992
315.9600,415.575,2073.7192,4.99
315.9800,414.722,2070.2922,4.992
316.0000,415.331,2071.6709,4.988
316.0200,417.161,2082.4678,4.992
316.0400,418.259,2088.7854,4.994
316.0600,416.185,2077.5955,4.992
316.0800,415.819,2075.7686,4.992
316.1000,412.892,2061.157,4.992
316.1200,412.648,2060.7642,4.994
316.1400,413.624,2063.1565,4.988
316.1600,415.331,2074.1631,4.994
316.1800,414.356,2067.6362,4.99
316.2000,414.722,2071.1216,4.994
316.2200,416.673,2080.0317,4.992
316.2400,416.185,2079.2603,4.996
316.2600,416.795,2081.4744,4.994
316.2800,415.453,2074.7722,4.994
316.3000,414.356,2067.6362,4.99
316.3200,413.258,2062.9839,4.992
316.3400,413.502,2064.2021,4.992
316.3600,414.844,2070.9014,4.992
316.3800,414.844,2070.9014,4.992
316.4000,413.99,2066.6382,4.992
316.4200,413.502,2065.0291,4.994
316.4400,418.991,2092.4409,4.994
316.4600,416.063,2077.8186,4.994
316.4800,416.429,2078.8135,4.992
316.5000,417.649,2084.9038,4.992
316.5200,415.819,2077.4316,4.996
316.5400,421.064,2101.1091,4.99
316.5600,413.502,2065.0291,4.994
316.5800,414.356,2069.2937,4.994
316.6000,414.478,2069.9031,4.994
316.6200,414.6,2069.6833,4.992
316.6400,415.697,2073.4966,4.988
316.6600,414.966,2071.5103,4.992
316.6800,414.844,2070.9014,4.992
316.7000,434.604,2170.4124,4.994
316.7200,416.795,2082.3079,4.996
316.7400,415.819,2077.4316,4.996
316.7600,415.453,2074.7722,4.994
316.7800,413.746,2064.5925,4.99
316.8000,413.868,2066.0291,4.992
316.8200,413.868,2065.2012,4.99
316.8400,413.99,2066.6382,4.992
316.8600,414.242,2067.0676,4.99
316.8800,415.095,2072.1543,4.992
316.9000,421.682,2104.1931,4.99
316.9200,417.047,2082.7327,4.994
316.9400,540.49,2697.0449,4.99
316.9600,540.368,2696.436,4.99
316.9800,425.83,2127.4465,4.996
317.0000,418.999,2094.157,4.998
317.0200,416.071,2077.0266,4.992
317.0400,415.217,2072.7634,4.992
317.0600,414.851,2071.7659,4.994
317.0800,412.778,2061.4133,4.994
317.1000,413.266,2063.0239,4.992
317.1200,414.851,2070.1064,4.99
317.1400,414.485,2068.28,4.99
317.1600,413.51,2065.0691,4.994
317.1800,420.462,2098.9463,4.992
317.2000,431.075,2151.9265,4.992
317.2200,444.37,2218.2952,4.992
317.2400,439.369,2193.3301,4.992
317.2600,420.097,2097.9644,4.994
317.2800,421.316,2103.2095,4.992
317.3000,415.827,2075.8083,4.992
317.3200,415.339,2073.3723,4.992
317.3400,420.95,2101.3826,4.992
317.3600,419.731,2094.4575,4.99
317.3800,416.559,2079.4624,4.992
317.4000,416.681,2081.7383,4.996
317.4200,418.755,2092.0999,4.996
317.4400,415.583,2074.5903,4.992
317.4600,413.632,2065.6782,4.994
317.4800,412.778,2060.5879,4.992
317.5000,413.998,2065.8499,4.99
317.5200,414.973,2071.5452,4.992
317.5400,415.095,2072.1543,4.992
317.5600,415.339,2074.2029,4.994
317.5800,416.193,2078.4678,4.994
317.6000,416.559,2080.2957,4.994
317.6200,415.827,2076.6399,4.994
317.6400,419.487,2094.918,4.994
317.6600,415.949,2077.2493,4.994
317.6800,413.754,2066.2874,4.994
317.7000,414.242,2068.7246,4.994
317.7200,414.12,2068.1152,4.994
317.7400,419.975,2095.6753,4.99
317.7600,413.632,2064.0234,4.99
317.7800,415.339,2074.2029,4.994
317.8000,415.461,2074.8123,4.994
317.8200,419.121,2093.0903,4.994
317.8400,417.047,2082.7327,4.994
317.8600,416.559,2080.2957,4.994
317.8800,416.803,2080.6807,4.992
317.9000,414.12,2068.9434,4.996
317.9200,412.778,2059.7622,4.99
317.9400,413.876,2066.8967,4.994
317.9600,413.998,2066.678,4.992
317.9800,417.169,2081.6733,4.99
318.0000,414.485,2068.28,4.99
318.0200,417.657,2084.9438,4.992
318.0400,416.193,2078.4678,4.994
318.0600,417.413,2083.7258,4.992
318.0800,417.291,2083.9512,4.994
318.1000,414.12,2067.2871,4.992
318.1200,414.729,2071.1567,4.994
318.1400,416.193,2076.803,4.99
318.1600,412.9,2061.1968,4.992
318.1800,413.754,2065.46,4.992
318.2000,413.998,2065.8499,4.99
318.2200,414.242,2067.0676,4.99
318.2400,415.217,2072.7634,4.992
318.2600,425.708,2125.9858,4.994
318.2800,417.535,2084.3347,4.992
318.3000,416.437,2079.6865,4.994
318.3200,414.729,2071.1567,4.994
318.3400,415.339,2073.3723,4.992
318.3600,413.754,2066.2874,4.994
318.3800,413.998,2066.678,4.992
318.4000,412.9,2061.1968,4.992
318.4200,417.047,2081.8987,4.992
318.4400,414.729,2070.3271,4.992
318.4600,417.047,2081.8987,4.992
318.4800,415.705,2076.0308,4.994
318.5000,416.437,2078.0205,4.99
318.5200,417.047,2081.8987,4.992
318.5400,416.681,2081.7383,4.996
318.5600,414.607,2069.7183,4.992
318.5800,412.778,2060.5879,4.992
318.6000,413.266,2063.8503,4.994
318.6200,414.12,2067.2871,4.992
318.6400,413.022,2061.8059,4.992
318.6600,414.242,2067.8962,4.992
318.6800,413.632,2065.6782,4.994
318.7000,416.315,2077.4119,4.99
318.7200,416.071,2076.1943,4.99
318.7400,417.291,2083.9512,4.994
318.7600,415.827,2075.8083,4.992
318.7800,415.095,2073.8145,4.996
318.8000,413.754,2065.46,4.992
318.8200,413.51,2062.5879,4.988
318.8400,414.242,2068.7246,4.994
318.8600,414.249,2067.9309,4.992
318.8800,414.371,2069.3687,4.994
318.9000,416.079,2077.0664,4.992
318.9200,415.591,2074.6304,4.992
318.9400,417.299,2084.8257,4.996
318.9600,536.597,2676.5457,4.988
318.9800,415.347,2075.0735,4.996
319.0000,416.689,2081.7781,4.996
319.0200,414.371,2070.1975,4.996
319.0400,413.761,2065.4949,4.992
319.0600,423.886,2116.8867,4.994
319.0800,413.883,2065.2761,4.99
319.1000,415.591,2074.6304,4.992
319.1200,413.883,2066.104,4.992
319.1400,414.859,2070.9763,4.992
319.1600,415.469,2074.8521,4.994
319.1800,415.957,2078.1211,4.996
319.2000,417.299,2083.9912,4.994
319.2200,416.933,2082.1636,4.994
319.2400,414.493,2069.978,4.994
319.2600,414.127,2067.322,4.992
319.2800,412.298,2058.1917,4.992
319.3000,414.615,2068.9287,4.99
319.3200,414.859,2071.8059,4.994
319.3400,414.737,2070.3672,4.992
319.3600,414.127,2066.4937,4.99
319.3800,414.737,2071.1965,4.994
319.4000,429.009,2142.4709,4.994
319.4200,416.079,2077.8984,4.994
319.4400,417.299,2085.6604,4.998
319.4600,416.567,2081.1687,4.996
319.4800,426.692,2130.8997,4.994
319.5000,413.395,2063.6677,4.992
319.5200,413.639,2064.886,4.992
319.5400,414.249,2067.9309,4.992
319.5600,413.274,2063.8904,4.994
319.5800,414.371,2068.54,4.992
319.6000,414.737,2070.3672,4.992
319.6200,414.981,2073.2449,4.996
319.6400,416.323,2077.4517,4.99
319.6600,417.055,2081.9385,4.992
319.6800,422.422,2107.8857,4.99
319.7000,414.371,2068.54,4.992
319.7200,413.517,2064.2769,4.992
319.7400,413.517,2064.2769,4.992
319.7600,493.415,2460.1672,4.986
319.7800,750.309,3739.5403,4.984
319.8000,469.507,2347.5349,5
319.8200,418.885,2092.7495,4.996
319.8400,413.274,2063.8904,4.994
319.8600,414.127,2068.1504,4.994
319.8800,413.517,2065.1038,4.994
319.9000,414.981,2070.7551,4.99
319.9200,422.3,2108.9661,4.994
319.9400,416.567,2080.3354,4.994
319.9600,417.177,2083.3818,4.994
319.9800,414.371,2070.1975,4.996
320.0000,413.761,2065.4949,4.992
320.0200,412.42,2057.9758,4.99
320.0400,414.371,2069.3687,4.994
320.0600,414.981,2070.7551,4.99
320.0800,415.225,2073.6335,4.994
320.1000,415.713,2075.2395,4.992
320.1200,418.153,2087.4199,4.992
320.1400,426.57,2128.5842,4.99
320.1600,416.689,2081.7781,4.996
320.1800,416.445,2078.8936,4.992
320.2000,416.689,2080.1116,4.992
320.2200,414.371,2069.3687,4.994
320.2400,414.371,2067.7112,4.99
320.2600,414.249,2067.9309,4.992
320.2800,413.761,2065.4949,4.992
320.3000,414.127,2067.322,4.992
320.3200,416.933,2082.1636,4.994
320.3400,416.079,2077.8984,4.994
320.3600,416.071,2077.0266,4.992
320.3800,417.291,2083.1167,4.992
320.4000,416.437,2081.3523,4.998
320.4200,415.217,2074.4241,4.996
320.4400,512.313,2555.4172,4.988
320.4600,540.246,2697.9883,4.994
320.4800,539.392,2694.8025,4.996
320.5000,537.197,2681.6875,4.992
320.5200,415.095,2072.9844,4.994
320.5400,413.022,2063.4578,4.996
320.5600,412.778,2060.5879,4.992
320.5800,412.534,2059.3699,4.992
320.6000,413.144,2063.2412,4.994
320.6200,413.144,2062.415,4.992
320.6400,414.729,2071.1567,4.994
320.6600,416.437,2079.6865,4.994
320.6800,416.193,2077.6355,4.992
320.7000,417.047,2081.0645,4.99
320.7200,417.535,2086.8401,4.998
320.7400,414.851,2070.9363,4.992
320.7600,418.145,2088.2161,4.994
320.7800,412.656,2059.9788,4.992
320.8000,413.51,2063.4148,4.99
320.8200,413.632,2066.5054,4.996
320.8400,414.242,2069.553,4.996
320.8600,413.876,2066.0691,4.992
320.8800,415.583,2075.4216,4.994
320.9000,415.827,2075.8083,4.992
320.9200,416.315,2078.2446,4.992
320.9400,417.169,2082.5078,4.992
320.9600,489.991,2443.0952,4.986
320.9800,418.511,2090.0439,4.994
321.0000,417.169,2084.1763,4.996
321.0200,415.339,2073.3723,4.992
321.0400,412.534,2058.5444,4.99
321.0600,413.144,2061.5886,4.99
321.0800,413.754,2065.46,4.992
321.1000,413.266,2062.1973,4.99
321.1200,414.722,2071.1216,4.994
321.1400,417.161,2082.4678,4.992
321.1600,415.209,2074.3843,4.996
321.1800,416.551,2080.2556,4.994
321.2000,416.185,2079.2603,4.996
321.2200,440.581,2198.499,4.99
321.2400,728.813,3630.9463,4.982
321.2600,540.968,2701.5942,4.994
321.2800,517.06,2583.2317,4.996
321.3000,538.04,2686.9717,4.994
321.3200,538.894,2691.2366,4.994
321.3400,413.868,2067.6846,4.996
321.3600,414.714,2071.0815,4.994
321.3800,414.958,2071.4705,4.992
321.4000,416.177,2077.5557,4.992
321.4200,417.641,2085.699,4.994
321.4400,434.352,2167.4163,4.99
321.4600,417.153,2084.0964,4.996
321.4800,416.055,2078.6106,4.996
321.5000,414.226,2067.8164,4.992
321.5200,412.274,2058.8962,4.994
321.5400,413.616,2065.5984,4.994
321.5600,414.226,2069.4731,4.996
321.5800,414.592,2069.6433,4.992
321.6000,414.836,2071.6909,4.994
321.6200,415.697,2075.1594,4.992
321.6400,415.331,2074.1631,4.994
321.6600,416.063,2076.9866,4.992
321.6800,417.283,2083.0767,4.992
321.7000,422.04,2107.6677,4.994
321.7200,414.112,2068.0752,4.994
321.7400,413.868,2066.0291,4.992
321.7600,412.648,2059.1135,4.99
321.7800,423.626,2113.8938,4.99
321.8000,414.478,2069.0742,4.992
321.8200,414.722,2071.1216,4.994
321.8400,416.063,2078.6506,4.996
321.8600,415.575,2074.5505,4.992
321.8800,416.307,2078.2046,4.992
321.9000,435.824,2175.6335,4.992
321.9200,415.697,2076.822,4.996
321.9400,414.6,2068.854,4.99
321.9600,412.77,2060.5479,4.992
321.9800,413.746,2065.4202,4.992
322.0000,413.99,2066.6382,4.992
322.0200,414.722,2071.9509,4.996
322.0400,415.331,2072.5015,4.99
322.0600,415.819,2076.6001,4.994
322.0800,416.917,2081.2498,4.992
322.1000,415.819,2077.4316,4.996
322.1200,415.941,2077.2095,4.994
322.1400,419.723,2095.2573,4.992
322.1600,416.063,2078.6506,4.996
322.1800,413.746,2067.075,4.996
322.2000,414.112,2066.4187,4.99
322.2200,413.99,2067.4661,4.994
322.2400,413.746,2065.4202,4.992
322.2600,414.844,2070.9014,4.992
322.2800,414.966,2072.3401,4.994
322.3000,415.941,2076.3774,4.992
322.3200,417.649,2086.5742,4.996
322.3400,416.185,2078.428,4.994
322.3600,417.161,2084.1362,4.996
322.3800,415.941,2076.3774,4.992
322.4000,413.014,2062.592,4.994
322.4200,427.285,2133.0068,4.992
322.4400,414.844,2070.9014,4.992
322.4600,413.868,2066.0291,4.992
322.4800,415.697,2075.1594,4.992
322.5000,415.209,2073.5537,4.994
322.5200,426.553,2128.4995,4.99
322.5400,416.063,2076.1543,4.99
322.5600,417.039,2082.6929,4.994
322.5800,415.453,2074.7722,4.994
322.6000,414.234,2067.0276,4.99
322.6200,414.714,2071.0815,4.994
322.6400,413.86,2065.989,4.992
322.6600,414.47,2069.0342,4.992
322.6800,414.226,2068.6448,4.994
322.7000,414.104,2067.2073,4.992
322.7200,414.714,2070.2522,4.992
322.7400,415.69,2075.9558,4.994
322.7600,415.812,2076.5652,4.994
322.7800,418.251,2089.582,4.996
322.8000,417.519,2086.76,4.998
322.8200,415.202,2073.5188,4.994
322.8400,413.494,2063.335,4.99
322.8600,413.73,2067.8228,4.998
322.8800,413.12,2062.2952,4.992
322.9000,413.242,2063.7305,4.994
322.9200,414.462,2068.9944,4.992
322.9400,420.073,2098.6846,4.996
322.9600,416.292,2078.1296,4.992
322.9800,538.508,2683.9241,4.984
323.0000,540.947,2700.4075,4.992
323.0200,540.338,2696.2866,4.99
323.0400,417.999,2089.9949,5
323.0600,415.316,2074.0881,4.994
323.0800,413.608,2066.3855,4.996
323.1000,415.926,2076.3025,4.992
323.1200,413.974,2064.9023,4.988
323.1400,575.1,2865.1479,4.982
323.1600,499.721,2496.606,4.996
323.1800,418.853,2093.4272,4.998
323.2000,417.023,2081.7788,4.992
323.2200,414.706,2071.0417,4.994
323.2400,414.828,2071.6511,4.994
323.2600,414.584,2069.6035,4.992
323.2800,415.194,2072.6484,4.992
323.3000,425.439,2122.9404,4.99
323.3200,428.489,2138.1602,4.99
323.3400,415.926,2076.3025,4.992
323.3600,415.438,2074.6973,4.994
323.3800,415.072,2072.0393,4.992
323.4000,416.657,2079.9519,4.992
323.4200,416.779,2080.5608,4.992
323.4400,417.633,2085.6592,4.994
323.4600,417.633,2084.824,4.992
323.4800,413.608,2063.9038,4.99
323.5000,413.73,2065.3403,4.992
323.5200,413.486,2064.1221,4.992
323.5400,414.096,2067.9954,4.994
323.5600,414.828,2070.8215,4.992
323.5800,415.926,2077.9663,4.996
323.6000,416.535,2079.3428,4.992
323.6200,416.779,2079.7271,4.99
323.6400,416.901,2082.0037,4.994
323.6600,416.292,2078.1296,4.992
323.6800,413.974,2066.5583,4.992
323.7000,414.096,2067.1672,4.992
323.7200,413.364,2064.3398,4.994
323.7400,413.486,2064.1221,4.992
323.7600,415.072,2072.0393,4.992
323.7800,414.218,2067.7761,4.992
323.8000,416.048,2076.9116,4.992
323.8200,416.292,2078.9622,4.994
323.8400,416.535,2079.3428,4.992
323.8600,417.031,2081.8188,4.992
323.8800,415.202,2073.5188,4.994
323.9000,414.958,2072.3003,4.994
323.9200,413.494,2064.989,4.994
323.9400,413.86,2064.3335,4.988
323.9600,414.226,2067.8164,4.992
323.9800,415.446,2073.0754,4.99
324.0000,414.714,2071.9111,4.996
324.0200,416.177,2077.5557,4.992
324.0400,415.568,2075.3464,4.994
324.0600,417.519,2084.2549,4.992
324.0800,416.055,2077.7786,4.994
324.1000,415.08,2072.0793,4.992
324.1200,415.331,2073.3323,4.992
324.1400,419.113,2092.2122,4.992
324.1600,413.38,2064.4197,4.994
324.1800,413.502,2064.2021,4.992
324.2000,413.502,2064.2021,4.992
324.2200,413.746,2066.2476,4.994
324.2400,427.651,2134.8337,4.992
324.2600,423.138,2112.3049,4.992
324.2800,431.067,2152.7485,4.994
324.3000,420.576,2097.833,4.988
324.3200,421.918,2106.2146,4.992
324.3400,415.941,2075.5457,4.99
324.3600,428.513,2139.137,4.992
324.3800,426.805,2131.4641,4.994
324.4000,415.705,2075.1992,4.992
324.4200,416.193,2077.6355,4.992
324.4400,417.901,2087.8333,4.996
324.4600,416.559,2080.2957,4.994
324.4800,414.973,2072.375,4.994
324.5000,414.607,2070.5474,4.994
324.5200,413.388,2063.6331,4.992
324.5400,413.51,2064.2419,4.992
324.5600,414.364,2068.5051,4.992
324.5800,414.973,2071.5452,4.992
324.6000,429.245,2142.791,4.992
324.6200,415.217,2071.9329,4.99
324.6400,415.339,2073.3723,4.992
324.6600,416.559,2081.1287,4.996
324.6800,417.291,2083.1167,4.992
324.7000,415.827,2076.6399,4.994
324.7200,425.342,2122.4565,4.99
324.7400,413.632,2064.8508,4.992
324.7600,414.12,2068.1152,4.994
324.7800,421.804,2105.6455,4.992
324.8000,413.51,2065.896,4.996
324.8200,414.12,2066.4587,4.99
324.8400,415.339,2072.5415,4.99
324.8600,415.461,2073.1504,4.99
324.8800,416.559,2080.2957,4.994
324.9000,417.901,2086.1619,4.992
324.9200,416.437,2078.8535,4.992
324.9400,414.242,2067.8962,4.992
324.9600,412.534,2058.5444,4.99
324.9800,413.144,2061.5886,4.99
325.0000,540.734,2698.2627,4.99
325.0200,415.461,2075.6431,4.996
325.0400,416.071,2078.6907,4.996
325.0600,417.901,2086.1619,4.992
325.0800,419.975,2095.6753,4.99
325.1000,415.583,2075.4216,4.994
325.1200,419.243,2092.8611,4.992
325.1400,420.219,2098.5737,4.994
325.1600,412.168,2056.7183,4.99
325.1800,413.388,2063.6331,4.992
325.2000,414.12,2068.1152,4.994
325.2200,414.851,2070.9363,4.992
325.2400,416.071,2078.6907,4.996
325.2600,416.315,2078.2446,4.992
325.2800,416.925,2082.1233,4.994
325.3000,416.681,2080.9048,4.994
325.3200,414.485,2069.1091,4.992
325.3400,413.632,2064.0234,4.99
325.3600,416.559,2079.4624,4.992
325.3800,413.51,2065.0691,4.994
325.4000,413.876,2065.2412,4.99
325.4200,413.51,2064.2419,4.992
325.4400,413.998,2066.678,4.992
325.4600,415.217,2073.5938,4.994
325.4800,416.071,2077.0266,4.992
325.5000,416.681,2080.0715,4.992
325.5200,417.047,2082.7327,4.994
325.5400,416.681,2080.9048,4.994
325.5600,414.12,2067.2871,4.992
325.5800,413.144,2062.415,4.992
325.6000,422.658,2110.7539,4.994
325.6200,413.266,2063.0239,4.992
325.6400,417.779,2084.717,4.99
325.6600,413.876,2066.0691,4.992
325.6800,414.485,2069.938,4.994
325.7000,415.949,2077.2493,4.994
325.7200,416.803,2080.6807,4.992
325.7400,416.681,2080.0715,4.992
325.7600,416.315,2079.9097,4.996
325.7800,414.607,2070.5474,4.994
325.8000,412.534,2060.1948,4.994
325.8200,415.827,2074.9766,4.99
325.8400,415.339,2073.3723,4.992
325.8600,429.245,2143.6494,4.994
325.8800,415.217,2071.9329,4.99
325.9000,413.998,2067.5059,4.994
325.9200,414.607,2071.3765,4.996
325.9400,417.901,2086.9976,4.994
325.9600,416.071,2077.8586,4.994
325.9800,416.925,2081.2896,4.992
326.0000,417.779,2087.2239,4.996
326.0200,413.754,2066.2874,4.994
326.0400,413.388,2062.8059,4.99
326.0600,421.438,2102.9756,4.99
326.0800,414.851,2071.7659,4.994
326.1000,413.632,2064.8508,4.992
326.1200,413.632,2065.6782,4.994
326.1400,431.075,2150.2021,4.988
326.1600,417.535,2085.1697,4.994
326.1800,421.316,2104.0522,4.994
326.2000,417.047,2081.0645,4.99
326.2200,416.681,2080.0715,4.992
326.2400,414.973,2071.5452,4.992
326.2600,413.51,2065.0691,4.994
326.2800,417.779,2086.3882,4.994
326.3000,413.144,2062.415,4.992
326.3200,414.729,2070.3271,4.992
326.3400,414.607,2069.7183,4.992
326.3600,414.851,2070.1064,4.99
326.3800,415.591,2075.4614,4.994
326.4000,415.957,2077.2893,4.994
326.4200,416.445,2080.5591,4.996
326.4400,417.299,2083.1567,4.992
326.4600,415.835,2078.3433,4.998
326.4800,415.713,2075.2395,4.992
326.5000,413.395,2064.4946,4.994
326.5200,413.517,2064.2769,4.992
326.5400,413.152,2063.281,4.994
326.5600,414.127,2068.1504,4.994
326.5800,414.615,2069.7581,4.992
326.6000,415.591,2075.4614,4.994
326.6200,416.201,2077.6753,4.992
326.6400,417.299,2081.4875,4.988
326.6600,417.787,2085.5928,4.992
326.6800,417.665,2086.6543,4.996
326.7000,415.103,2072.1941,4.992
326.7200,414.493,2069.978,4.994
326.7400,413.883,2066.9316,4.994
326.7600,412.786,2059.802,4.99
326.7800,414.249,2068.7595,4.994
326.8000,414.737,2070.3672,4.992
326.8200,416.201,2077.6753,4.992
326.8400,417.665,2086.6543,4.996
326.8600,417.787,2085.5928,4.992
326.8800,417.047,2081.8987,4.992
326.9000,417.291,2084.7856,4.996
326.9200,413.754,2067.115,4.996
326.9400,413.144,2061.5886,4.99
326.9600,413.266,2064.6768,4.996
326.9800,413.632,2064.8508,4.992
327.0000,521.827,2600.7859,4.984
327.0200,566.838,2828.5215,4.99
327.0400,417.413,2084.5605,4.994
327.0600,417.291,2084.7856,4.996
327.0800,416.559,2081.1287,4.996
327.1000,415.461,2075.6431,4.996
327.1200,414.234,2068.6846,4.994
327.1400,421.186,2101.718,4.99
327.1600,413.258,2063.8103,4.994
327.1800,413.99,2066.6382,4.992
327.2000,420.82,2100.7334,4.992
327.2200,414.356,2069.2937,4.994
327.2400,430.213,2148.4839,4.994
327.2600,415.453,2073.9414,4.992
327.2800,416.307,2079.0371,4.994
327.3000,429.237,2143.6096,4.994
327.3200,416.673,2080.0317,4.992
327.3400,414.234,2067.8562,4.992
327.3600,412.892,2061.9827,4.994
327.3800,413.266,2063.0239,4.992
327.4000,413.51,2064.2419,4.992
327.4200,431.319,2154.0071,4.994
327.4400,414.729,2070.3271,4.992
327.4600,414.729,2070.3271,4.992
327.4800,416.071,2077.8586,4.994
327.5000,416.193,2078.4678,4.994
327.5200,416.315,2079.0771,4.994
327.5400,424.122,2117.217,4.992
327.5600,415.705,2075.1992,4.992
327.5800,413.51,2064.2419,4.992
327.6000,412.778,2061.4133,4.994
327.6200,412.778,2060.5879,4.992
327.6400,413.876,2065.2412,4.99
327.6600,419.609,2093.8489,4.99
327.6800,413.998,2067.5059,4.994
327.7000,415.095,2072.1543,4.992
327.7200,416.437,2079.6865,4.994
327.7400,417.535,2084.3347,4.992
327.7600,417.413,2084.5605,4.994
327.7800,415.583,2075.4216,4.994
327.8000,413.266,2063.0239,4.992
327.8200,420.097,2096.2839,4.99
327.8400,413.632,2065.6782,4.994
327.8600,419.609,2094.6882,4.992
327.8800,414.493,2068.3201,4.99
327.9000,416.079,2078.7307,4.996
327.9200,415.957,2076.4573,4.992
327.9400,416.445,2078.8936,4.992
327.9600,417.299,2084.8257,4.996
327.9800,416.933,2082.1636,4.994
328.0000,416.201,2078.5078,4.994
328.0200,414.737,2069.5376,4.99
328.0400,413.395,2064.4946,4.994
328.0600,414.005,2066.7131,4.992
328.0800,414.493,2069.1492,4.992
328.1000,415.957,2076.4573,4.992
328.1200,414.371,2070.1975,4.996
328.1400,415.469,2074.0212,4.992
328.1600,415.225,2071.9727,4.99
328.1800,416.567,2081.1687,4.996
328.2000,417.665,2085.8191,4.994
328.2200,416.567,2080.3354,4.994
328.2400,415.957,2077.2893,4.994
328.2600,412.908,2060.4109,4.99
328.2800,413.883,2066.104,4.992
328.3000,415.835,2075.8484,4.992
328.3200,414.249,2068.7595,4.994
328.3400,417.421,2082.9307,4.99
328.3600,414.737,2070.3672,4.992
328.3800,428.399,2138.5679,4.992
328.4000,416.811,2080.7205,4.992
328.4200,430.229,2148.5637,4.994
328.4400,416.933,2082.9973,4.996
328.4600,415.347,2074.2429,4.994
328.4800,414.249,2067.9309,4.992
328.5000,412.786,2059.802,4.99
328.5200,413.03,2061.0195,4.99
328.5400,414.005,2066.7131,4.992
328.5600,414.371,2067.7112,4.99
328.5800,415.957,2077.2893,4.994
328.6000,425.96,2127.2441,4.994
328.6200,627.595,3126.678,4.982
328.6400,587.097,2931.9624,4.994
328.6600,446.94,2233.8062,4.998
328.6800,414.981,2072.415,4.994
328.7000,415.713,2076.9021,4.996
328.7200,417.543,2085.2097,4.994
328.7400,416.811,2082.3877,4.996
328.7600,416.567,2080.3354,4.994
328.7800,412.908,2060.4109,4.99
328.8000,413.517,2064.2769,4.992
328.8200,412.786,2062.2788,4.996
328.8400,414.981,2072.415,4.994
328.8600,416.201,2077.6753,4.992
328.8800,414.104,2067.2073,4.992
328.9000,416.299,2078.1648,4.992
328.9200,416.909,2081.2097,4.992
328.9400,418.983,2093.239,4.996
328.9600,415.69,2075.9558,4.994
328.9800,415.69,2075.1245,4.992
329.0000,413.006,2060.8999,4.99
329.0200,539.494,2692.075,4.99
329.0400,537.786,2684.6279,4.992
329.0600,536.932,2679.2905,4.99
329.0800,537.786,2684.6279,4.992
329.1000,455.575,2278.7861,5.002
329.1200,416.665,2082.4917,4.998
329.1400,417.275,2083.8713,4.994
329.1600,417.153,2084.0964,4.996
329.1800,415.933,2078.0012,4.996
329.2000,414.226,2069.4731,4.996
329.2200,412.884,2061.1169,4.992
329.2400,412.884,2060.291,4.99
329.2600,414.958,2072.3003,4.994
329.2800,413.982,2065.77,4.99
329.3000,415.446,2074.7373,4.994
329.3200,415.202,2071.8579,4.99
329.3400,417.885,2087.7534,4.996
329.3600,417.397,2082.811,4.99
329.3800,417.275,2083.0369,4.992
329.4000,417.031,2082.6528,4.994
329.4200,418.983,2090.7251,4.99
329.4400,413.982,2067.426,4.994
329.4600,413.86,2065.1611,4.99
329.4800,425.813,2124.8066,4.99
329.5000,599.018,2986.7039,4.986
329.5200,652.93,3258.1206,4.99
329.5400,741.606,3699.1309,4.988
329.5600,738.191,3683.5728,4.99
329.5800,740.02,3695.6599,4.994
329.6000,743.68,3710.9629,4.99
329.6200,749.9,3743.501,4.992
329.6400,756.731,3776.0876,4.99
329.6600,743.07,3709.4055,4.992
329.6800,747.095,3728.0037,4.99
329.7000,758.683,3787.3455,4.992
329.7200,1018.245,5068.8237,4.978
329.7400,1024.832,5107.7632,4.984
329.7600,1027.881,5131.1821,4.992
329.7800,1040.444,5193.8965,4.992
329.8000,1042.396,5201.5557,4.99
329.8200,1032.15,5152.4932,4.992
329.8400,744.534,3724.1589,5.002
329.8600,741.972,3706.8918,4.996
329.8800,743.68,3712.4507,4.992
329.9000,790.03,3943.8301,4.992
329.9200,742.094,3706.0173,4.994
329.9400,751.852,3754.7488,4.994
329.9600,743.68,3712.4507,4.992
329.9800,750.51,3749.5479,4.996
330.0000,738.313,3685.6584,4.992
330.0200,740.386,3694.5259,4.99
330.0400,750.998,3747.4797,4.99
330.0600,751.852,3754.7488,4.994
330.0800,741.484,3701.4883,4.992
330.1000,742.338,3705.7515,4.992
330.1200,741.606,3703.5803,4.994
330.1400,751.608,3750.5237,4.99
330.1600,734.166,3664.9568,4.992
330.1800,727.213,3630.2473,4.992
330.2000,744.29,3716.9841,4.994
330.2200,768.197,3833.303,4.99
330.2400,740.02,3694.1799,4.992
330.2600,731.604,3655.0935,4.996
330.2800,743.924,3713.6687,4.992
330.3000,755.755,3772.729,4.992
330.3200,739.045,3692.2686,4.996
330.3400,750.876,3746.8708,4.99
330.3600,729.043,3639.3828,4.992
330.3800,1018.123,5072.2886,4.982
330.4000,1037.639,5171.5933,4.984
330.4200,1026.905,5124.2559,4.99
330.4400,1018.611,5080.8315,4.988
330.4600,1035.809,5166.6152,4.988
330.4800,1033.4919,5161.2588,4.994
330.5000,755.511,3779.0659,5.002
330.5200,730.872,3651.4365,4.996
330.5400,735.507,3673.1221,4.994
330.5600,728.311,3635.7285,4.992
330.5800,732.336,3657.2859,4.994
330.6000,736.361,3674.4414,4.99
330.6200,736.239,3673.8325,4.99
330.6400,730.506,3648.1467,4.994
330.6600,755.145,3769.6841,4.992
330.6800,738.191,3683.5728,4.99
330.7000,737.947,3683.8315,4.992
330.7200,752.584,3756.8994,4.992
330.7400,744.412,3717.5935,4.994
330.7600,750.022,3741.1096,4.988
330.7800,750.022,3745.6096,4.994
330.8000,752.218,3755.0725,4.992
330.8200,746.119,3724.6262,4.992
330.8400,750.632,3748.6562,4.994
330.8600,743.924,3715.1565,4.994
330.8800,754.643,3767.178,4.992
330.9000,749.642,3745.2114,4.996
330.9200,753.423,3761.0876,4.992
330.9400,747.691,3732.4734,4.992
330.9600,740.616,3695.6738,4.99
330.9800,743.91,3715.0864,4.994
331.0000,747.203,3730.0374,4.992
331.0200,748.545,3736.7366,4.992
331.0400,741.958,3702.3704,4.99
331.0600,748.91,3740.0564,4.994
331.0800,728.663,3638.9431,4.994
331.1000,739.884,3694.9805,4.994
331.1200,725.37,3622.4978,4.994
331.1400,742.446,3707.7751,4.994
331.1600,752.204,3755.0024,4.992
331.1800,754.765,3769.2964,4.994
331.2000,734.274,3668.4326,4.996
331.2200,747.081,3730.9224,4.994
331.2400,741.958,3702.3704,4.99
331.2600,736.469,3676.4534,4.992
331.2800,753.423,3762.5942,4.994
331.3000,767.45,3831.1106,4.992
331.3200,759.522,3793.0527,4.994
331.3400,723.174,3611.531,4.994
331.3600,744.032,3715.6958,4.994
331.3800,721.833,3604.834,4.994
331.4000,734.518,3669.6519,4.996
331.4200,721.101,3601.1785,4.994
331.4400,719.515,3591.8191,4.992
331.4600,720.857,3598.5183,4.992
331.4800,727.931,3635.2876,4.994
331.5000,701.341,3503.8994,4.996
331.5200,734.152,3664.8867,4.992
331.5400,721.955,3605.4434,4.994
331.5600,721.589,3602.1724,4.992
331.5800,721.589,3605.0583,4.996
331.6000,727.687,3632.6135,4.992
331.6200,739.411,3689.6609,4.99
331.6400,738.435,3687.7444,4.994
331.6600,731.604,3650.7039,4.99
331.6800,734.288,3665.5659,4.992
331.7000,743.192,3710.0146,4.992
331.7200,728.311,3635.7285,4.992
331.7400,744.168,3716.375,4.994
331.7600,737.581,3680.5291,4.99
331.7800,738.069,3688.8689,4.998
331.8000,731.97,3652.53,4.99
331.8200,731.482,3651.5581,4.992
331.8400,735.629,3670.7886,4.99
331.8600,740.874,3698.4431,4.992
331.8800,733.204,3660.1543,4.992
331.9000,734.789,3669.5361,4.994
331.9200,738.083,3687.4626,4.996
331.9400,741.498,3700.0747,4.99
331.9600,736.741,3677.8113,4.992
331.9800,735.277,3671.9731,4.994
332.0000,736.741,3679.2847,4.994
332.0200,735.277,3670.5027,4.992
332.0400,738.571,3688.4236,4.994
332.0600,736.619,3677.2021,4.992
332.0800,735.765,3671.4673,4.99
332.1000,738.937,3693.2073,4.998
332.1200,738.449,3684.8601,4.99
332.1400,735.887,3675.0198,4.994
332.1600,734.911,3668.6758,4.992
332.1800,734.302,3665.6357,4.992
332.2000,736.253,3676.8474,4.994
332.2200,733.57,3660.5142,4.99
332.2400,738.937,3690.2515,4.994
332.2600,748.695,3737.4856,4.992
332.2800,736.131,3674.7659,4.992
332.3000,734.667,3668.927,4.994
332.3200,780.043,3892.4146,4.99
332.3400,778.091,3884.2305,4.992
332.3600,751.256,3753.2747,4.996
332.3800,742.718,3709.1338,4.994
332.4000,741.742,3702.7761,4.992
332.4200,744.548,3716.7834,4.992
332.4400,742.596,3707.0393,4.992
332.4600,767.113,3827.8936,4.99
332.4800,745.401,3721.042,4.992
332.5000,742.596,3708.5244,4.994
332.5200,740.766,3696.4221,4.99
332.5400,746.499,3728.0161,4.994
332.5600,729.422,3641.2747,4.992
332.5800,729.057,3642.3687,4.996
332.6000,761.746,3801.1123,4.99
332.6200,726.373,3627.5066,4.994
332.6400,729.179,3642.9783,4.996
332.6600,741.132,3698.2485,4.99
332.6800,726.129,3627.7405,4.996
332.7000,726.007,3625.679,4.994
332.7200,742.596,3708.5244,4.994
332.7400,724.299,3614.252,4.99
332.7600,730.032,3642.8594,4.99
332.7800,741.498,3703.041,4.994
332.8000,728.081,3636.0364,4.994
332.8200,730.764,3652.3584,4.998
332.8400,735.887,3670.6045,4.988
332.8600,729.666,3645.4114,4.996
332.8800,730.249,3646.8635,4.994
332.9000,735.25,3668.8972,4.99
332.9200,727.931,3635.2876,4.994
332.9400,730.493,3646.6211,4.992
332.9600,728.419,3639.1812,4.996
332.9800,726.102,3626.1533,4.994
333.0000,740.372,3697.4177,4.994
333.0200,725.736,3622.8743,4.992
333.0400,727.443,3629.9404,4.99
333.0600,738.421,3684.7207,4.99
333.0800,726.589,3628.5854,4.994
333.1000,736.225,3676.7075,4.994
333.1200,736.713,3679.1448,4.994
333.1400,730.493,3646.6211,4.992
333.1600,727.443,3629.9404,4.99
333.1800,737.933,3682.2854,4.99
333.2000,725.736,3624.3257,4.994
333.2200,727.199,3628.7227,4.99
333.2400,743.422,3712.6494,4.994
333.2600,724.882,3618.6111,4.992
333.2800,730.737,3649.3005,4.994
333.3000,737.445,3681.3254,4.992
333.3200,728.541,3636.8767,4.992
333.3400,723.906,3615.1865,4.994
333.3600,739.641,3693.7671,4.994
333.3800,726.969,3631.937,4.996
333.4000,729.653,3643.8872,4.994
333.4200,736.239,3675.3052,4.992
333.4400,738.191,3685.0496,4.992
333.4600,741.85,3703.3152,4.992
333.4800,739.167,3689.9216,4.992
333.5000,739.045,3690.7905,4.994
333.5200,661.469,3306.0222,4.998
333.5400,748.315,3734.0918,4.99
333.5600,699.037,3490.9907,4.994
333.5800,741.118,3698.1785,4.99
333.6000,706.111,3524.9062,4.992
333.6200,742.094,3706.0173,4.994
333.6400,744.899,3717.0457,4.99
333.6600,682.204,3409.6555,4.998
333.6800,692.206,3456.8767,4.994
333.7000,683.18,3411.8008,4.994
333.7200,752.95,3758.7266,4.992
333.7400,729.043,3636.4666,4.988
333.7600,754.291,3762.4036,4.988
333.7800,556.326,2783.8555,5.004
333.8000,545.349,2725.6543,4.998
333.8200,454.112,2268.7434,4.996
333.8400,544.861,2723.2156,4.998
333.8600,543.519,2713.2468,4.992
333.8800,542.055,2707.0227,4.994
333.9000,544.983,2721.645,4.994
333.9200,542.299,2706.072,4.99
333.9400,413.25,2066.25,5
333.9600,413.86,2065.989,4.992
333.9800,413.982,2067.426,4.994
334.0000,414.47,2069.8633,4.994
334.0200,414.714,2070.2522,4.992
334.0400,416.177,2076.7231,4.99
334.0600,415.933,2077.1694,4.994
334.0800,417.519,2085.9248,4.996
334.1000,417.519,2085.0898,4.994
334.1200,418.129,2088.9724,4.996
334.1400,433.986,2165.5901,4.99
334.1600,416.177,2078.3879,4.994
334.1800,414.104,2066.3789,4.99
334.2000,412.274,2057.2471,4.99
334.2200,413.982,2066.5981,4.992
334.2400,414.104,2067.2073,4.992
334.2600,415.324,2074.1282,4.994
334.2800,433.742,2166.1077,4.994
334.3000,416.177,2078.3879,4.994
334.3200,416.299,2077.332,4.99
334.3400,416.421,2079.6064,4.994
334.3600,414.226,2067.8164,4.992
334.3800,414.958,2070.6404,4.99
334.4000,413.616,2066.4255,4.996
334.4200,432.888,2159.2454,4.988
334.4400,414.714,2071.9111,4.996
334.4600,413.616,2064.771,4.992
334.4800,414.714,2071.0815,4.994
334.5000,415.568,2074.5154,4.992
334.5200,415.202,2074.3491,4.996
334.5400,417.031,2081.8188,4.992
334.5600,416.909,2081.2097,4.992
334.5800,415.202,2074.3491,4.996
334.6000,413.006,2060.8999,4.99
334.6200,413.25,2062.1174,4.99
334.6400,412.03,2056.8538,4.992
334.6600,413.738,2066.2075,4.994
334.6800,415.08,2072.9094,4.994
334.7000,414.836,2071.6909,4.994
334.7200,414.47,2069.0342,4.992
334.7400,416.665,2079.9917,4.992
334.7600,418.129,2086.4636,4.99
334.7800,416.665,2078.325,4.988
334.8000,414.47,2069.8633,4.994
334.8200,412.64,2059.0735,4.99
334.8400,412.762,2060.5078,4.992
334.8600,413.616,2065.5984,4.994
334.8800,414.226,2067.8164,4.992
334.9000,563.645,2808.0793,4.982
334.9200,574.135,2863.7854,4.988
334.9400,423.252,2116.26,5
334.9600,424.35,2119.2039,4.994
334.9800,424.594,2120.4224,4.994
335.0000,418.739,2090.3452,4.992
335.0200,436.059,2178.5505,4.996
335.0400,414.958,2073.1301,4.996
335.0600,539.738,2693.2925,4.99
335.0800,413.25,2063.7705,4.994
335.1000,413.494,2064.989,4.994
335.1200,413.616,2065.5984,4.994
335.1400,413.982,2067.426,4.994
335.1600,414.348,2069.2539,4.994
335.1800,414.714,2071.0815,4.994
335.2000,425.326,2124.0779,4.994
335.2200,416.543,2081.8821,4.998
335.2400,416.909,2081.2097,4.992
335.2600,424.716,2120.1824,4.992
335.2800,414.836,2072.5205,4.996
335.3000,422.52,2109.2197,4.992
335.3200,412.64,2059.8989,4.992
335.3400,412.152,2056.6384,4.99
335.3600,414.958,2071.4705,4.992
335.3800,413.616,2065.5984,4.994
335.4000,414.47,2069.8633,4.994
335.4200,417.519,2084.2549,4.992
335.4400,416.299,2078.1648,4.992
335.4600,415.812,2077.3967,4.996
335.4800,417.153,2083.2622,4.994
335.5000,415.202,2073.5188,4.994
335.5200,414.714,2071.0815,4.994
335.5400,413.006,2061.7261,4.992
335.5600,413.616,2064.771,4.992
335.5800,414.104,2067.2073,4.992
335.6000,414.47,2069.0342,4.992
335.6200,415.08,2072.9094,4.994
335.6400,414.47,2068.2053,4.99
335.6600,415.08,2072.9094,4.994
335.6800,415.446,2075.5681,4.996
335.7000,416.787,2081.4341,4.994
335.7200,417.641,2085.699,4.994
335.7400,415.202,2071.8579,4.99
335.7600,413.494,2064.1621,4.992
335.7800,413.128,2061.5085,4.99
335.8000,413.982,2066.5981,4.992
335.8200,420.203,2098.4939,4.994
335.8400,419.959,2098.1152,4.996
335.8600,416.299,2078.9973,4.994
335.8800,415.69,2076.7871,4.996
335.9000,417.397,2083.646,4.992
335.9200,417.031,2081.8188,4.992
335.9400,415.568,2074.5154,4.992
335.9600,414.104,2068.0354,4.994
335.9800,414.47,2069.8633,4.994
336.0000,413.86,2066.8167,4.994
336.0200,412.884,2061.9426,4.994
336.0400,416.543,2078.5496,4.99
336.0600,414.592,2070.4724,4.994
336.0800,414.836,2070.8613,4.992
336.1000,415.69,2075.9558,4.994
336.1200,414.836,2070.8613,4.992
336.1400,416.299,2079.8298,4.996
336.1600,416.421,2078.7737,4.992
336.1800,415.933,2078.0012,4.996
336.2000,414.47,2068.2053,4.99
336.2200,413.616,2064.771,4.992
336.2400,414.714,2070.2522,4.992
336.2600,413.616,2064.771,4.992
336.2800,414.226,2067.8164,4.992
336.3000,414.714,2070.2522,4.992
336.3200,415.202,2074.3491,4.996
336.3400,420.325,2098.2625,4.992
336.3600,417.397,2085.3154,4.996
336.3800,416.909,2082.8772,4.996
336.4000,415.324,2073.2974,4.992
336.4200,415.812,2076.5652,4.994
336.4400,413.25,2062.9441,4.992
336.4600,413.128,2063.1611,4.994
336.4800,414.958,2071.4705,4.992
336.5000,413.86,2065.989,4.992
336.5200,414.348,2068.4253,4.992
336.5400,415.812,2077.3967,4.996
336.5600,415.568,2074.5154,4.992
336.5800,415.69,2075.1245,4.992
336.6000,416.299,2078.9973,4.994
336.6200,416.414,2080.4043,4.996
336.6400,415.194,2074.3091,4.996
336.6600,414.34,2068.3853,4.992
336.6800,413.486,2063.2949,4.99
336.7000,414.95,2070.6006,4.99
336.7200,415.194,2072.6484,4.992
336.7400,414.462,2069.8232,4.994
336.7600,415.804,2077.3567,4.996
336.7800,416.17,2078.353,4.994
336.8000,417.755,2085.4331,4.992
336.8200,416.17,2079.1853,4.996
336.8400,457.274,2281.7971,4.99
336.8600,673.409,3354.9236,4.982
336.8800,729.639,3637.98,4.986
336.9000,740.372,3692.9756,4.988
336.9200,740.86,3698.373,4.992
336.9400,729.883,3645.0356,4.994
336.9600,752.448,3757.7253,4.994
336.9800,720.247,3598.354,4.996
337.0000,741.104,3699.5913,4.992
337.0200,759.766,3794.2712,4.994
337.0400,746.349,3727.2668,4.994
337.0600,736.713,3677.6714,4.992
337.0800,1029.325,5130.1558,4.984
337.1000,1021.885,5097.1621,4.988
337.1200,1021.05,5095.0391,4.99
337.1400,1024.222,5110.8677,4.99
337.1600,1022.392,5105.8257,4.994
337.1800,735.141,3681.5859,5.008
337.2000,728.555,3641.3179,4.998
337.2200,736.727,3682.1616,4.998
337.2400,734.166,3664.9568,4.992
337.2600,735.507,3673.1221,4.994
337.2800,736.605,3675.6587,4.99
337.3000,738.557,3691.3081,4.998
337.3200,734.532,3668.2527,4.994
337.3400,748.437,3734.7004,4.99
337.3600,730.384,3644.616,4.99
337.3800,746.851,3731.2676,4.996
337.4000,745.753,3724.2903,4.994
337.4200,747.949,3735.2571,4.994
337.4400,753.926,3765.1064,4.994
337.4600,741.484,3700.0051,4.99
337.4800,774.173,3864.6716,4.992
337.5000,765.269,3817.1616,4.988
337.5200,730.872,3648.5132,4.992
337.5400,749.656,3743.782,4.994
337.5600,768.807,3837.8848,4.992
337.5800,758.683,3787.3455,4.992
337.6000,737.825,3684.698,4.994
337.6200,732.092,3656.0674,4.994
337.6400,756.365,3777.2866,4.994
337.6600,739.045,3689.3127,4.992
337.6800,753.682,3763.8879,4.994
337.7000,748.803,3738.0247,4.992
337.7200,1000.681,4981.3901,4.978
337.7400,1009.707,5034.3989,4.986
337.7600,1031.662,5145.9297,4.988
337.7800,1048.251,5232.8691,4.992
337.8000,1026.905,5126.3101,4.992
337.8200,1027.637,5129.9639,4.992
337.8400,756.975,3787.9028,5.004
337.8600,732.824,3661.1885,4.996
337.8800,735.02,3670.6899,4.994
337.9000,735.873,3676.4214,4.996
337.9200,731.482,3653.021,4.994
337.9400,741.728,3702.7063,4.992
337.9600,735.873,3676.4214,4.996
337.9800,742.826,3708.1875,4.992
338.0000,770.148,3841.4983,4.988
338.0200,743.436,3711.2324,4.992
338.0400,744.412,3717.5935,4.994
338.0600,748.315,3737.0852,4.994
338.0800,743.68,3712.4507,4.992
338.1000,748.193,3736.4758,4.994
338.1200,747.691,3735.4641,4.996
338.1400,754.643,3765.6685,4.99
338.1600,746.837,3726.7163,4.99
338.1800,742.69,3708.9939,4.994
338.2000,756.717,3777.5312,4.992
338.2200,748.179,3734.9097,4.992
338.2400,749.276,3740.386,4.992
338.2600,742.08,3702.979,4.99
338.2800,755.497,3774.4629,4.996
338.3000,745.129,3718.1936,4.99
338.3200,750.984,3750.4141,4.994
338.3400,760.986,3801.886,4.996
338.3600,752.936,3758.6565,4.992
338.3800,755.009,3769.0049,4.992
338.4000,746.349,3725.7742,4.992
338.4200,736.957,3680.363,4.994
338.4400,739.884,3696.4602,4.996
338.4600,741.348,3699.3264,4.99
338.4800,741.47,3701.4182,4.992
338.5000,760.132,3794.5791,4.992
338.5200,755.863,3773.2681,4.992
338.5400,755.985,3773.8772,4.992
338.5600,740.86,3699.8547,4.994
338.5800,739.519,3690.1995,4.99
338.6000,759.888,3794.8806,4.994
338.6200,747.325,3730.6465,4.992
338.6400,735.507,3668.709,4.988
338.6600,727.945,3635.3574,4.994
338.6800,732.946,3658.8665,4.992
338.7000,756.487,3776.3833,4.992
338.7200,727.091,3629.6384,4.992
338.7400,724.042,3614.4177,4.992
338.7600,716.113,3577.7002,4.996
338.7800,719.773,3591.6672,4.99
338.8000,715.869,3573.6182,4.992
338.8200,734.654,3668.8621,4.994
338.8400,739.289,3693.4878,4.996
338.8600,748.803,3742.5173,4.998
338.8800,732.566,3658.4346,4.994
338.9000,726.346,3625.9194,4.992
338.9200,766.474,3824.7051,4.99
338.9400,732.078,3654.5334,4.992
338.9600,744.519,3718.1277,4.994
338.9800,731.224,3650.2703,4.992
339.0000,730.005,3645.645,4.994
339.0200,721.101,3599.7363,4.992
339.0400,755.375,3769.321,4.99
339.0600,732.688,3657.5786,4.992
339.0800,724.638,3618.842,4.994
339.1000,737.933,3685.2373,4.994
339.1200,730.98,3651.9758,4.996
339.1400,748.057,3732.8042,4.99
339.1600,734.152,3666.355,4.994
339.1800,736.469,3677.926,4.994
339.2000,742.202,3706.5569,4.994
339.2200,738.909,3687.1558,4.99
339.2400,732.932,3658.7966,4.992
339.2600,736.591,3677.0623,4.992
339.2800,733.054,3659.4058,4.992
339.3000,728.907,3638.7036,4.992
339.3200,731.102,3651.1233,4.994
339.3400,741.47,3699.9351,4.99
339.3600,729.395,3642.5986,4.994
339.3800,730.493,3648.082,4.994
339.4000,727.809,3634.6782,4.994
339.4200,732.2,3656.6069,4.994
339.4400,726.833,3629.804,4.994
339.4600,730.005,3644.1851,4.992
339.4800,728.541,3639.7908,4.996
339.5000,728.907,3638.7036,4.992
339.5200,731.224,3651.7327,4.994
339.5400,728.053,3635.8965,4.994
339.5600,733.42,3662.6995,4.994
339.5800,727.199,3628.7227,4.99
339.6000,728.907,3638.7036,4.992
339.6200,728.907,3640.1614,4.994
339.6400,785.868,3923.053,4.992
339.6600,761.108,3800.9731,4.994
339.6800,741.104,3699.5913,4.992
339.7000,754.033,3765.6409,4.994
339.7200,744.032,3717.1836,4.996
339.7400,741.47,3701.4182,4.992
339.7600,739.519,3693.1577,4.994
339.7800,743.788,3714.4773,4.994
339.8000,744.032,3712.7195,4.99
339.8200,740.25,3695.3281,4.992
339.8400,744.763,3719.3464,4.994
339.8600,730.98,3649.0522,4.992
339.8800,727.199,3631.6316,4.994
339.9000,727.077,3628.1143,4.99
339.9200,727.931,3632.3757,4.99
339.9400,729.883,3646.4954,4.996
339.9600,731.712,3651.2427,4.99
339.9800,729.151,3639.9219,4.992
340.0000,727.077,3629.5686,4.992
340.0200,731.956,3655.3882,4.994
340.0400,731.346,3652.342,4.994
340.0600,732.2,3655.1426,4.992
340.0800,733.786,3663.0598,4.992
340.1000,727.443,3632.8503,4.994
340.1200,732.444,3659.29,4.996
340.1400,747.325,3732.1411,4.994
340.1600,734.03,3664.2781,4.992
340.1800,767.694,3833.8638,4.994
340.2000,728.297,3634.2019,4.99
340.2200,731.346,3653.8044,4.996
340.2400,729.151,3638.4634,4.99
340.2600,737.201,3681.5818,4.994
340.2800,727.931,3635.2876,4.994
340.3000,732.2,3653.678,4.99
340.3200,741.47,3704.3838,4.996
340.3400,728.663,3637.4858,4.992
340.3600,733.908,3666.6042,4.996
340.3800,743.666,3710.8933,4.99
340.4000,753.301,3760.4788,4.992
340.4200,729.883,3645.0356,4.994
340.4400,743.666,3710.8933,4.99
340.4600,728.419,3637.7244,4.994
340.4800,733.542,3661.8418,4.992
340.5000,738.543,3689.7607,4.996
340.5200,730.127,3643.3337,4.99
340.5400,732.444,3659.29,4.996
340.5600,739.031,3689.2429,4.992
340.5800,731.224,3648.8076,4.99
340.6000,731.346,3649.4165,4.99
340.6200,737.445,3681.3254,4.992
340.6400,727.199,3630.1772,4.992
340.6600,727.199,3630.1772,4.992
340.6800,728.785,3638.0947,4.992
340.7000,743.056,3707.8494,4.99
340.7200,735.859,3673.4082,4.992
340.7400,733.298,3663.5566,4.996
340.7600,735.128,3669.759,4.992
340.7800,749.764,3744.3213,4.994
340.8000,758.912,3790.0063,4.994
340.8200,704.634,3518.9421,4.994
340.8400,701.951,3504.1394,4.992
340.8600,742.568,3705.4141,4.99
340.8800,738.787,3686.5469,4.99
340.9000,672.922,3361.9182,4.996
340.9200,734.64,3668.7922,4.994
340.9400,749.154,3739.7769,4.992
340.9600,734.884,3668.5408,4.992
340.9800,655.358,3272.8577,4.994
341.0000,733.908,3662.2009,4.99
341.0200,736.469,3676.4534,4.992
341.0400,735.859,3673.4082,4.992
341.0600,731.956,3655.3882,4.994
341.0800,775.378,3869.136,4.99
341.1000,511.186,2556.9524,5.002
341.1200,527.043,2633.1069,4.996
341.1400,487.401,2437.0049,5
341.1600,417.877,2086.042,4.992
341.1800,417.267,2083.8313,4.994
341.2000,539.362,2691.4163,4.99
341.2200,420.804,2102.3367,4.996
341.2400,414.706,2071.0417,4.994
341.2600,415.316,2074.9187,4.996
341.2800,416.535,2081.0088,4.996
341.3000,415.926,2076.3025,4.992
341.3200,415.072,2072.0393,4.992
341.3400,417.145,2081.5535,4.99
341.3600,413.242,2062.0774,4.99
341.3800,412.625,2059.824,4.992
341.4000,429.456,2142.9854,4.99
341.4200,413.6,2065.5183,4.994
341.4400,415.552,2073.6045,4.99
341.4600,414.942,2071.3904,4.992
341.4800,416.04,2076.8718,4.992
341.5000,416.406,2078.6987,4.992
341.5200,417.747,2086.2285,4.994
341.5400,415.918,2077.9263,4.996
341.5600,415.186,2073.439,4.994
341.5800,417.015,2081.739,4.992
341.6000,414.21,2067.7363,4.992
341.6200,414.576,2069.5635,4.992
341.6400,413.608,2066.3855,4.996
341.6600,413.486,2064.1221,4.992
341.6800,415.072,2072.8694,4.994
341.7000,414.218,2068.6045,4.994
341.7200,415.56,2074.4756,4.992
341.7400,419.585,2095.4075,4.994
341.7600,416.535,2080.1758,4.994
341.7800,416.17,2079.1853,4.996
341.8000,413.974,2068.2141,4.996
341.8200,413.852,2065.9492,4.992
341.8400,412.998,2060.8599,4.99
341.8600,412.51,2060.075,4.994
341.8800,417.763,2086.3083,4.994
341.9000,413.616,2063.9438,4.99
341.9200,415.446,2074.7373,4.994
341.9400,415.446,2074.7373,4.994
341.9600,417.153,2082.428,4.992
341.9800,418.373,2088.5181,4.992
342.0000,416.055,2077.7786,4.994
342.0200,414.836,2070.8613,4.992
342.0400,412.884,2061.9426,4.994
342.0600,617.314,3075.4585,4.982
342.0800,432.888,2163.5742,4.998
342.1000,545.959,2726.519,4.994
342.1200,544.373,2717.51,4.992
342.1400,549.851,2745.9561,4.994
342.1600,569.245,2840.5325,4.99
342.1800,418.365,2090.9883,4.998
342.2000,413.12,2063.1213,4.994
342.2200,413.852,2065.9492,4.992
342.2400,414.096,2067.1672,4.992
342.2600,413.608,2064.7312,4.992
342.2800,414.706,2069.3828,4.99
342.3000,415.194,2074.3091,4.996
342.3200,416.414,2078.7388,4.992
342.3400,416.535,2079.3428,4.992
342.3600,416.048,2078.5757,4.996
342.3800,416.292,2078.9622,4.994
342.4000,420.317,2097.3816,4.99
342.4200,414.096,2066.3389,4.99
342.4400,412.51,2060.075,4.994
342.4600,413.852,2065.9492,4.992
342.4800,413.486,2063.2949,4.99
342.5000,414.462,2069.8232,4.994
342.5200,415.316,2074.0881,4.994
342.5400,415.804,2075.6936,4.992
342.5600,417.511,2085.0498,4.994
342.5800,437.393,2184.3406,4.994
342.6000,417.633,2085.6592,4.994
342.6200,417.267,2083.8313,4.994
342.6400,416.292,2078.1296,4.992
342.6600,414.218,2068.6045,4.994
342.6800,414.462,2069.8232,4.994
342.7000,413.974,2067.3862,4.994
342.7200,414.584,2069.6035,4.992
342.7400,414.462,2068.9944,4.992
342.7600,414.096,2068.8235,4.996
342.7800,432.636,2159.719,4.992
342.8000,415.438,2073.8665,4.992
342.8200,417.755,2086.2686,4.994
342.8400,417.755,2086.2686,4.994
342.8600,415.682,2075.916,4.994
342.8800,417.023,2084.281,4.998
342.9000,414.706,2071.0417,4.994
342.9200,413.852,2065.9492,4.992
342.9400,428.489,2139.0171,4.992
342.9600,413.852,2066.7769,4.994
342.9800,414.096,2067.1672,4.992
343.0000,426.903,2131.9536,4.994
343.0200,415.926,2075.4707,4.99
343.0400,416.779,2081.3943,4.994
343.0600,417.389,2082.771,4.99
343.0800,417.145,2084.0564,4.996
343.1000,422.634,2109.7891,4.992
343.1200,536.556,2676.3416,4.988
343.1400,542.045,2705.8887,4.992
343.1600,538.508,2689.3088,4.994
343.1800,419.829,2099.145,5
343.2000,415.072,2072.0393,4.992
343.2200,414.95,2072.2603,4.994
343.2400,414.218,2066.9478,4.99
343.2600,415.682,2076.7473,4.996
343.2800,421.048,2102.7136,4.994
343.3000,424.342,2120.0127,4.996
343.3200,416.901,2081.1699,4.992
343.3400,414.584,2069.6035,4.992
343.3600,413.486,2064.1221,4.992
343.3800,413.486,2064.949,4.994
343.4000,414.828,2070.8215,4.992
343.4200,413.852,2065.9492,4.992
343.4400,413.242,2063.7305,4.994
343.4600,414.218,2068.6045,4.994
343.4800,414.828,2072.4807,4.996
343.5000,416.292,2078.1296,4.992
343.5200,416.901,2082.8374,4.996
343.5400,417.145,2082.3879,4.992
343.5600,419.097,2094.6467,4.998
343.5800,425.927,2127.9312,4.996
343.6000,413.12,2063.9475,4.996
343.6200,412.388,2060.2903,4.996
343.6400,417.267,2082.1621,4.99
343.6600,413.73,2064.5127,4.99
343.6800,413.608,2065.5583,4.994
343.7000,415.438,2073.8665,4.992
343.7200,415.926,2076.3025,4.992
343.7400,415.56,2075.3066,4.994
343.7600,415.682,2076.7473,4.996
343.7800,417.023,2081.7788,4.992
343.8000,416.901,2082.8374,4.996
343.8200,421.536,2104.3079,4.992
343.8400,413.73,2066.9951,4.996
343.8600,413.242,2063.7305,4.994
343.8800,412.876,2061.0771,4.992
343.9000,413.73,2065.3403,4.992
343.9200,413.486,2064.949,4.994
343.9400,414.95,2071.4304,4.992
343.9600,415.56,2074.4756,4.992
343.9800,415.682,2075.916,4.994
344.0000,417.267,2083.8313,4.994
344.0200,416.292,2078.9622,4.994
344.0400,415.316,2073.2576,4.992
344.0600,415.804,2075.6936,4.992
344.0800,413.608,2065.5583,4.994
344.1000,413.608,2064.7312,4.992
344.1200,414.706,2069.3828,4.99
344.1400,415.072,2072.8694,4.994
344.1600,414.828,2069.9917,4.99
344.1800,414.828,2071.6511,4.994
344.2000,415.194,2072.6484,4.992
344.2200,417.267,2083.8313,4.994
344.2400,416.414,2079.5715,4.994
344.2600,416.414,2079.5715,4.994
344.2800,418.121,2088.0962,4.994
344.3000,414.096,2066.3389,4.99
344.3200,413.608,2065.5583,4.994
344.3400,422.878,2111.0071,4.992
344.3600,438.856,2190.769,4.992
344.3800,447.281,2231.9321,4.99
344.4000,434.474,2169.7632,4.994
344.4200,422.398,2109.4556,4.994
344.4400,415.08,2073.7395,4.996
344.4600,415.568,2075.3464,4.994
344.4800,431.302,2153.0596,4.992
344.5000,412.884,2060.291,4.99
344.5200,412.762,2060.5078,4.992
344.5400,415.324,2073.2974,4.992
344.5600,414.592,2069.6433,4.992
344.5800,415.202,2073.5188,4.994
344.6000,415.69,2075.1245,4.992
344.6200,416.665,2079.9917,4.992
344.6400,417.519,2085.0898,4.994
344.6600,417.031,2081.8188,4.992
344.6800,415.812,2077.3967,4.996
344.7000,413.86,2065.1611,4.99
344.7200,413.006,2060.074,4.988
344.7400,413.982,2066.5981,4.992
344.7600,414.47,2068.2053,4.99
344.7800,414.226,2067.8164,4.992
344.8000,415.08,2072.9094,4.994
344.8200,415.446,2073.9065,4.992
344.8400,422.764,2109.5923,4.99
344.8600,424.838,2121.6411,4.994
344.8800,439.466,2192.9353,4.99
344.9000,423.122,2112.2251,4.992
344.9200,444.833,2218.8269,4.988
344.9400,760.742,3790.0166,4.982
344.9600,736.957,3677.415,4.99
344.9800,734.396,3663.1672,4.988
345.0000,738.421,3686.1978,4.992
345.0200,737.445,3682.8003,4.994
345.0400,742.446,3706.2905,4.992
345.0600,742.08,3705.9475,4.994
345.0800,742.69,3707.5085,4.992
345.1000,753.423,3764.1011,4.996
345.1200,845.391,4218.501,4.99
345.1400,1002.735,4995.6255,4.982
345.1600,1028.349,5129.4048,4.988
345.1800,1025.788,5120.7334,4.992
345.2000,1023.958,5109.5503,4.99
345.2200,1024.934,5116.4702,4.992
345.2400,1029.447,5136.9404,4.99
345.2600,736.591,3685.9016,5.004
345.2800,741.348,3705.2576,4.998
345.3000,745.251,3720.293,4.992
345.3200,739.519,3694.6367,4.996
345.3400,753.057,3760.7666,4.994
345.3600,743.422,3709.6755,4.99
345.3800,777.711,3880.7776,4.99
345.4000,740.874,3699.9248,4.994
345.4200,764.903,3818.396,4.992
345.4400,749.534,3743.1729,4.994
345.4600,759.049,3790.6907,4.994
345.4800,748.681,3737.4158,4.992
345.5000,740.386,3697.4875,4.994
345.5200,746.973,3730.3833,4.994
345.5400,739.289,3692.0093,4.994
345.5600,767.343,3829.0415,4.99
345.5800,747.827,3733.1526,4.992
345.6000,740.02,3697.1399,4.996
345.6200,739.655,3692.3579,4.992
345.6400,820.768,4093.9907,4.988
345.6600,746.363,3728.8293,4.996
345.6800,752.34,3757.186,4.994
345.7000,748.681,3738.9131,4.994
345.7200,752.218,3756.5767,4.994
345.7400,742.46,3706.3606,4.992
345.7600,739.411,3691.1399,4.992
345.7800,755.145,3769.6841,4.992
345.8000,998.607,4975.0601,4.982
345.8200,1030.9301,5138.1558,4.984
345.8400,1022.636,5104.999,4.992
345.8600,1022.392,5105.8257,4.994
345.8800,1048.495,5236.1841,4.994
345.9000,1040.078,5192.0693,4.992
345.9200,754.17,3773.8667,5.004
345.9400,740.752,3700.7969,4.996
345.9600,736.849,3679.824,4.994
345.9800,737.093,3679.5684,4.992
346.0000,743.802,3714.5471,4.994
346.0200,738.801,3689.5723,4.994
346.0400,734.41,3667.6433,4.994
346.0600,708.551,3539.9209,4.996
346.0800,753.072,3760.8416,4.994
346.1000,732.946,3661.7981,4.996
346.1200,752.34,3757.186,4.994
346.1400,755.877,3773.3381,4.992
346.1600,745.997,3727.001,4.996
346.1800,750.022,3744.1099,4.992
346.2000,751.974,3752.3501,4.99
346.2200,753.438,3761.1626,4.992
346.2400,744.899,3721.5151,4.996
346.2600,751.608,3753.5303,4.994
346.2800,750.51,3746.5461,4.992
346.3000,753.682,3765.3953,4.996
346.3200,750.51,3746.5461,4.992
346.3400,747.461,3732.8203,4.994
346.3600,751.974,3752.3501,4.99
346.3800,755.389,3772.4126,4.994
346.4000,751.242,3751.7026,4.994
346.4200,751.974,3753.8542,4.992
346.4400,744.046,3714.2778,4.992
346.4600,747.095,3730.9922,4.994
346.4800,758.683,3788.8628,4.994
346.5000,744.046,3714.2778,4.992
346.5200,748.559,3735.3093,4.99
346.5400,746.241,3728.22,4.996
346.5600,738.069,3682.9641,4.99
346.5800,750.876,3749.8745,4.994
346.6000,747.095,3732.4863,4.996
346.6200,742.216,3706.6267,4.994
346.6400,735.385,3669.571,4.99
346.6600,743.558,3714.8154,4.996
346.6800,754.17,3767.833,4.996
346.7000,748.559,3736.8066,4.992
346.7200,737.215,3680.1775,4.992
346.7400,735.873,3674.9497,4.994
346.7600,733.556,3663.3789,4.994
346.7800,728.433,3636.3376,4.992
346.8000,730.628,3648.7561,4.994
346.8200,726.481,3628.0461,4.994
346.8400,725.262,3620.5081,4.992
346.8600,718.919,3590.2815,4.994
346.8800,724.896,3618.6809,4.992
346.9000,721.236,3600.4104,4.992
346.9200,737.581,3684.9546,4.996
346.9400,729.775,3645.9558,4.996
346.9600,724.774,3618.0718,4.992
346.9800,721.236,3601.8528,4.994
347.0000,737.459,3679.9202,4.99
347.0200,733.068,3660.9414,4.994
347.0400,751.12,3751.0933,4.994
347.0600,743.802,3713.0596,4.992
347.0800,737.947,3686.7832,4.996
347.1000,735.385,3672.5127,4.994
347.1200,748.315,3735.5886,4.992
347.1400,734.898,3668.6108,4.992
347.1600,742.826,3711.1584,4.996
347.1800,731.238,3648.8774,4.99
347.2000,732.336,3657.2859,4.994
347.2200,734.044,3664.3477,4.992
347.2400,739.898,3693.571,4.992
347.2600,735.507,3673.1221,4.994
347.2800,732.58,3658.5046,4.994
347.3000,739.167,3689.9216,4.992
347.3200,728.799,3639.6223,4.994
347.3400,740.752,3697.8342,4.992
347.3600,730.75,3647.9041,4.992
347.3800,731.374,3651.0193,4.992
347.4000,741.742,3704.2595,4.994
347.4200,730.398,3646.147,4.992
347.4400,733.204,3661.6206,4.994
347.4600,732.228,3656.7468,4.994
347.4800,733.57,3661.9814,4.992
347.5000,730.276,3645.5378,4.992
347.5200,730.764,3647.9739,4.992
347.5400,731.984,3655.5281,4.994
347.5600,730.276,3646.9983,4.994
347.5800,733.57,3664.9155,4.996
347.6000,729.422,3642.7334,4.994
347.6200,733.57,3663.4485,4.994
347.6400,735.263,3670.4329,4.992
347.6600,729.775,3644.4963,4.994
347.6800,734.044,3664.3477,4.992
347.7000,728.677,3637.5557,4.992
347.7200,790.03,3943.8301,4.992
347.7400,751.608,3753.5303,4.994
347.7600,742.582,3706.9692,4.992
347.7800,741.484,3702.9712,4.994
347.8000,741.606,3702.0974,4.992
347.8200,745.387,3720.9722,4.992
347.8400,744.29,3716.9841,4.994
347.8600,742.582,3705.4839,4.99
347.8800,745.983,3725.439,4.994
347.9000,749.642,3743.7122,4.994
347.9200,748.179,3736.406,4.994
347.9400,731.834,3653.3154,4.992
347.9600,733.542,3663.3086,4.994
347.9800,744.519,3718.1277,4.994
348.0000,732.932,3660.2625,4.994
348.0200,734.762,3669.4016,4.994
348.0400,744.641,3717.2478,4.992
348.0600,734.152,3667.8232,4.996
348.0800,757.205,3778.4529,4.99
348.1000,753.789,3762.9148,4.992
348.1200,728.541,3638.3337,4.994
348.1400,739.519,3691.679,4.992
348.1600,746.471,3727.8762,4.994
348.1800,732.2,3656.6069,4.994
348.2000,736.469,3677.926,4.994
348.2200,746.593,3724.0059,4.988
348.2400,732.322,3657.2161,4.994
348.2600,731.712,3654.1697,4.994
348.2800,745.495,3720.0198,4.99
348.3000,731.59,3655.0237,4.996
348.3200,732.688,3657.5786,4.992
348.3400,735.25,3671.8384,4.994
348.3600,729.395,3641.1399,4.992
348.3800,740.25,3695.3281,4.992
348.4000,730.127,3643.3337,4.99
348.4200,730.005,3644.1851,4.992
348.4400,737.445,3684.2751,4.996
348.4600,730.127,3644.7942,4.992
348.4800,745.739,3722.7292,4.992
348.5000,727.443,3631.3955,4.992
348.5200,735.25,3673.3088,4.996
348.5400,730.005,3644.1851,4.992
348.5600,747.081,3730.9224,4.994
348.5800,726.711,3629.1946,4.994
348.6000,741.592,3703.5103,4.994
348.6200,726.346,3627.3718,4.994
348.6400,736.117,3676.1682,4.994
348.6600,729.409,3639.7507,4.99
348.6800,728.677,3637.5557,4.992
348.7000,731.726,3655.7031,4.996
348.7200,725.383,3621.1121,4.992
348.7400,733.922,3666.6741,4.996
348.7600,725.993,3627.0608,4.996
348.7800,731.482,3651.5581,4.992
348.8000,737.459,3681.3953,4.992
348.8200,736.117,3676.1682,4.994
348.8400,738.923,3690.1814,4.994
348.8600,755.389,3767.8801,4.988
348.8800,755.633,3773.6311,4.994
348.9000,700.989,3502.1409,4.996
348.9200,707.209,3531.8018,4.994
348.9400,742.826,3709.6729,4.994
348.9600,744.656,3718.812,4.994
348.9800,664.518,3322.5901,5
349.0000,735.263,3670.4329,4.992
349.0200,750.51,3746.5461,4.992
349.0400,734.044,3662.8794,4.99
349.0600,672.324,3360.2754,4.998
349.0800,739.898,3693.571,4.992
349.1000,729.897,3643.6458,4.992
349.1200,741.118,3701.1431,4.994
349.1400,741.348,3700.8093,4.992
349.1600,777.086,3879.2134,4.992
349.1800,543.143,2713.5422,4.996
349.2000,513.382,2565.8833,4.998
349.2200,538.996,2689.5898,4.99
349.2400,418.609,2090.5334,4.994
349.2600,419.097,2093.8083,4.996
349.2800,540.338,2696.2866,4.99
349.3000,537.532,2681.2095,4.988
349.3200,537.41,2681.6755,4.99
349.3400,413.608,2068.04,5
349.3600,413.852,2065.9492,4.992
349.3800,413.6,2064.6912,4.992
349.4000,413.478,2064.9092,4.994
349.4200,414.332,2067.5166,4.99
349.4400,414.698,2071.0017,4.994
349.4600,417.625,2086.4543,4.996
349.4800,414.698,2072.6606,4.998
349.5000,416.162,2079.1453,4.996
349.5200,417.137,2083.1821,4.994
349.5400,417.625,2085.6191,4.994
349.5600,417.625,2086.4543,4.996
349.5800,414.942,2072.2202,4.994
349.6000,413.966,2065.6902,4.99
349.6200,419.333,2094.1489,4.994
349.6400,415.438,2073.8665,4.992
349.6600,413.486,2064.1221,4.992
349.6800,413.852,2065.1213,4.99
349.7000,415.072,2072.0393,4.992
349.7200,415.316,2073.2576,4.992
349.7400,416.657,2078.2852,4.988
349.7600,417.023,2083.4468,4.996
349.7800,419.097,2092.1321,4.992
349.8000,415.804,2077.3567,4.996
349.8200,415.682,2075.0847,4.992
349.8400,414.218,2068.6045,4.994
349.8600,413.608,2064.7312,4.992
349.8800,413.364,2063.5132,4.992
349.9000,414.462,2069.8232,4.994
349.9200,413.486,2064.1221,4.992
349.9400,414.706,2069.3828,4.99
349.9600,414.34,2069.2139,4.994
349.9800,552.413,2753.2266,4.984
350.0000,554.852,2769.8213,4.992
350.0200,424.83,2123.3003,4.998
350.0400,419.585,2097.0859,4.998
350.0600,417.877,2086.042,4.992
350.0800,416.17,2078.353,4.994
350.1000,416.414,2079.5715,4.994
350.1200,413.73,2066.9951,4.996
350.1400,414.462,2068.9944,4.992
350.1600,414.218,2066.9478,4.99
350.1800,414.462,2068.9944,4.992
350.2000,415.072,2072.8694,4.994
350.2200,414.218,2067.7761,4.992
350.2400,415.56,2075.3066,4.994
350.2600,415.682,2075.0847,4.992
350.2800,417.145,2084.0564,4.996
350.3000,433.612,2163.7239,4.99
350.3200,416.292,2079.7947,4.996
350.3400,416.292,2078.1296,4.992
350.3600,412.876,2061.0771,4.992
350.3800,414.34,2067.5564,4.99
350.4000,413.73,2065.3403,4.992
350.4200,413.242,2062.9041,4.992
350.4400,413.974,2066.5583,4.992
350.4600,415.072,2072.0393,4.992
350.4800,415.316,2073.2576,4.992
350.5000,415.194,2073.4788,4.994
350.5200,416.048,2077.7437,4.994
350.5400,417.267,2082.9968,4.992
350.5600,416.657,2079.9519,4.992
350.5800,416.048,2078.5757,4.996
350.6000,415.072,2072.8694,4.994
350.6200,413.974,2065.7302,4.99
350.6400,428.237,2138.6155,4.994
350.6600,412.503,2059.2151,4.992
350.6800,415.308,2074.0481,4.994
350.7000,413.356,2063.4731,4.992
350.7200,414.576,2071.2217,4.996
350.7400,414.942,2072.2202,4.994
350.7600,417.015,2081.739,4.992
350.7800,428.969,2142.2712,4.994
350.8000,432.75,2161.1536,4.994
350.8200,416.65,2079.9167,4.992
350.8400,414.332,2067.5166,4.99
350.8600,414.21,2067.7363,4.992
350.8800,414.21,2067.7363,4.992
350.9000,413.478,2064.0823,4.992
350.9200,413.478,2063.2551,4.99
350.9400,414.454,2070.6121,4.996
350.9600,414.454,2068.9543,4.992
350.9800,415.064,2072.8296,4.994
351.0000,416.162,2078.313,4.994
351.0200,416.406,2079.5315,4.994
351.0400,417.015,2082.573,4.994
351.0600,418.235,2088.6655,4.994
351.0800,416.284,2078.9224,4.994
351.1000,413.6,2063.864,4.99
351.1200,413.112,2062.2551,4.992
351.1400,414.82,2070.7815,4.992
351.1600,538.864,2686.7761,4.986
351.1800,417.503,2085.01,4.994
351.2000,417.015,2082.573,4.994
351.2200,414.82,2072.4407,4.996
351.2400,414.698,2071.8311,4.996
351.2600,413.478,2063.2551,4.99
351.2800,413.6,2065.5183,4.994
351.3000,419.333,2093.3103,4.992
351.3200,415.918,2076.2627,4.992
351.3400,415.918,2075.4307,4.99
351.3600,416.284,2078.0898,4.992
351.3800,431.896,2155.1609,4.99
351.4000,441.41,2203.5188,4.992
351.4200,437.506,2184.905,4.994
351.4400,425.797,2125.5786,4.992
351.4600,421.284,2103.8923,4.994
351.4800,414.942,2071.3904,4.992
351.5000,414.942,2072.2202,4.994
351.5200,416.893,2081.1299,4.992
351.5400,415.308,2074.0481,4.994
351.5600,416.406,2079.5315,4.994
351.5800,417.381,2084.4006,4.994
351.6000,417.869,2086.8376,4.994
351.6200,422.016,2106.7039,4.992
351.6400,417.137,2082.3479,4.992
351.6600,414.332,2070.0027,4.996
351.6800,413.6,2065.5183,4.994
351.7000,413.478,2064.0823,4.992
351.7200,413.356,2064.2998,4.994
351.7400,414.576,2069.5635,4.992
351.7600,414.698,2070.1724,4.992
351.7800,415.308,2074.0481,4.994
351.8000,416.406,2079.5315,4.994
351.8200,425.065,2122.7747,4.994
351.8400,424.944,2120.4705,4.99
351.8600,424.7,2121.8013,4.996
351.8800,424.578,2119.4934,4.992
351.9000,416.414,2081.2373,4.998
351.9200,421.048,2103.5557,4.996
351.9400,416.535,2080.1758,4.994
351.9600,415.438,2075.5281,4.996
351.9800,413.242,2062.9041,4.992
352.0000,420.195,2098.4539,4.994
352.0200,413.242,2063.7305,4.994
352.0400,414.584,2068.7742,4.99
352.0600,414.462,2069.8232,4.994
352.0800,417.511,2085.0498,4.994
352.1000,415.804,2076.5251,4.994
352.1200,416.17,2078.353,4.994
352.1400,420.195,2096.7729,4.99
352.1600,416.17,2078.353,4.994
352.1800,417.511,2085.0498,4.994
352.2000,417.145,2083.2222,4.994
352.2200,414.584,2070.4326,4.994
352.2400,413.852,2065.9492,4.992
352.2600,413.242,2062.9041,4.992
352.2800,413.852,2066.7769,4.994
352.3000,414.584,2069.6035,4.992
352.3200,413.852,2065.1213,4.99
352.3400,415.804,2076.5251,4.994
352.3600,415.438,2075.5281,4.996
352.3800,416.657,2079.9519,4.992
352.4000,417.259,2082.957,4.992
352.4200,416.528,2080.1409,4.994
352.4400,417.015,2082.573,4.994
352.4600,417.015,2083.407,4.996
352.4800,416.04,2077.7039,4.994
352.5000,413.112,2062.2551,4.992
352.5200,413.844,2067.5645,4.996
352.5400,412.99,2061.646,4.992
352.5600,414.576,2069.5635,4.992
352.5800,414.454,2068.9543,4.992
352.6000,415.796,2075.6536,4.992
352.6200,416.284,2077.2571,4.99
352.6400,416.292,2078.9622,4.994
352.6600,417.023,2081.7788,4.992
352.6800,416.414,2079.5715,4.994
352.7000,417.023,2081.7788,4.992
352.7200,416.17,2077.5208,4.992
352.7400,414.828,2071.6511,4.994
352.7600,413.974,2065.7302,4.99
352.7800,414.462,2069.8232,4.994
352.8000,413.852,2066.7769,4.994
352.8200,414.584,2069.6035,4.992
352.8400,414.34,2067.5564,4.99
352.8600,415.682,2075.916,4.994
352.8800,416.414,2080.4043,4.996
352.9000,415.926,2076.3025,4.992
352.9200,416.779,2080.5608,4.992
352.9400,416.779,2083.0615,4.998
352.9600,416.048,2076.9116,4.992
352.9800,415.072,2072.8694,4.994
353.0000,414.218,2068.6045,4.994
353.0200,413.974,2065.7302,4.99
353.0400,414.34,2069.2139,4.994
353.0600,414.34,2068.3853,4.992
353.0800,415.072,2072.0393,4.992
353.1000,415.194,2072.6484,4.992
353.1200,414.218,2068.6045,4.994
353.1400,416.414,2078.7388,4.992
353.1600,417.023,2083.4468,4.996
353.1800,538.142,2684.2524,4.988
353.2000,540.825,2697.635,4.988
353.2200,414.096,2068.8235,4.996
353.2400,413.852,2065.9492,4.992
353.2600,413.974,2068.2141,4.996
353.2800,433.002,2162.4121,4.994
353.3000,416.657,2079.9519,4.992
353.3200,417.267,2084.6658,4.996
353.3400,416.901,2082.8374,4.996
353.3600,434.587,2168.5891,4.99
353.3800,428.733,2141.0925,4.994
353.4000,415.08,2072.0793,4.992
353.4200,425.326,2124.0779,4.994
353.4400,412.884,2061.1169,4.992
353.4600,413.86,2065.989,4.992
353.4800,413.982,2066.5981,4.992
353.5000,414.592,2068.814,4.99
353.5200,414.592,2070.4724,4.994
353.5400,415.568,2075.3464,4.994
353.5600,416.421,2079.6064,4.994
353.5800,417.519,2085.9248,4.996
353.6000,416.665,2079.9917,4.992
353.6200,415.324,2074.1282,4.994
353.6400,415.804,2076.5251,4.994
353.6600,413.242,2062.0774,4.99
353.6800,414.462,2068.9944,4.992
353.7000,412.876,2060.2512,4.99
353.7200,413.73,2064.5127,4.99
353.7400,421.902,2107.8223,4.996
353.7600,415.56,2074.4756,4.992
353.7800,416.17,2078.353,4.994
353.8000,422.634,2110.6343,4.994
353.8200,416.901,2082.0037,4.994
353.8400,417.023,2081.7788,4.992
353.8600,415.804,2075.6936,4.992
353.8800,414.584,2069.6035,4.992
353.9000,415.064,2071.9995,4.992
353.9200,413.356,2064.2998,4.994
353.9400,413.478,2063.2551,4.99
353.9600,414.088,2067.1274,4.992
353.9800,413.966,2067.3462,4.994
354.0000,414.82,2070.7815,4.992
354.0200,415.064,2072.8296,4.994
354.0400,416.65,2080.75,4.994
354.0600,416.893,2080.2959,4.99
354.0800,416.772,2081.3594,4.994
354.1000,415.674,2075.876,4.994
354.1200,415.552,2074.4355,4.992
354.1400,425.919,2126.1877,4.992
354.1600,414.698,2070.1724,4.992
354.1800,413.234,2063.6907,4.994
354.2000,413.478,2064.0823,4.992
354.2200,414.698,2070.1724,4.992
354.2400,414.21,2068.5647,4.994
354.2600,414.21,2066.9077,4.99
354.2800,416.284,2078.9224,4.994
354.3000,417.381,2083.5662,4.992
354.3200,422.87,2111.8127,4.994
354.3400,417.137,2083.1821,4.994
354.3600,415.308,2074.8787,4.996
354.3800,426.041,2126.7966,4.992
354.4000,414.706,2071.0417,4.994
354.4200,413.486,2063.2949,4.99
354.4400,414.34,2068.3853,4.992
354.4600,413.73,2066.1677,4.994
354.4800,413.608,2063.9038,4.99
354.5000,414.096,2067.1672,4.992
354.5200,416.414,2079.5715,4.994
354.5400,415.804,2076.5251,4.994
354.5600,417.389,2084.4407,4.994
354.5800,417.755,2086.2686,4.994
354.6000,416.292,2079.7947,4.996
354.6200,415.56,2075.3066,4.994
354.6400,415.682,2076.7473,4.996
354.6600,413.73,2065.3403,4.992
354.6800,412.632,2061.5093,4.996
354.7000,414.34,2068.3853,4.992
354.7200,413.974,2067.3862,4.994
354.7400,415.316,2074.9187,4.996
354.7600,415.804,2077.3567,4.996
354.7800,415.682,2075.0847,4.992
354.8000,416.292,2078.1296,4.992
354.8200,417.267,2083.8313,4.994
354.8400,419.829,2096.626,4.994
354.8600,415.194,2072.6484,4.992
354.8800,414.34,2068.3853,4.992
354.9000,414.462,2069.8232,4.994
354.9200,413.852,2066.7769,4.994
354.9400,413.242,2062.0774,4.99
354.9600,414.584,2068.7742,4.99
354.9800,414.95,2070.6006,4.99
355.0000,415.682,2075.916,4.994
355.0200,416.901,2081.1699,4.992
355.0400,416.048,2078.5757,4.996
355.0600,417.999,2086.6511,4.992
355.0800,417.023,2081.7788,4.992
355.1000,415.316,2074.0881,4.994
355.1200,414.218,2069.4331,4.996
355.1400,419.219,2093.5796,4.994
355.1600,413.852,2065.9492,4.992
355.1800,489.597,2442.1096,4.988
355.2000,439.1,2193.7437,4.996
355.2200,417.877,2087.7134,4.996
355.2400,416.535,2081.842,4.998
355.2600,416.048,2079.408,4.998
355.2800,415.194,2073.4788,4.994
355.3000,414.096,2067.1672,4.992
355.3200,413.486,2063.2949,4.99
355.3400,414.462,2068.9944,4.992
355.3600,424.708,2120.9917,4.994
355.3800,423.122,2113.0713,4.994
355.4000,415.194,2073.4788,4.994
355.4200,414.462,2068.9944,4.992
355.4400,415.56,2075.3066,4.994
355.4600,422.878,2111.0071,4.992
355.4800,421.902,2106.9785,4.994
355.5000,421.902,2106.9785,4.994
355.5200,423.61,2114.6611,4.992
355.5400,417.755,2087.104,4.996
355.5600,417.633,2085.6592,4.994
355.5800,416.657,2080.7852,4.994
355.6000,415.926,2076.3025,4.992
355.6200,413.12,2062.2952,4.992
355.6400,412.754,2060.468,4.992
355.6600,413.852,2065.1213,4.99
355.6800,414.096,2066.3389,4.99
355.7000,414.462,2068.9944,4.992
355.7200,414.34,2069.2139,4.994
355.7400,415.804,2076.5251,4.994
355.7600,415.926,2076.3025,4.992
355.7800,416.414,2078.7388,4.992
355.8000,417.633,2083.9885,4.99
355.8200,417.023,2084.281,4.998
355.8400,415.926,2077.1345,4.994
355.8600,412.754,2061.2935,4.994
355.8800,413.73,2065.3403,4.992
355.9000,412.868,2061.8628,4.994
355.9200,413.722,2065.3003,4.992
355.9400,414.698,2071.0017,4.994
355.9600,415.552,2076.0977,4.996
355.9800,432.262,2157.8518,4.992
356.0000,416.65,2079.9167,4.992
356.0200,416.893,2081.9636,4.994
356.0400,431.774,2155.4158,4.992
356.0600,416.406,2080.3643,4.996
356.0800,414.698,2071.0017,4.994
356.1000,413.6,2065.5183,4.994
356.1200,427.383,2134.3506,4.994
356.1400,421.406,2104.5015,4.994
356.1600,411.527,2054.3428,4.992
356.1800,412.503,2059.2151,4.992
356.2000,414.82,2070.7815,4.992
356.2200,414.82,2070.7815,4.992
356.2400,415.552,2075.2666,4.994
356.2600,414.088,2067.9556,4.994
356.2800,415.552,2074.4355,4.992
356.3000,417.869,2087.6733,4.996
356.3200,417.137,2083.1821,4.994
356.3400,414.576,2069.5635,4.992
356.3600,418.113,2087.2202,4.992
356.3800,418.845,2090.8743,4.992
356.4000,413.852,2066.7769,4.994
356.4200,414.096,2067.9954,4.994
356.4400,414.95,2071.4304,4.992
356.4600,413.974,2067.3862,4.994
356.4800,414.584,2070.4326,4.994
356.5000,423.732,2116.1177,4.994
356.5200,417.755,2085.4331,4.992
356.5400,417.755,2086.2686,4.994
356.5600,414.096,2067.9954,4.994
356.5800,412.632,2059.8589,4.992
356.6000,412.144,2056.5986,4.99
356.6200,413.974,2068.2141,4.996
356.6400,412.876,2061.0771,4.992
356.6600,412.144,2057.4229,4.992
356.6800,417.999,2086.6511,4.992
356.7000,415.804,2075.6936,4.992
356.7200,415.682,2075.916,4.994
356.7400,416.779,2082.2278,4.996
356.7600,415.56,2076.1377,4.996
356.7800,415.804,2076.5251,4.994
356.8000,414.34,2069.2139,4.994
356.8200,413.73,2064.5127,4.99
356.8400,413.12,2063.1213,4.994
356.8600,411.779,2056.4243,4.994
356.8800,413.242,2062.9041,4.992
356.9000,414.454,2070.6121,4.996
356.9200,415.186,2072.6086,4.992
356.9400,415.918,2075.4307,4.99
356.9600,414.698,2071.0017,4.994
356.9800,416.284,2079.7549,4.996
357.0000,417.747,2085.3931,4.992
357.0200,419.577,2095.3674,4.994
357.0400,413.356,2065.1265,4.996
357.0600,412.503,2060.04,4.994
357.0800,412.503,2059.2151,4.992
357.1000,414.942,2070.5603,4.99
357.1200,415.43,2073.8267,4.992
357.1400,607.899,3028.5527,4.982
357.1600,433.969,2169.845,5
357.1800,416.65,2082.4167,4.998
357.2000,541.181,2700.4932,4.99
357.2200,539.352,2690.2876,4.988
357.2400,417.747,2087.8997,4.998
357.2600,418.601,2090.4934,4.994
357.2800,412.137,2057.3879,4.992
357.3000,413.6,2063.864,4.99
357.3200,416.528,2080.1409,4.994
357.3400,413.722,2065.3003,4.992
357.3600,413.112,2062.2551,4.992
357.3800,414.332,2069.1741,4.994
357.4000,416.284,2079.7549,4.996
357.4200,417.137,2083.1821,4.994
357.4400,417.869,2087.6733,4.996
357.4600,416.284,2078.9224,4.994
357.4800,415.43,2075.4883,4.996
357.5000,414.21,2067.7363,4.992
357.5200,413.722,2066.9551,4.996
357.5400,414.21,2068.5647,4.994
357.5600,411.527,2055.1658,4.994
357.5800,413.234,2062.0376,4.99
357.6000,413.234,2062.8643,4.992
357.6200,414.454,2069.7832,4.994
357.6400,414.576,2070.3926,4.994
357.6600,415.064,2072.8296,4.994
357.6800,416.406,2080.3643,4.996
357.7000,414.698,2071.0017,4.994
357.7200,413.478,2064.9092,4.994
357.7400,412.259,2057.9971,4.992
357.7600,411.283,2052.302,4.99
357.7800,412.503,2058.3899,4.99
357.8000,413.966,2064.8623,4.988
357.8200,413.844,2065.0815,4.99
357.8400,414.21,2069.3931,4.996
357.8600,415.186,2074.2693,4.996
357.8800,415.674,2075.0447,4.992
357.9000,424.708,2119.293,4.99
357.9200,413.974,2067.3862,4.994
357.9400,411.779,2053.9536,4.988
357.9600,412.51,2059.25,4.992
357.9800,412.266,2057.2073,4.99
358.0000,412.754,2061.2935,4.994
358.0200,413.974,2067.3862,4.994
358.0400,414.096,2066.3389,4.99
358.0600,416.292,2079.7947,4.996
358.0800,415.194,2072.6484,4.992
358.1000,415.438,2073.8665,4.992
358.1200,413.486,2064.949,4.994
358.1400,432.27,2157.8918,4.992
358.1600,413.486,2064.1221,4.992
358.1800,426.415,2127.8108,4.99
358.2000,411.901,2056.21,4.992
358.2200,412.51,2058.4248,4.99
358.2400,413.608,2065.5583,4.994
358.2600,414.34,2068.3853,4.992
358.2800,415.56,2075.3066,4.994
358.3000,416.292,2078.9622,4.994
358.3200,415.072,2072.8694,4.994
358.3400,413.73,2066.1677,4.994
358.3600,410.925,2052.1594,4.994
358.3800,412.632,2060.6841,4.994
358.4000,411.779,2056.4243,4.994
358.4200,421.78,2104.6821,4.99
358.4400,437.515,2182.325,4.988
358.4600,440.076,2195.979,4.99
358.4800,417.999,2086.6511,4.992
358.5000,417.877,2085.2063,4.99
358.5200,411.657,2055.8152,4.994
358.5400,412.144,2058.2471,4.994
358.5600,412.754,2060.468,4.992
358.5800,414.34,2067.5564,4.99
358.6000,414.462,2068.9944,4.992
358.6200,414.95,2073.0901,4.996
358.6400,414.584,2068.7742,4.99
358.6600,416.414,2080.4043,4.996
358.6800,426.781,2130.4907,4.992
358.7000,413.974,2067.3862,4.994
358.7200,412.266,2058.032,4.992
358.7400,411.779,2055.6008,4.992
358.7600,411.291,2053.1646,4.992
358.7800,412.998,2060.0339,4.988
358.8000,430.928,2149.469,4.988
358.8200,427.269,2132.927,4.992
358.8400,421.902,2106.1348,4.992
358.8600,421.658,2104.9167,4.992
358.8800,421.658,2105.76,4.994
358.9000,413.364,2063.5132,4.992
358.9200,414.34,2069.2139,4.994
358.9400,414.706,2071.0417,4.994
358.9600,415.926,2077.1345,4.994
358.9800,420.561,2100.2817,4.994
359.0000,412.876,2061.0771,4.992
359.0200,412.266,2056.3828,4.988
359.0400,412.266,2058.032,4.992
359.0600,412.51,2059.25,4.992
359.0800,413.974,2066.5583,4.992
359.1000,414.584,2069.6035,4.992
359.1200,414.584,2070.4326,4.994
359.1400,413.486,2065.7759,4.996
359.1600,416.048,2076.9116,4.992
359.1800,414.95,2072.2603,4.994
359.2000,422.024,2108.4316,4.996
359.2200,415.316,2074.9187,4.996
359.2400,416.048,2078.5757,4.996
359.2600,414.584,2070.4326,4.994
359.2800,413.608,2065.5583,4.994
359.3000,411.657,2054.1685,4.99
359.3200,411.535,2054.3828,4.992
359.3400,411.657,2056.6384,4.996
359.3600,412.51,2060.075,4.994
359.3800,413.242,2063.7305,4.994
359.4000,414.096,2067.1672,4.992
359.4200,414.34,2069.2139,4.994
359.4400,414.95,2072.2603,4.994
359.4600,415.682,2076.7473,4.996
359.4800,414.462,2070.6521,4.996
359.5000,413.73,2065.3403,4.992
359.5200,411.535,2055.2058,4.994
359.5400,412.51,2058.4248,4.99
359.5600,412.876,2062.7285,4.996
359.5800,416.292,2078.9622,4.994
359.6000,413.974,2065.7302,4.99
359.6200,416.292,2078.1296,4.992
359.6400,413.73,2066.9951,4.996
359.6600,414.584,2070.4326,4.994
359.6800,415.194,2071.8179,4.99
359.7000,423.854,2116.7268,4.994
359.7200,418.487,2089.9241,4.994
359.7400,413.242,2063.7305,4.994
359.7600,412.022,2056.814,4.992
359.7800,412.51,2059.25,4.992
359.8000,420.317,2097.3816,4.99
359.8200,420.439,2098.8315,4.992
359.8400,419.707,2096.0168,4.994
359.8600,419.707,2095.1775,4.992
359.8800,421.17,2102.4807,4.992
359.9000,412.388,2059.4656,4.994
359.9200,413.242,2063.7305,4.994
359.9400,415.926,2076.3025,4.992
359.9600,416.414,2078.7388,4.992
359.9800,414.95,2073.0901,4.996
360.0000,413.242,2062.0774,4.99
360.0200,411.291,2053.1646,4.992
360.0400,412.51,2059.25,4.992
360.0600,412.266,2058.032,4.992
360.0800,419.463,2093.1204,4.99
360.1000,413.364,2064.3398,4.994
360.1200,413.486,2064.949,4.994
360.1400,414.584,2070.4326,4.994
360.1600,414.218,2067.7761,4.992
360.1800,416.17,2078.353,4.994
360.2000,416.535,2080.1758,4.994
360.2200,414.34,2070.0425,4.996
360.2400,414.706,2070.2124,4.992
360.2600,413.608,2064.7312,4.992
360.2800,411.413,2052.9507,4.99
360.3000,412.266,2058.8564,4.994
360.3200,413.852,2066.7769,4.994
360.3400,413.974,2066.5583,4.992
360.3600,413.852,2067.6045,4.996
360.3800,415.56,2075.3066,4.994
360.4000,416.292,2078.9622,4.994
360.4200,426.781,2130.4907,4.992
360.4400,414.218,2069.4331,4.996
360.4600,412.266,2058.8564,4.994
360.4800,413.364,2063.5132,4.992
360.5000,412.998,2061.686,4.992
360.5200,412.754,2061.2935,4.994
360.5400,438.856,2189.8914,4.99
360.5600,440.198,2197.4685,4.992
360.5800,439.954,2196.2505,4.992
360.6000,442.028,2206.604,4.992
360.6200,442.028,2208.3718,4.996
360.6400,442.028,2207.4878,4.994
360.6600,441.052,2201.7317,4.992
360.6800,440.442,2199.5671,4.994
360.7000,440.686,2199.9045,4.992
360.7200,439.954,2197.1304,4.994
360.7400,439.344,2192.3264,4.99
360.7600,441.906,2206.8787,4.994
360.7800,442.394,2208.4309,4.992
360.8000,442.76,2212.0288,4.996
360.8200,443.247,2213.5754,4.994
360.8400,440.686,2199.9045,4.992
360.8600,441.296,2202.9497,4.992
360.8800,441.174,2200.5759,4.988
360.9000,440.198,2197.4685,4.992
360.9200,441.052,2203.4956,4.996
360.9400,443.369,2215.0713,4.996
360.9600,450.932,2251.0527,4.992
360.9800,441.784,2206.2693,4.994
361.0000,443.003,2211.4709,4.992
361.0200,440.442,2197.8054,4.99
361.0400,440.076,2195.979,4.99
361.0600,438.491,2188.947,4.992
361.0800,440.076,2196.8594,4.992
361.1000,443.613,2214.5161,4.992
361.1200,443.125,2212.0801,4.992
361.1400,442.882,2211.7527,4.994
361.1600,440.564,2200.1765,4.994
361.1800,440.442,2198.6865,4.992
361.2000,439.71,2195.0322,4.992
361.2200,445.443,2223.6514,4.992
361.2400,433.002,2163.2781,4.996
361.2600,434.587,2171.1965,4.996
361.2800,450.81,2251.3452,4.994
361.3000,437.637,2184.6838,4.992
361.3200,441.54,2204.1677,4.992
361.3400,440.442,2197.8054,4.99
361.3600,440.564,2199.2954,4.992
361.3800,593.03,2955.6619,4.984
361.4000,560.219,2795.4927,4.99
361.4200,556.072,2774.7993,4.99
361.4400,554.486,2767.9944,4.992
361.4600,479.961,2398.8452,4.998
361.4800,434.221,2169.3682,4.996
361.5000,433.124,2163.0212,4.994
361.5200,433.246,2162.7642,4.992
361.5400,447.029,2231.5688,4.992
361.5600,432.758,2160.3279,4.992
361.5800,431.538,2155.9636,4.996
361.6000,452.395,2258.3557,4.992
361.6200,432.514,2158.2449,4.99
361.6400,430.318,2148.1475,4.992
361.6600,431.294,2153.0198,4.992
361.6800,432.392,2157.636,4.99
361.7000,432.148,2157.283,4.992
361.7200,432.758,2161.1934,4.994
361.7400,432.636,2161.4492,4.996
361.7600,432.758,2162.0588,4.996
361.7800,434.953,2173.0251,4.996
361.8000,434.343,2169.9775,4.996
361.8200,434.343,2169.9775,4.996
361.8400,451.42,2252.5857,4.99
361.8600,450.932,2251.0527,4.992
361.8800,449.956,2246.1804,4.992
361.9000,459.583,2294.2385,4.992
361.9200,455.314,2273.8381,4.994
361.9400,536.18,2675.5381,4.99
361.9600,537.034,2680.8738,4.992
361.9800,536.058,2677.0735,4.994
362.0000,412.747,2062.084,4.996
362.0200,414.576,2071.2217,4.996
362.0400,414.332,2068.3455,4.992
362.0600,414.698,2071.8311,4.996
362.0800,416.284,2079.7549,4.996
362.1000,415.186,2073.439,4.994
362.1200,414.21,2067.7363,4.992
362.1400,413.844,2066.7368,4.994
362.1600,412.868,2062.6885,4.996
362.1800,412.625,2059.824,4.992
362.2000,413.234,2062.8643,4.992
362.2200,412.747,2060.4331,4.992
362.2400,423.48,2114.0122,4.992
362.2600,419.699,2095.1375,4.992
362.2800,420.797,2100.6187,4.992
362.3000,421.284,2103.0498,4.992
362.3200,422.016,2106.7039,4.992
362.3400,415.796,2076.4851,4.994
362.3600,424.578,2119.4934,4.992
362.3800,416.406,2079.5315,4.994
362.4000,414.706,2071.0417,4.994
362.4200,417.633,2084.824,4.992
362.4400,411.657,2056.6384,4.996
362.4600,411.535,2053.5596,4.99
362.4800,412.632,2059.8589,4.992
362.5000,413.608,2064.7312,4.992
362.5200,413.73,2066.1677,4.994
362.5400,416.048,2077.7437,4.994
362.5600,417.023,2082.6128,4.994
362.5800,415.56,2076.1377,4.996
362.6000,415.56,2075.3066,4.994
362.6200,413.852,2065.1213,4.99
362.6400,413.608,2063.9038,4.99
362.6600,412.754,2061.2935,4.994
362.6800,411.413,2053.7737,4.992
362.7000,412.266,2058.8564,4.994
362.7200,413.364,2063.5132,4.992
362.7400,414.462,2069.8232,4.994
362.7600,414.096,2067.9954,4.994
362.7800,414.828,2071.6511,4.994
362.8000,415.926,2077.1345,4.994
362.8200,415.194,2073.4788,4.994
362.8400,413.852,2065.9492,4.992
362.8600,412.632,2059.8589,4.992
362.8800,412.266,2058.032,4.992
362.9000,412.868,2060.2112,4.99
362.9200,412.625,2059.824,4.992
362.9400,414.332,2067.5166,4.99
362.9600,429.578,2144.4534,4.992
362.9800,414.698,2070.1724,4.992
363.0000,415.674,2075.876,4.994
363.0200,415.674,2076.7073,4.996
363.0400,415.064,2071.1692,4.99
363.0600,412.259,2057.9971,4.992
363.0800,425.309,2124.8438,4.996
363.1000,412.868,2061.0371,4.992
363.1200,412.381,2058.606,4.992
363.1400,412.259,2059.646,4.996
363.1600,413.722,2066.9551,4.996
363.1800,414.332,2068.3455,4.992
363.2000,414.82,2069.9517,4.99
363.2200,414.698,2071.0017,4.994
363.2400,416.528,2080.9739,4.996
363.2600,415.186,2073.439,4.994
363.2800,412.868,2061.8628,4.994
363.3000,412.503,2060.04,4.994
363.3200,412.015,2057.603,4.994
363.3400,412.868,2060.2112,4.99
363.3600,413.112,2062.2551,4.992
363.3800,413.6,2064.6912,4.992
363.4000,413.722,2066.1277,4.994
363.4200,415.308,2073.2175,4.992
363.4400,416.65,2080.75,4.994
363.4600,416.284,2078.0898,4.992
363.4800,413.6,2063.864,4.99
363.5000,412.625,2060.6492,4.994
363.5200,412.625,2059.824,4.992
363.5400,411.527,2055.1658,4.994
363.5600,413.722,2065.3003,4.992
363.5800,414.088,2066.2991,4.99
363.6000,413.6,2065.5183,4.994
363.6200,414.454,2068.9543,4.992
363.6400,415.308,2074.0481,4.994
363.6600,415.796,2076.4851,4.994
363.6800,414.82,2070.7815,4.992
363.7000,414.576,2070.3926,4.994
363.7200,411.649,2054.9519,4.992
363.7400,412.137,2057.3879,4.992
363.7600,412.381,2057.7812,4.99
363.7800,413.112,2061.4287,4.99
363.8000,413.844,2065.9092,4.992
363.8200,415.186,2072.6086,4.992
363.8400,416.65,2079.0835,4.99
363.8600,416.406,2079.5315,4.994
363.8800,413.966,2068.1741,4.996
363.9000,414.21,2068.5647,4.994
363.9200,412.747,2060.4331,4.992
363.9400,744.383,3705.5386,4.978
363.9600,636.806,3178.9358,4.992
363.9800,547.402,2735.9153,4.998
364.0000,437.141,2185.7051,5
364.0200,414.698,2072.6606,4.998
364.0400,412.625,2061.4744,4.996
364.0600,413.112,2063.0813,4.994
364.0800,435.921,2176.1177,4.992
364.1000,412.99,2060.8201,4.99
364.1200,413.112,2063.0813,4.994
364.1400,413.234,2062.8643,4.992
364.1600,413.112,2062.2551,4.992
364.1800,413.112,2063.0813,4.994
364.2000,414.698,2070.1724,4.992
364.2200,415.796,2076.4851,4.994
364.2400,414.82,2071.6111,4.994
364.2600,413.356,2064.2998,4.994
364.2800,412.381,2059.4307,4.994
364.3000,412.015,2056.7791,4.992
364.3200,412.503,2060.04,4.994
364.3400,412.625,2060.6492,4.994
364.3600,413.112,2062.2551,4.992
364.3800,414.088,2067.1274,4.992
364.4000,414.576,2071.2217,4.996
364.4200,415.552,2075.2666,4.994
364.4400,415.796,2075.6536,4.992
364.4600,414.576,2069.5635,4.992
364.4800,417.625,2086.4543,4.996
364.5000,412.625,2060.6492,4.994
364.5200,412.381,2058.606,4.992
364.5400,412.381,2059.4307,4.994
364.5600,413.112,2063.0813,4.994
364.5800,414.088,2067.9556,4.994
364.6000,421.04,2102.6738,4.994
364.6200,416.162,2077.4807,4.992
364.6400,417.137,2083.1821,4.994
364.6600,415.804,2075.6936,4.992
364.6800,414.95,2072.2603,4.994
364.7000,412.998,2062.512,4.994
364.7200,411.535,2054.3828,4.992
364.7400,411.901,2056.21,4.992
364.7600,412.998,2061.686,4.992
364.7800,414.096,2067.1672,4.992
364.8000,413.12,2062.2952,4.992
364.8200,414.462,2069.8232,4.994
364.8400,414.462,2069.8232,4.994
364.8600,414.95,2071.4304,4.992
364.8800,413.73,2065.3403,4.992
364.9000,413.73,2063.6853,4.988
364.9200,411.291,2052.342,4.99
364.9400,412.388,2059.4656,4.994
364.9600,412.998,2061.686,4.992
364.9800,412.998,2063.3379,4.996
365.0000,412.51,2059.25,4.992
365.0200,413.73,2064.5127,4.99
365.0400,415.194,2071.8179,4.99
365.0600,415.316,2072.4268,4.99
365.0800,414.218,2068.6045,4.994
365.1000,412.144,2058.2471,4.994
365.1200,417.145,2081.5535,4.99
365.1400,443.369,2212.4111,4.99
365.1600,762.083,3795.1733,4.98
365.1800,742.324,3702.7119,4.988
365.2000,738.909,3688.6338,4.992
365.2200,732.81,3659.6531,4.994
365.2400,739.397,3692.5483,4.994
365.2600,746.471,3726.3833,4.992
365.2800,744.885,3718.4661,4.992
365.3000,743.056,3709.3357,4.992
365.3200,741.348,3703.7747,4.996
365.3400,733.908,3666.6042,4.996
365.3600,1000.052,4978.2588,4.978
365.3800,1027.983,5125.5234,4.986
365.4000,1019.445,5087.0303,4.99
365.4200,1024.324,5111.3765,4.99
365.4400,1023.958,5111.5986,4.992
365.4600,1041.8879,5199.0205,4.99
365.4800,812.58,4066.1506,5.004
365.5000,736.469,3679.3989,4.996
365.5200,745.129,3719.6841,4.992
365.5400,763.669,3815.2903,4.996
365.5600,746.837,3729.7039,4.994
365.5800,741.836,3703.2454,4.992
365.6000,730.737,3649.3005,4.994
365.6200,736.469,3677.926,4.994
365.6400,746.227,3726.6575,4.994
365.6600,735.859,3674.8799,4.994
365.6800,729.761,3644.4263,4.994
365.7000,736.225,3678.1799,4.996
365.7200,740.372,3695.9373,4.992
365.7400,743.3,3713.5266,4.996
365.7600,740.86,3699.8547,4.994
365.7800,748.666,3737.3408,4.992
365.8000,748.179,3734.9097,4.992
365.8200,740.738,3700.7268,4.996
365.8400,745.861,3724.8298,4.994
365.8600,759.644,3789.104,4.988
365.8800,747.569,3730.3689,4.99
365.9000,733.42,3661.2327,4.992
365.9200,730.98,3651.9758,4.996
365.9400,750.74,3747.6941,4.992
365.9600,734.274,3668.4326,4.996
365.9800,754.155,3764.7419,4.992
366.0000,740.128,3696.1992,4.994
366.0200,750.13,3740.1482,4.986
366.0400,1003.345,5000.6714,4.984
366.0600,1043.474,5209.0225,4.992
366.0800,1023.592,5107.7236,4.99
366.1000,1037.741,5180.4028,4.992
366.1200,1043.84,5210.8491,4.992
366.1400,733.298,3669.4231,5.004
366.1600,749.642,3746.7109,4.998
366.1800,731.956,3656.8521,4.996
366.2000,740.86,3699.8547,4.994
366.2200,728.297,3635.6587,4.992
366.2400,749.642,3743.7122,4.994
366.2600,745.495,3721.511,4.992
366.2800,748.179,3734.9097,4.992
366.3000,752.692,3758.9438,4.994
366.3200,669.018,3342.4138,4.996
366.3400,742.568,3708.3845,4.994
366.3600,773.061,3859.1204,4.992
366.3800,750.74,3747.6941,4.992
366.4000,752.204,3756.5066,4.994
366.4200,744.153,3714.812,4.992
366.4400,751.106,3746.5168,4.988
366.4600,748.057,3734.3005,4.992
366.4800,753.545,3763.2036,4.994
366.5000,740.006,3697.0698,4.996
366.5200,750.13,3743.1484,4.99
366.5400,757.936,3780.5845,4.988
366.5600,745.251,3723.2737,4.996
366.5800,750.008,3745.5398,4.994
366.6000,757.692,3785.4292,4.996
366.6200,748.91,3741.5542,4.996
366.6400,756.839,3778.1404,4.992
366.6600,752.814,3761.0588,4.996
366.6800,770.256,3846.6584,4.994
366.7000,744.763,3719.3464,4.994
366.7200,732.078,3654.5334,4.992
366.7400,749.398,3745.4915,4.998
366.7600,732.81,3658.1875,4.992
366.7800,766.353,3824.1013,4.99
366.8000,755.619,3775.0725,4.996
366.8200,754.155,3764.7419,4.992
366.8400,750.984,3747.4099,4.99
366.8600,742.08,3707.4316,4.996
366.8800,743.788,3711.502,4.99
366.9000,740.386,3698.9683,4.996
366.9200,750.022,3745.6096,4.994
366.9400,746.607,3728.5554,4.994
366.9600,738.923,3688.7036,4.992
366.9800,721.48,3604.5139,4.996
367.0000,737.581,3683.4795,4.994
367.0200,727.945,3635.3574,4.994
367.0400,725.018,3619.29,4.992
367.0600,725.14,3621.3491,4.994
367.0800,724.286,3615.6357,4.992
367.1000,718.797,3589.6721,4.994
367.1200,722.822,3611.2188,4.996
367.1400,735.02,3667.7498,4.99
367.1600,737.581,3683.4795,4.994
367.1800,744.777,3719.4163,4.994
367.2000,727.945,3633.9016,4.992
367.2200,731.482,3648.6321,4.988
367.2400,733.19,3661.5508,4.994
367.2600,734.898,3670.0806,4.994
367.2800,745.021,3719.1448,4.992
367.3000,745.265,3718.8723,4.99
367.3200,735.629,3673.7314,4.994
367.3400,739.777,3692.9668,4.992
367.3600,770.88,3846.6912,4.99
367.3800,736.239,3675.3052,4.992
367.4000,729.639,3643.8171,4.994
367.4200,740.982,3698.9822,4.992
367.4400,733.664,3663.918,4.994
367.4600,741.226,3698.7175,4.99
367.4800,741.348,3702.292,4.994
367.5000,740.86,3698.373,4.992
367.5200,695.73,3474.4756,4.994
367.5400,741.104,3701.0735,4.994
367.5600,719.637,3593.8672,4.994
367.5800,704.756,3520.9607,4.996
367.6000,736.225,3675.2351,4.992
367.6200,737.811,3686.1035,4.996
367.6400,658.041,3288.8892,4.998
367.6600,737.689,3682.5437,4.992
367.6800,731.834,3656.2424,4.996
367.7000,685.729,3425.9019,4.996
367.7200,691.705,3455.7581,4.996
367.7400,688.29,3435.9436,4.992
367.7600,748.91,3740.0564,4.994
367.7800,729.151,3639.9219,4.992
367.8000,758.912,3790.0063,4.994
367.8200,553.389,2770.2651,5.006
367.8400,546.558,2730.6035,4.996
367.8600,543.631,2717.0676,4.998
367.8800,536.556,2678.4878,4.992
367.9000,537.532,2685.5098,4.996
367.9200,536.8,2681.8525,4.996
367.9400,413.608,2064.7312,4.992
367.9600,465.202,2320.4275,4.988
367.9800,541.069,2701.0164,4.992
368.0000,540.46,2697.9766,4.992
368.0200,416.779,2083.0615,4.998
368.0400,414.462,2071.4812,4.998
368.0600,417.267,2083.8313,4.994
368.0800,417.633,2086.4944,4.996
368.1000,417.877,2086.042,4.992
368.1200,416.292,2079.7947,4.996
368.1400,414.706,2071.0417,4.994
368.1600,414.462,2070.6521,4.996
368.1800,413.608,2064.7312,4.992
368.2000,413.242,2062.9041,4.992
368.2200,415.072,2072.0393,4.992
368.2400,415.804,2076.5251,4.994
368.2600,415.194,2071.8179,4.99
368.2800,416.292,2079.7947,4.996
368.3000,415.926,2076.3025,4.992
368.3200,417.145,2082.3879,4.992
368.3400,419.341,2095.0276,4.996
368.3600,422.756,2110.3979,4.992
368.3800,415.194,2073.4788,4.994
368.4000,415.926,2076.3025,4.992
368.4200,414.584,2070.4326,4.994
368.4400,413.608,2064.7312,4.992
368.4600,414.706,2070.2124,4.992
368.4800,413.486,2064.1221,4.992
368.5000,414.584,2069.6035,4.992
368.5200,415.926,2076.3025,4.992
368.5400,418.121,2088.9324,4.996
368.5600,416.414,2079.5715,4.994
368.5800,416.779,2080.5608,4.992
368.6000,415.926,2077.1345,4.994
368.6200,413.852,2066.7769,4.994
368.6400,412.876,2061.9028,4.994
368.6600,414.096,2067.1672,4.992
368.6800,412.998,2061.686,4.992
368.7000,415.072,2072.0393,4.992
368.7200,414.95,2072.2603,4.994
368.7400,414.706,2070.2124,4.992
368.7600,415.316,2074.0881,4.994
368.7800,415.072,2072.0393,4.992
368.8000,416.17,2078.353,4.994
368.8200,417.389,2084.4407,4.994
368.8400,417.511,2086.72,4.998
368.8600,416.901,2082.0037,4.994
368.8800,414.218,2066.9478,4.99
368.9000,413.608,2063.9038,4.99
368.9200,413.486,2064.1221,4.992
368.9400,413.974,2067.3862,4.994
368.9600,433.612,2162.8567,4.988
368.9800,414.584,2069.6035,4.992
369.0000,415.56,2075.3066,4.994
369.0200,416.535,2079.3428,4.992
369.0400,415.682,2075.0847,4.992
369.0600,417.267,2082.9968,4.992
369.0800,435.441,2174.5923,4.994
369.1000,416.17,2077.5208,4.992
369.1200,414.096,2067.9954,4.994
369.1400,412.876,2061.0771,4.992
369.1600,412.632,2060.6841,4.994
369.1800,413.242,2062.0774,4.99
369.2000,413.242,2062.9041,4.992
369.2200,414.218,2067.7761,4.992
369.2400,414.584,2069.6035,4.992
369.2600,416.292,2078.1296,4.992
369.2800,416.048,2078.5757,4.996
369.3000,416.657,2079.9519,4.992
369.3200,416.657,2080.7852,4.994
369.3400,416.414,2078.7388,4.992
369.3600,415.56,2076.1377,4.996
369.3800,413.364,2063.5132,4.992
369.4000,413.242,2063.7305,4.994
369.4200,412.876,2061.0771,4.992
369.4400,414.218,2067.7761,4.992
369.4600,414.95,2072.2603,4.994
369.4800,421.658,2104.9167,4.992
369.5000,416.17,2078.353,4.994
369.5200,417.023,2082.6128,4.994
369.5400,417.023,2081.7788,4.992
369.5600,416.292,2079.7947,4.996
369.5800,414.828,2071.6511,4.994
369.6000,413.852,2064.2937,4.988
369.6200,412.876,2061.0771,4.992
369.6400,413.242,2063.7305,4.994
369.6600,414.584,2068.7742,4.99
369.6800,415.56,2074.4756,4.992
369.7000,416.17,2079.1853,4.996
369.7200,419.707,2095.1775,4.992
369.7400,414.95,2071.4304,4.992
369.7600,416.048,2076.9116,4.992
369.7800,423.732,2116.1177,4.994
369.8000,416.901,2082.8374,4.996
369.8200,415.194,2072.6484,4.992
369.8400,412.388,2058.6409,4.992
369.8600,411.901,2055.386,4.99
369.8800,412.388,2059.4656,4.994
369.9000,412.266,2058.032,4.992
369.9200,592.176,2951.4055,4.984
369.9400,530.458,2649.1072,4.994
369.9600,420.804,2101.4951,4.994
369.9800,538.508,2686.0779,4.988
370.0000,497.037,2484.1909,4.998
370.0200,416.292,2080.6274,4.998
370.0400,414.34,2070.8713,4.998
370.0600,410.925,2052.1594,4.994
370.0800,411.779,2057.2478,4.996
370.1000,411.901,2055.386,4.99
370.1200,412.998,2062.512,4.994
370.1400,413.486,2064.949,4.994
370.1600,413.73,2065.3403,4.992
370.1800,413.608,2065.5583,4.994
370.2000,414.828,2071.6511,4.994
370.2200,414.584,2069.6035,4.992
370.2400,414.828,2071.6511,4.994
370.2600,413.73,2065.3403,4.992
370.2800,412.144,2059.0713,4.996
370.3000,421.292,2103.0896,4.992
370.3200,411.657,2054.1685,4.99
370.3400,412.998,2061.686,4.992
370.3600,417.999,2087.4871,4.994
370.3800,414.096,2067.1672,4.992
370.4000,414.584,2069.6035,4.992
370.4200,414.706,2071.8711,4.996
370.4400,416.292,2080.6274,4.998
370.4600,415.438,2074.6973,4.994
370.4800,412.998,2061.686,4.992
370.5000,410.925,2052.1594,4.994
370.5200,414.462,2068.1653,4.99
370.5400,418.975,2091.5232,4.992
370.5600,413.486,2064.949,4.994
370.5800,412.998,2062.512,4.994
370.6000,414.096,2067.1672,4.992
370.6200,415.194,2073.4788,4.994
370.6400,415.682,2076.7473,4.996
370.6600,414.828,2072.4807,4.996
370.6800,431.904,2157.7922,4.996
370.7000,556.682,2777.843,4.99
370.7200,420.073,2098.6846,4.996
370.7400,419.463,2095.6372,4.996
370.7600,413.364,2063.5132,4.992
370.7800,414.34,2070.0425,4.996
370.8000,414.584,2070.4326,4.994
370.8200,415.194,2072.6484,4.992
370.8400,414.828,2070.8215,4.992
370.8600,416.292,2079.7947,4.996
370.8800,413.486,2064.949,4.994
370.9000,415.194,2073.4788,4.994
370.9200,413.12,2062.2952,4.992
370.9400,411.779,2056.4243,4.994
370.9600,411.779,2054.7771,4.99
370.9800,412.144,2058.2471,4.994
371.0000,414.462,2069.8232,4.994
371.0200,417.511,2084.2148,4.992
371.0400,416.292,2078.9622,4.994
371.0600,415.194,2072.6484,4.992
371.0800,415.072,2073.6997,4.996
371.1000,414.95,2071.4304,4.992
371.1200,412.266,2058.8564,4.994
371.1400,413.364,2063.5132,4.992
371.1600,412.381,2057.7812,4.99
371.1800,411.649,2054.1284,4.99
371.2000,413.234,2062.8643,4.992
371.2200,412.503,2060.04,4.994
371.2400,414.088,2067.1274,4.992
371.2600,414.942,2073.05,4.996
371.2800,416.65,2080.75,4.994
371.3000,416.406,2079.5315,4.994
371.3200,413.6,2064.6912,4.992
371.3400,411.771,2054.7371,4.99
371.3600,412.015,2056.7791,4.992
371.3800,412.137,2056.5635,4.99
371.4000,412.007,2056.739,4.992
371.4200,413.227,2063.6555,4.994
371.4400,425.423,2122.8606,4.99
371.4600,414.202,2068.5247,4.994
371.4800,414.08,2066.259,4.99
371.5000,415.3,2074.8386,4.996
371.5200,414.568,2069.5234,4.992
371.5400,413.105,2064.699,4.998
371.5600,413.349,2062.6113,4.99
371.5800,412.007,2057.563,4.994
371.6000,412.617,2060.6094,4.994
371.6200,412.861,2061.0022,4.992
371.6400,413.471,2064.8743,4.994
371.6600,428.595,2140.4033,4.994
371.6800,414.202,2067.6963,4.992
371.7000,415.3,2074.0081,4.994
371.7200,415.91,2078.7183,4.998
371.7400,414.934,2071.3506,4.992
371.7600,466.77,2330.1157,4.992
371.7800,940.494,4674.2549,4.97
371.8000,755.468,3768.2744,4.988
371.8200,741.808,3701.6216,4.99
371.8400,731.441,3652.8162,4.994
371.8600,749.37,3739.3562,4.99
371.8800,751.443,3751.2036,4.992
371.9000,749.872,3744.8608,4.994
371.9200,746.213,3723.6028,4.99
371.9400,747.067,3729.3586,4.992
371.9600,730.479,3646.5513,4.992
371.9800,1006.863,5012.1641,4.978
372.0000,1025.403,5114.71,4.988
372.0200,1006.985,5024.855,4.99
372.0400,1017.962,5081.6665,4.992
372.0600,1021.012,5096.8921,4.992
372.0800,1024.549,5116.5977,4.994
372.1000,732.918,3668.9878,5.006
372.1200,740.602,3701.5288,4.998
372.1400,736.089,3677.5005,4.996
372.1600,765.85,3823.123,4.992
372.1800,747.921,3735.1174,4.994
372.2000,734.504,3666.6443,4.992
372.2200,732.308,3657.146,4.994
372.2400,738.895,3690.0417,4.994
372.2600,743.652,3712.3108,4.992
372.2800,729.625,3643.7473,4.994
372.3000,749.872,3743.3611,4.992
372.3200,746.457,3726.3132,4.992
372.3400,737.797,3684.5581,4.994
372.3600,739.992,3694.0403,4.992
372.3800,733.65,3663.8481,4.994
372.4000,740.466,3694.9253,4.99
372.4200,730.709,3649.1606,4.994
372.4400,739.003,3690.5808,4.994
372.4600,741.198,3701.5427,4.994
372.4800,784.009,3912.2046,4.99
372.5000,753.395,3763.9614,4.996
372.5200,811.817,4050.9668,4.99
372.5400,747.906,3733.5469,4.992
372.5600,749.614,3742.0732,4.992
372.5800,757.298,3781.946,4.994
372.6000,739.247,3690.321,4.992
372.6200,749.858,3744.7908,4.994
372.6400,1022.7,5095.0913,4.982
372.6600,1018.431,5081.9707,4.99
372.6800,1048.801,5235.6147,4.992
372.7000,1023.432,5111.0195,4.994
372.7200,1020.017,5091.9253,4.992
372.7400,847.92,4244.6875,5.006
372.7600,748.882,3745.9077,5.002
372.7800,744.003,3717.0388,4.996
372.8000,742.662,3710.3391,4.996
372.8200,736.685,3679.0049,4.994
372.8400,749.736,3745.6812,4.996
372.8600,728.27,3638.4368,4.996
372.8800,733.758,3665.8547,4.996
372.9000,743.759,3709.8696,4.988
372.9200,740.344,3697.2778,4.994
372.9400,733.148,3659.875,4.992
372.9600,749.98,3743.9001,4.992
372.9800,742.784,3710.9487,4.996
373.0000,741.808,3701.6216,4.99
373.0200,762.177,3806.312,4.994
373.0400,751.199,3752.99,4.996
373.0600,744.247,3716.7695,4.994
373.0800,747.906,3736.5383,4.996
373.1000,738.881,3688.4939,4.992
373.1200,756.688,3777.3865,4.992
373.1400,745.711,3725.572,4.996
373.1600,746.687,3730.4482,4.996
373.1800,744.125,3716.1602,4.994
373.2000,749.37,3743.8523,4.996
373.2200,741.32,3702.1521,4.994
373.2400,740.832,3699.7148,4.994
373.2600,740.588,3699.9775,4.996
373.2800,744.491,3716.4993,4.992
373.3000,743.028,3710.6819,4.994
373.3200,753.273,3761.8455,4.994
373.3400,738.881,3688.4939,4.992
373.3600,757.908,3786.5083,4.996
373.3800,743.637,3713.7231,4.994
373.4000,737.065,3680.9026,4.994
373.4200,745.969,3722.385,4.99
373.4400,738.651,3688.823,4.994
373.4600,734.626,3667.2529,4.992
373.4800,733.65,3663.8481,4.994
373.5000,734.748,3666.3923,4.99
373.5200,758.044,3787.1877,4.996
373.5400,750.726,3750.627,4.996
373.5600,734.504,3665.175,4.99
373.5800,731.942,3653.8547,4.992
373.6000,733.04,3662.2676,4.996
373.6200,725.722,3624.2556,4.994
373.6400,725.722,3622.8042,4.992
373.6600,722.063,3604.5386,4.992
373.6800,716.94,3580.3984,4.994
373.7000,718.404,3589.1462,4.996
373.7200,715.111,3572.6946,4.996
373.7400,719.136,3589.927,4.992
373.7600,729.381,3642.5286,4.994
373.7800,723.892,3613.6692,4.992
373.8000,719.136,3592.8032,4.996
373.8200,720.599,3600.1125,4.996
373.8400,727.308,3630.7214,4.992
373.8600,732.918,3661.6584,4.996
373.8800,740.48,3696.4761,4.992
373.9000,746.931,3730.1736,4.994
373.9200,735.344,3670.8374,4.992
373.9400,734.612,3668.6523,4.994
373.9600,738.637,3687.2761,4.992
373.9800,731.685,3655.498,4.996
374.0000,729.977,3642.585,4.99
374.0200,739.003,3690.5808,4.994
374.0400,729.489,3643.0681,4.994
374.0600,737.295,3680.5767,4.992
374.0800,735.466,3674.3879,4.996
374.1000,735.71,3671.1929,4.99
374.1200,743.515,3713.114,4.994
374.1400,744.369,3714.4011,4.99
374.1600,747.175,3728.4031,4.99
374.1800,662.285,3310.1003,4.998
374.2000,742.418,3706.1509,4.992
374.2200,749.858,3741.791,4.99
374.2400,692.533,3459.8948,4.996
374.2600,768.885,3836.7361,4.99
374.2800,745.345,3717.7808,4.988
374.3000,748.028,3737.1477,4.996
374.3200,703.022,3510.8916,4.994
374.3400,735.466,3671.4463,4.992
374.3600,752.541,3756.6848,4.992
374.3800,732.904,3657.1907,4.99
374.4000,746.457,3724.8201,4.99
374.4200,749.506,3741.5339,4.992
374.4400,574.723,2872.4658,4.998
374.4600,550.085,2747.1245,4.994
374.4800,424.334,2121.6702,5
374.5000,414.454,2072.27,5
374.5200,453.85,2265.6194,4.992
374.5400,538.742,2689.4001,4.992
374.5600,538.376,2686.4961,4.99
374.5800,412.747,2063.7351,5
374.6000,411.405,2054.5566,4.994
374.6200,412.503,2060.04,4.994
374.6400,412.868,2061.0371,4.992
374.6600,412.99,2062.4719,4.994
374.6800,414.942,2073.05,4.996
374.7000,413.966,2069.0022,4.998
374.7200,415.918,2077.0945,4.994
374.7400,416.772,2081.3594,4.994
374.7600,414.576,2072.0508,4.998
374.7800,421.04,2100.9895,4.99
374.8000,412.137,2059.0364,4.996
374.8200,412.381,2059.4307,4.994
374.8400,412.868,2061.0371,4.992
374.8600,412.381,2056.9565,4.988
374.8800,413.478,2065.7361,4.996
374.9000,413.592,2066.3057,4.996
374.9200,414.69,2070.9619,4.994
374.9400,415.422,2075.4482,4.996
374.9600,421.642,2105.6802,4.994
374.9800,414.69,2070.9619,4.994
375.0000,413.105,2061.3938,4.99
375.0200,410.665,2049.2183,4.99
375.0400,411.641,2055.7351,4.994
375.0600,413.349,2062.6113,4.99
375.0800,413.714,2066.915,4.996
375.1000,414.446,2068.9146,4.992
375.1200,414.69,2070.9619,4.994
375.1400,415.178,2073.3989,4.994
375.1600,416.276,2078.0498,4.992
375.1800,418.837,2090.8345,4.992
375.2000,417.373,2085.1953,4.996
375.2200,412.739,2060.3933,4.992
375.2400,411.031,2051.8669,4.992
375.2600,411.641,2054.9119,4.992
375.2800,412.861,2061.0022,4.992
375.3000,418.227,2087.7891,4.992
375.3200,415.056,2072.7896,4.994
375.3400,414.446,2070.5723,4.996
375.3600,416.154,2078.2729,4.994
375.3800,415.788,2076.4453,4.994
375.4000,415.186,2073.439,4.994
375.4200,415.064,2072.8296,4.994
375.4400,412.99,2060.8201,4.99
375.4600,411.771,2056.3843,4.994
375.4800,412.868,2061.0371,4.992
375.5000,412.99,2061.646,4.992
375.5200,413.966,2067.3462,4.994
375.5400,413.478,2064.9092,4.994
375.5600,414.698,2071.0017,4.994
375.5800,416.406,2078.6987,4.992
375.6000,429.091,2142.8804,4.994
375.6200,414.088,2068.7837,4.996
375.6400,412.137,2057.3879,4.992
375.6600,412.51,2058.4248,4.99
375.6800,410.925,2051.3376,4.992
375.7000,412.388,2058.6409,4.992
375.7200,412.388,2058.6409,4.992
375.7400,413.974,2067.3862,4.994
375.7600,413.242,2062.9041,4.992
375.7800,414.34,2067.5564,4.99
375.8000,594.981,2965.3855,4.984
375.8200,482.645,2411.2942,4.996
375.8400,413.486,2064.949,4.994
375.8600,415.682,2074.2532,4.99
375.8800,413.974,2067.3862,4.994
375.9000,413.73,2066.1677,4.994
375.9200,414.584,2070.4326,4.994
375.9400,412.388,2057.8159,4.99
375.9600,413.852,2067.6045,4.996
375.9800,414.34,2068.3853,4.992
376.0000,415.438,2074.6973,4.994
376.0200,551.437,2748.3621,4.984
376.0400,538.63,2688.8411,4.992
376.0600,413.974,2067.3862,4.994
376.0800,412.876,2061.9028,4.994
376.1000,412.266,2058.032,4.992
376.1200,411.901,2056.21,4.992
376.1400,412.632,2060.6841,4.994
376.1600,412.51,2059.25,4.992
376.1800,412.754,2059.6423,4.99
376.2000,413.608,2065.5583,4.994
376.2200,414.95,2071.4304,4.992
376.2400,415.682,2075.916,4.994
376.2600,417.145,2083.2222,4.994
376.2800,414.462,2069.8232,4.994
376.3000,411.901,2057.0337,4.994
376.3200,421.78,2105.5259,4.992
376.3400,413.852,2065.9492,4.992
376.3600,412.266,2058.8564,4.994
376.3800,413.242,2063.7305,4.994
376.4000,414.462,2070.6521,4.996
376.4200,413.608,2066.3855,4.996
376.4400,421.658,2104.9167,4.992
376.4600,414.95,2072.2603,4.994
376.4800,415.56,2076.1377,4.996
376.5000,415.682,2075.0847,4.992
376.5200,412.388,2058.6409,4.992
376.5400,412.144,2057.4229,4.992
376.5600,412.388,2058.6409,4.992
376.5800,412.144,2058.2471,4.994
376.6000,412.876,2061.9028,4.994
376.6200,414.096,2067.1672,4.992
376.6400,415.072,2073.6997,4.996
376.6600,415.194,2072.6484,4.992
376.6800,416.17,2079.1853,4.996
376.7000,415.804,2075.6936,4.992
376.7200,412.51,2059.25,4.992
376.7400,411.169,2052.5557,4.992
376.7600,413.608,2065.5583,4.994
376.7800,412.144,2057.4229,4.992
376.8000,413.12,2061.4688,4.99
376.8200,413.852,2065.1213,4.99
376.8400,414.584,2069.6035,4.992
376.8600,415.438,2073.8665,4.992
376.8800,434.587,2170.3274,4.994
376.9000,415.072,2073.6997,4.996
376.9200,414.218,2068.6045,4.994
376.9400,413.608,2066.3855,4.996
376.9600,430.44,2148.7566,4.992
376.9800,411.047,2052.7688,4.994
377.0000,412.51,2057.5999,4.988
377.0200,412.388,2059.4656,4.994
377.0400,414.096,2067.9954,4.994
377.0600,414.584,2071.2617,4.996
377.0800,415.804,2076.5251,4.994
377.1000,415.682,2075.916,4.994
377.1200,413.486,2065.7759,4.996
377.1400,412.754,2061.2935,4.994
377.1600,412.51,2060.075,4.994
377.1800,412.022,2056.814,4.992
377.2000,412.022,2059.2861,4.998
377.2200,412.022,2056.814,4.992
377.2400,412.754,2062.1189,4.996
377.2600,421.292,2103.9321,4.994
377.2800,414.828,2071.6511,4.994
377.3000,415.804,2077.3567,4.996
377.3200,415.316,2074.9187,4.996
377.3400,413.73,2067.8228,4.998
377.3600,412.266,2057.2073,4.99
377.3800,411.901,2056.21,4.992
377.4000,411.779,2054.7771,4.99
377.4200,412.396,2058.6809,4.992
377.4400,413.494,2065.8159,4.996
377.4600,413.86,2065.1611,4.99
377.4800,420.325,2099.9436,4.996
377.5000,413.982,2066.5981,4.992
377.5200,415.446,2075.5681,4.996
377.5400,415.202,2072.6885,4.992
377.5600,413.128,2063.9873,4.996
377.5800,412.762,2060.5078,4.992
377.6000,412.03,2057.6777,4.994
377.6200,412.396,2058.6809,4.992
377.6400,412.884,2061.9426,4.994
377.6600,412.152,2057.4629,4.992
377.6800,413.006,2062.552,4.994
377.7000,415.568,2075.3464,4.994
377.7200,416.177,2079.2202,4.996
377.7400,415.446,2074.7373,4.994
377.7600,413.494,2064.989,4.994
377.7800,418.495,2090.801,4.996
377.8000,614.63,3065.7744,4.988
377.8200,756.731,3773.0608,4.986
377.8400,745.509,3721.5808,4.992
377.8600,743.314,3710.6238,4.992
377.8800,705.136,3521.449,4.994
377.9000,735.995,3674.0872,4.992
377.9200,743.056,3710.8218,4.994
377.9400,737.201,3681.5818,4.994
377.9600,742.202,3708.0413,4.996
377.9800,748.666,3738.8381,4.994
378.0000,746.837,3731.1975,4.996
378.0200,1021.031,5084.7344,4.98
378.0400,1026.1541,5118.4565,4.988
378.0600,1029.813,5138.7666,4.99
378.0800,1022.861,5108.168,4.994
378.1000,1019.689,5094.3662,4.996
378.1200,847.83,4240.8457,5.002
378.1400,725.248,3624.7896,4.998
378.1600,739.763,3695.8557,4.996
378.1800,736.103,3677.5706,4.996
378.2000,742.812,3706.6318,4.99
378.2200,737.079,3680.9724,4.994
378.2400,737.567,3681.9346,4.992
378.2600,732.688,3660.509,4.996
378.2800,739.153,3689.8518,4.992
378.3000,745.007,3719.0752,4.992
378.3200,722.442,3607.8755,4.994
378.3400,738.665,3688.8928,4.994
378.3600,730.005,3642.7249,4.99
378.3800,745.617,3723.6113,4.994
378.4000,734.518,3666.7139,4.992
378.4200,730.493,3646.6211,4.992
378.4400,732.566,3659.8994,4.996
378.4600,733.42,3664.166,4.996
378.4800,731.956,3652.4602,4.99
378.5000,730.859,3648.4482,4.992
378.5200,723.784,3614.5771,4.994
378.5400,735.493,3671.5811,4.992
378.5600,731.59,3653.5605,4.994
378.5800,747.813,3734.5781,4.994
378.6000,744.763,3717.8569,4.992
378.6200,743.91,3715.0864,4.994
378.6400,734.884,3671.4802,4.996
378.6600,733.542,3660.3743,4.99
378.6800,1001.271,4988.332,4.982
378.7000,1014.81,5063.9019,4.99
378.7200,1042.254,5202.9321,4.992
378.7400,1048.963,5238.5215,4.994
378.7600,1020.177,5094.7637,4.994
378.7800,750.13,3755.1509,5.006
378.8000,740.25,3701.25,5
378.8200,726.955,3633.3213,4.998
378.8400,733.908,3666.6042,4.996
378.8600,725.492,3624.5579,4.996
378.8800,732.078,3655.9976,4.994
378.9000,723.296,3612.1404,4.994
378.9200,725.505,3623.1719,4.994
378.9400,747.705,3735.5342,4.996
378.9600,705.502,3524.688,4.996
378.9800,742.338,3705.7515,4.992
379.0000,748.681,3735.9182,4.99
379.0200,750.754,3746.2625,4.99
379.0400,747.095,3728.0037,4.99
379.0600,740.264,3696.8782,4.994
379.0800,754.901,3769.9756,4.994
379.1000,749.291,3741.9592,4.994
379.1200,741.728,3704.1897,4.994
379.1400,731.97,3653.9941,4.992
379.1600,744.763,3717.8569,4.992
379.1800,746.959,3728.8193,4.992
379.2000,741.592,3703.5103,4.994
379.2200,746.349,3727.2668,4.994
379.2400,745.495,3720.0198,4.99
379.2600,744.763,3720.8357,4.996
379.2800,743.056,3709.3357,4.992
379.3000,745.617,3722.1201,4.992
379.3200,750.984,3748.9124,4.992
379.3400,740.494,3698.0271,4.994
379.3600,737.567,3684.8848,4.996
379.3800,743.91,3713.5986,4.992
379.4000,733.176,3661.481,4.994
379.4200,731.82,3653.2456,4.992
379.4400,764.874,3818.2512,4.992
379.4600,745.725,3722.6592,4.992
379.4800,757.312,3782.0161,4.994
379.5000,738.407,3687.6045,4.994
379.5200,736.455,3679.3291,4.996
379.5400,756.214,3773.5076,4.99
379.5600,778.291,3886.7854,4.994
379.5800,755.361,3772.2729,4.994
379.6000,750.97,3750.344,4.994
379.6200,739.261,3690.3909,4.992
379.6400,741.334,3702.2219,4.994
379.6600,725.736,3622.8743,4.992
379.6800,724.394,3616.1748,4.992
379.7000,723.418,3612.7495,4.994
379.7200,721.589,3603.6155,4.994
379.7400,722.564,3607.0398,4.992
379.7600,718.661,3588.9932,4.994
379.7800,720.003,3592.8147,4.99
379.8000,744.519,3716.6389,4.992
379.8200,730.98,3649.0522,4.992
379.8400,740.25,3695.3281,4.992
379.8600,716.588,3578.6406,4.994
379.8800,730.249,3646.8635,4.994
379.9000,740.372,3695.9373,4.992
379.9200,743.788,3712.99,4.992
379.9400,731.102,3652.5854,4.996
379.9600,742.324,3705.6814,4.992
379.9800,734.518,3669.6519,4.996
380.0000,745.007,3717.585,4.99
380.0200,733.176,3662.9473,4.996
380.0400,737.811,3683.1523,4.992
380.0600,734.152,3666.355,4.994
380.0800,746.349,3725.7742,4.992
380.1000,735.25,3670.3682,4.992
380.1200,735.128,3671.2292,4.994
380.1400,735.737,3675.7419,4.996
380.1600,738.177,3684.9797,4.992
380.1800,737.445,3681.3254,4.992
380.2000,745.251,3720.293,4.992
380.2200,664.018,3316.106,4.994
380.2400,737.201,3681.5818,4.994
380.2600,745.861,3723.3384,4.992
380.2800,686.461,3428.1863,4.994
380.3000,733.176,3662.9473,4.996
380.3200,719.515,3590.3796,4.99
380.3400,767.328,3832.0361,4.994
380.3600,685.729,3424.5305,4.994
380.3800,720.491,3596.6914,4.992
380.4000,727.565,3634.9146,4.996
380.4200,729.273,3643.4478,4.996
380.4400,747.447,3732.7505,4.994
380.4600,577.417,2888.2397,5.002
380.4800,483.864,2421.2556,5.004
380.5000,541.313,2703.3171,4.994
380.5200,418.243,2091.2151,5
380.5400,415.682,2076.7473,4.996
380.5600,507.039,2530.1245,4.99
380.5800,537.288,2681.0671,4.99
380.6000,481.547,2404.8457,4.994
380.6200,412.754,2062.1189,4.996
380.6400,411.779,2056.4243,4.994
380.6600,413.852,2065.9492,4.992
380.6800,412.998,2061.686,4.992
380.7000,413.73,2065.3403,4.992
380.7200,415.682,2075.916,4.994
380.7400,416.048,2077.7437,4.994
380.7600,415.926,2076.3025,4.992
380.7800,415.194,2073.4788,4.994
380.8000,414.218,2068.6045,4.994
380.8200,412.51,2058.4248,4.99
380.8400,412.388,2058.6409,4.992
380.8600,412.998,2060.8599,4.99
380.8800,412.998,2062.512,4.994
380.9000,426.415,2129.5166,4.994
380.9200,601.202,2997.5933,4.986
380.9400,552.779,2759.4729,4.992
380.9600,419.097,2093.8083,4.996
380.9800,420.317,2099.063,4.994
381.0000,420.439,2099.6724,4.994
381.0200,421.17,2102.4807,4.992
381.0400,415.804,2074.8618,4.99
381.0600,415.316,2073.2576,4.992
381.0800,415.56,2075.3066,4.994
381.1000,415.194,2073.4788,4.994
381.1200,422.634,2110.6343,4.994
381.1400,632.671,3150.7017,4.98
381.1600,766.231,3821.9602,4.988
381.1800,412.388,2062.7646,5.002
381.2000,411.535,2055.2058,4.994
381.2200,413.242,2063.7305,4.994
381.2400,411.779,2057.2478,4.996
381.2600,413.852,2065.9492,4.992
381.2800,413.852,2066.7769,4.994
381.3000,413.73,2065.3403,4.992
381.3200,415.194,2074.3091,4.996
381.3400,424.708,2120.1423,4.992
381.3600,416.657,2082.4519,4.998
381.3800,414.34,2069.2139,4.994
381.4000,411.901,2056.21,4.992
381.4200,411.535,2053.5596,4.99
381.4400,410.925,2051.3376,4.992
381.4600,412.266,2057.2073,4.99
381.4800,412.632,2059.8589,4.992
381.5000,424.586,2119.5334,4.992
381.5200,413.974,2066.5583,4.992
381.5400,415.804,2074.8618,4.99
381.5600,415.926,2076.3025,4.992
381.5800,415.072,2072.0393,4.992
381.6000,413.608,2064.7312,4.992
381.6200,412.632,2059.8589,4.992
381.6400,413.242,2063.7305,4.994
381.6600,412.144,2055.7744,4.988
381.6800,412.022,2057.6379,4.994
381.7000,412.144,2056.5986,4.99
381.7200,413.608,2064.7312,4.992
381.7400,413.852,2065.9492,4.992
381.7600,415.194,2072.6484,4.992
381.7800,415.072,2073.6997,4.996
381.8000,414.34,2070.0425,4.996
381.8200,412.876,2061.9028,4.994
381.8400,411.657,2054.9919,4.992
381.8600,412.632,2059.8589,4.992
381.8800,412.998,2062.512,4.994
381.9000,413.486,2064.949,4.994
381.9200,427.139,2131.4236,4.99
381.9400,413.234,2062.8643,4.992
381.9600,414.82,2069.9517,4.99
381.9800,413.966,2067.3462,4.994
382.0000,415.796,2075.6536,4.992
382.0200,414.088,2068.7837,4.996
382.0400,412.625,2059.824,4.992
382.0600,544.84,2717.6621,4.988
382.0800,580.09,2894.6492,4.99
382.1000,412.381,2059.4307,4.994
382.1200,413.6,2065.5183,4.994
382.1400,412.625,2060.6492,4.994
382.1600,412.868,2061.0371,4.992
382.1800,412.625,2061.4744,4.996
382.2000,413.112,2061.4287,4.99
382.2200,414.942,2072.2202,4.994
382.2400,417.015,2082.573,4.994
382.2600,423.48,2113.165,4.99
382.2800,414.21,2069.3931,4.996
382.3000,412.015,2057.603,4.994
382.3200,411.283,2052.302,4.99
382.3400,415.796,2076.4851,4.994
382.3600,412.747,2060.4331,4.992
382.3800,413.966,2068.1741,4.996
382.4000,413.6,2064.6912,4.992
382.4200,413.478,2064.0823,4.992
382.4400,413.844,2066.7368,4.994
382.4600,415.186,2072.6086,4.992
382.4800,416.162,2078.313,4.994
382.5000,415.308,2074.0481,4.994
382.5200,413.478,2064.0823,4.992
382.5400,410.795,2050.6887,4.992
382.5600,418.845,2090.8743,4.992
382.5800,412.747,2060.4331,4.992
382.6000,413.478,2064.0823,4.992
382.6200,413.722,2064.4727,4.99
382.6400,414.332,2069.1741,4.994
382.6600,414.942,2073.05,4.996
382.6800,415.796,2075.6536,4.992
382.7000,415.308,2074.0481,4.994
382.7200,414.332,2068.3455,4.992
382.7400,413.112,2063.0813,4.994
382.7600,412.381,2057.7812,4.99
382.7800,416.772,2080.5259,4.992
382.8000,412.625,2059.824,4.992
382.8200,412.99,2062.4719,4.994
382.8400,414.576,2070.3926,4.994
382.8600,415.308,2074.0481,4.994
382.8800,415.796,2076.4851,4.994
382.9000,415.308,2074.0481,4.994
382.9200,414.95,2071.4304,4.992
382.9400,412.876,2061.9028,4.994
382.9600,604.007,3010.3711,4.984
382.9800,415.316,2075.7495,4.998
383.0000,416.048,2077.7437,4.994
383.0200,416.048,2078.5757,4.996
383.0400,417.267,2082.9968,4.992
383.0600,417.389,2085.2754,4.996
383.0800,416.657,2081.6184,4.996
383.1000,412.388,2058.6409,4.992
383.1200,412.51,2059.25,4.992
383.1400,412.754,2060.468,4.992
383.1600,416.406,2078.6987,4.992
383.1800,411.649,2055.7749,4.994
383.2000,418.723,2089.4277,4.99
383.2200,414.942,2071.3904,4.992
383.2400,414.698,2071.0017,4.994
383.2600,416.162,2079.1453,4.996
383.2800,416.528,2080.1409,4.994
383.3000,417.381,2085.2354,4.996
383.3200,412.625,2058.9985,4.99
383.3400,413.112,2063.0813,4.994
383.3600,413.6,2065.5183,4.994
383.3800,412.381,2058.606,4.992
383.4000,412.99,2060.8201,4.99
383.4200,412.99,2059.9941,4.988
383.4400,413.966,2067.3462,4.994
383.4600,413.478,2064.0823,4.992
383.4800,415.186,2073.439,4.994
383.5000,415.796,2076.4851,4.994
383.5200,415.918,2077.0945,4.994
383.5400,414.088,2067.9556,4.994
383.5600,410.551,2048.6494,4.99
383.5800,411.527,2054.3428,4.992
383.6000,412.503,2058.3899,4.99
383.6200,413.356,2063.4731,4.992
383.6400,413.966,2066.5183,4.992
383.6600,413.844,2065.0815,4.99
383.6800,414.454,2068.9543,4.992
383.7000,415.674,2075.0447,4.992
383.7200,415.186,2071.7781,4.99
383.7400,415.186,2073.439,4.994
383.7600,413.966,2067.3462,4.994
383.7800,411.771,2055.5608,4.992
383.8000,411.527,2055.1658,4.994
383.8200,415.064,2072.8296,4.994
383.8400,414.454,2069.7832,4.994
383.8600,414.21,2068.5647,4.994
383.8800,414.942,2073.8801,4.998
383.9000,416.772,2082.1929,4.996
383.9200,415.308,2072.387,4.99
383.9400,414.332,2070.0027,4.996
383.9600,412.137,2058.2122,4.994
383.9800,410.917,2051.2976,4.992
384.0000,411.649,2054.9519,4.992
384.0200,412.99,2062.4719,4.994
384.0400,427.383,2133.4958,4.992
384.0600,412.503,2060.04,4.994
384.0800,535.692,2670.9604,4.986
384.1000,535.936,2676.4641,4.994
384.1200,535.814,2675.8552,4.994
384.1400,536.302,2676.147,4.99
384.1600,412.015,2058.427,4.996
384.1800,412.868,2062.6885,4.996
384.2000,413.478,2064.0823,4.992
384.2200,414.088,2067.9556,4.994
384.2400,414.332,2068.3455,4.992
384.2600,416.528,2080.9739,4.996
384.2800,415.918,2076.2627,4.992
384.3000,413.722,2065.3003,4.992
384.3200,412.381,2058.606,4.992
384.3400,415.43,2072.9956,4.99
384.3600,412.137,2059.0364,4.996
384.3800,412.503,2060.04,4.994
384.4000,414.332,2068.3455,4.992
384.4200,413.112,2063.0813,4.994
384.4400,415.43,2072.9956,4.99
384.4600,415.43,2073.8267,4.992
384.4800,416.406,2080.3643,4.996
384.5000,413.966,2069.0022,4.998
384.5200,412.381,2058.606,4.992
384.5400,411.771,2055.5608,4.992
384.5600,411.893,2055.3459,4.99
384.5800,413.478,2064.9092,4.994
384.6000,413.356,2063.4731,4.992
384.6200,413.722,2065.3003,4.992
384.6400,414.576,2069.5635,4.992
384.6600,413.6,2063.864,4.99
384.6800,415.796,2076.4851,4.994
384.7000,415.674,2075.0447,4.992
384.7200,414.088,2067.9556,4.994
384.7400,411.893,2056.9937,4.994
384.7600,411.039,2053.5508,4.996
384.7800,412.381,2057.7812,4.99
384.8000,413.356,2062.6462,4.99
384.8200,413.722,2065.3003,4.992
384.8400,414.576,2069.5635,4.992
384.8600,431.164,2154.0952,4.996
384.8800,415.674,2075.876,4.994
384.9000,414.698,2071.0017,4.994
384.9200,414.462,2070.6521,4.996
384.9400,413.12,2062.2952,4.992
384.9600,417.389,2083.606,4.992
384.9800,412.754,2061.2935,4.994
385.0000,412.998,2062.512,4.994
385.0200,412.876,2061.0771,4.992
385.0400,413.608,2065.5583,4.994
385.0600,414.584,2069.6035,4.992
385.0800,415.682,2076.7473,4.996
385.1000,415.804,2076.5251,4.994
385.1200,421.048,2103.5557,4.996
385.1400,412.022,2055.9897,4.99
385.1600,412.51,2060.075,4.994
385.1800,412.388,2059.4656,4.994
385.2000,413.242,2062.0774,4.99
385.2200,413.12,2063.1213,4.994
385.2400,413.486,2064.949,4.994
385.2600,414.34,2069.2139,4.994
385.2800,415.072,2072.0393,4.992
385.3000,416.17,2078.353,4.994
385.3200,414.462,2068.9944,4.992
385.3400,413.608,2065.5583,4.994
385.3600,412.876,2061.0771,4.992
385.3800,414.096,2066.3389,4.99
385.4000,412.144,2058.2471,4.994
385.4200,412.754,2060.468,4.992
385.4400,412.876,2061.0771,4.992
385.4600,413.608,2065.5583,4.994
385.4800,419.341,2094.189,4.994
385.5000,421.17,2103.323,4.994
385.5200,415.926,2077.1345,4.994
385.5400,415.804,2076.5251,4.994
385.5600,413.608,2065.5583,4.994
385.5800,412.022,2056.814,4.992
385.6000,412.144,2058.2471,4.994
385.6200,412.876,2061.9028,4.994
385.6400,413.242,2062.9041,4.992
385.6600,413.242,2063.7305,4.994
385.6800,413.73,2067.8228,4.998
385.7000,413.486,2066.603,4.998
385.7200,412.876,2061.0771,4.992
385.7400,654573.5625,7911176.5,12.086
385.7600,414.096,2067.9954,4.994
385.7800,414.218,2067.7761,4.992
385.8000,1336420.125,2672.8403,0.002
385.8200,654049.25,6548341,10.012
385.8400,654049.25,6269716.5,9.586
385.8600,1192568.625,2385.1375,0.002
385.8800,653525,5243884.5,8.024
385.9000,654049.25,8757720,13.39
385.9200,411.901,2056.21,4.992
385.9400,654311.4375,3853894.25,5.89
385.9600,539.606,2694.7925,4.994
385.9800,417.145,2082.3879,4.992
386.0000,654311.4375,7389793,11.294
386.0200,1464346.375,2928.6929,0.002
386.0400,1288447.75,2576.8955,0.002
386.0600,1264461.625,2528.9233,0.002
386.0800,2143758,4287.5161,0.002
386.1000,654311.4375,6391314,9.768
386.1200,416.048,2076.0793,4.99
386.1400,1392387.875,2784.7759,0.002
386.1600,415.438,2074.6973,4.994
386.1800,415.56,2075.3066,4.994
386.2000,412.632,2060.6841,4.994
